Customer_ID,Industry,Company_Size,Subscription_Plan,Subscription_Fee_USD,Marketing_Channel,Website_Visits,Trial_Used,Sales_Contacted,Conversion_Status,Lifetime_Value,Churn_Status,Satisfaction_Score,Avg_Session_Time_mins,Features_Used_Count,Files_Created,Days_Active_in_Trial,Support_Tickets_Raised,Email_Click_Through_Rate,Competitor_Subscription_Price,AI_Feature_Usage_Flag,Cloud_Storage_Usage_GB,Plan_Upgrade_Flag,Plan_Downgrade_Flag,Login_Frequency_per_Week,Discount_Offered_USD,Engagement_Score,Trial_Dropoff_Flag,Last_Login_Days_Ago,Region,Device_Type
CUST_0001,Education,Mid,Business,48.38,Email,16,1,1,1,10325.97,0,5,74,5,154,29,5,0.97,29.51,1,48.68,0,1,10,2.65,79,1,17,Australia,Desktop App
CUST_0002,IT,Mid,Basic,95.89,Organic,3,1,0,0,1192.04,0,9,26,3,153,5,4,0.54,83.27,0,10.32,0,0,11,14.17,83,0,28,Australia,Mobile
CUST_0003,Marketing,Mid,Enterprise,82.06,Social Media,9,0,0,0,13396.73,0,7,164,13,66,7,2,0.27,66.27,1,40.57,0,0,3,23.01,22,1,59,Asia,Web
CUST_0004,Finance,Small,Basic,75.07,Referral,41,1,0,0,11768.32,0,7,26,11,91,22,1,0.58,112.09,1,30.78,0,0,1,48.73,58,1,6,North America,Desktop App
CUST_0005,Design,Enterprise,Basic,80.08,Organic,18,0,1,0,6612.16,0,10,95,11,79,28,4,0.83,40.41,0,25.6,0,0,14,39.08,97,1,0,Asia,Mobile
CUST_0006,Marketing,Small,Basic,85.47,Referral,18,1,0,1,3268.8,1,10,22,3,136,28,1,0.74,15.69,1,28.76,0,1,13,22.89,50,1,15,Europe,Mobile
CUST_0007,Education,Enterprise,Business,44.26,Paid Ads,3,0,0,0,6811.36,0,8,25,8,35,20,5,0.11,94.02,1,28.95,0,0,5,30.98,10,1,22,North America,Desktop App
CUST_0008,Design,Enterprise,Pro,23.76,Organic,19,1,0,0,883.26,0,6,63,8,4,12,0,0.83,126.07,0,9.64,0,0,13,10.05,57,1,34,Europe,Mobile
CUST_0009,Finance,Mid,Basic,71.52,Email,19,0,1,0,4565.8,0,6,111,3,110,27,4,0.63,94.95,0,8.2,0,0,5,37.26,23,0,24,North America,Mobile
CUST_0010,Healthcare,Mid,Basic,64.85,Organic,32,0,0,0,14739.83,0,4,169,21,144,22,4,0.17,66.94,1,34.37,0,0,9,17.97,65,1,39,Australia,Desktop App
CUST_0011,Design,Mid,Basic,31.7,Email,23,1,1,0,1550.51,0,10,163,13,121,11,2,0.14,21.77,1,1.41,0,0,11,13.65,24,1,14,Australia,Desktop App
CUST_0012,Finance,Mid,Business,77.01,Organic,41,1,0,0,14875.28,0,2,56,8,60,9,0,0.35,39.62,0,32.42,0,0,13,9.27,78,1,23,Australia,Mobile
CUST_0013,IT,Mid,Enterprise,93.18,Social Media,40,1,0,1,2276.85,0,6,57,14,162,12,2,0.29,88.42,0,5.68,0,0,13,33.7,55,1,17,Australia,Mobile
CUST_0014,Finance,Small,Business,27.38,Email,35,0,0,0,5594.98,0,5,73,24,166,2,2,0.65,78.27,0,45.14,0,0,11,15.98,60,0,28,Australia,Desktop App
CUST_0015,Marketing,Enterprise,Basic,14.53,Paid Ads,27,1,0,0,7382.1,0,5,36,3,86,30,1,0.31,65.57,0,32.29,0,0,4,21.42,77,0,33,Australia,Desktop App
CUST_0016,Design,Mid,Business,58.85,Paid Ads,37,1,0,0,10768.34,0,2,78,22,95,28,1,0.77,81.77,0,23.66,0,0,7,5.22,6,0,20,Europe,Mobile
CUST_0017,IT,Mid,Pro,115.81,Social Media,32,0,0,0,658.61,0,10,80,1,197,15,2,0.22,14.68,1,11.16,0,0,11,48.33,61,0,5,Australia,Desktop App
CUST_0018,IT,Enterprise,Business,89.82,Paid Ads,8,1,0,0,14146.21,0,1,118,15,5,26,3,0.27,111.84,1,15.1,0,0,4,24.13,87,0,54,Australia,Desktop App
CUST_0019,Design,Mid,Enterprise,14.44,Organic,39,0,0,0,5650.12,0,1,170,8,66,27,5,0.42,66.03,1,7.16,0,0,14,12.74,45,1,34,Europe,Desktop App
CUST_0020,Design,Mid,Pro,79.51,Referral,8,1,0,0,4618.12,0,4,100,24,181,22,0,0.7,12.06,0,21.01,0,0,3,43.4,70,1,4,Asia,Mobile
CUST_0021,Design,Small,Enterprise,117.51,Paid Ads,7,0,1,0,12434.17,0,1,74,20,150,27,4,0.73,82.98,0,16.49,0,0,8,9.1,15,1,24,North America,Mobile
CUST_0022,Education,Enterprise,Business,88.17,Paid Ads,34,0,1,0,12463.28,0,1,166,19,183,13,0,0.53,120.24,0,6.44,0,0,1,10.76,13,0,50,Europe,Desktop App
CUST_0023,Marketing,Small,Pro,98.91,Organic,22,1,1,1,14810.23,0,4,142,17,61,11,3,0.1,51.82,0,48.27,1,1,12,23.21,95,1,51,North America,Web
CUST_0024,Marketing,Enterprise,Basic,27.27,Email,11,0,0,0,8546.03,0,5,102,19,167,26,0,0.46,112.05,1,8.61,0,0,8,41.07,54,0,18,Asia,Desktop App
CUST_0025,Healthcare,Enterprise,Business,12.62,Social Media,15,0,0,0,277.92,0,8,30,13,104,7,1,0.43,9.66,0,49.89,0,0,6,49.59,88,0,28,Australia,Mobile
CUST_0026,Finance,Enterprise,Enterprise,105.34,Email,26,0,1,0,1810.76,0,7,121,9,82,27,5,0.45,48.89,1,31.25,0,0,5,24.77,56,1,13,Australia,Web
CUST_0027,Design,Small,Pro,58.93,Social Media,39,0,1,0,9968.37,0,2,6,1,22,12,4,0.64,38.54,1,30.85,0,0,6,45.8,74,1,1,North America,Desktop App
CUST_0028,Healthcare,Enterprise,Business,82,Email,5,0,0,0,2917.26,0,7,144,21,142,8,4,0.79,78.51,1,31.56,0,0,1,14.31,89,0,20,Asia,Desktop App
CUST_0029,Design,Small,Enterprise,96.04,Referral,44,1,0,1,3106.12,0,9,43,18,115,2,2,0.55,135.21,1,37.77,0,1,4,34.41,37,1,10,Asia,Mobile
CUST_0030,Marketing,Enterprise,Pro,67.62,Email,21,1,1,1,9612.48,0,10,45,23,176,25,1,0.78,73.92,1,21.06,0,0,10,7.88,23,1,4,Australia,Mobile
CUST_0031,Marketing,Mid,Pro,84.16,Referral,44,0,1,0,1577.86,0,3,75,12,170,29,4,0.21,82.65,0,45.9,0,0,5,10.52,49,0,22,Asia,Mobile
CUST_0032,Marketing,Mid,Pro,81.99,Organic,47,0,1,0,483.61,0,5,66,2,94,9,4,0.12,88.71,1,2.37,0,0,1,5.02,38,1,34,Australia,Desktop App
CUST_0033,Healthcare,Enterprise,Enterprise,73.37,Email,2,0,0,0,6138.72,0,7,139,23,40,27,3,0.11,121.92,1,14.8,0,0,14,8.25,36,1,47,Europe,Desktop App
CUST_0034,Healthcare,Enterprise,Basic,108.35,Organic,13,0,1,0,6000.23,0,8,117,9,57,19,2,0.59,45.99,1,48.08,0,0,11,49.91,58,0,51,Europe,Web
CUST_0035,IT,Enterprise,Pro,106.3,Email,49,0,1,0,8097.34,0,5,176,3,12,4,5,0.68,26.34,0,27.22,0,0,5,31.08,77,1,50,Europe,Desktop App
CUST_0036,Design,Enterprise,Pro,83.33,Email,29,0,0,0,6494.89,0,9,112,14,72,2,3,0.18,88.98,1,6.03,0,0,14,20.43,31,0,15,Australia,Web
CUST_0037,Marketing,Small,Business,111.33,Paid Ads,39,1,0,0,9869.62,0,6,56,24,113,10,0,0.72,148.88,0,8.23,0,0,13,9.56,44,1,53,Asia,Mobile
CUST_0038,Finance,Mid,Enterprise,107.38,Referral,27,1,0,1,6389.1,1,9,75,21,99,13,5,0.21,124.01,1,9.98,1,1,10,28.67,29,0,38,Asia,Mobile
CUST_0039,Finance,Enterprise,Enterprise,117.31,Social Media,4,1,0,0,580.97,0,6,47,9,52,5,0,0.13,102.96,0,47.39,0,0,8,49.28,7,1,36,Australia,Web
CUST_0040,IT,Mid,Enterprise,50.18,Email,48,0,1,0,8637.31,0,6,12,22,103,9,5,0.62,68.86,0,49.76,0,0,12,21.41,32,1,60,Australia,Desktop App
CUST_0041,Design,Enterprise,Basic,49.02,Referral,42,0,1,0,2386.18,0,6,174,3,127,21,2,0.65,105.55,1,11.41,0,0,14,40.97,47,0,24,Australia,Web
CUST_0042,Healthcare,Small,Enterprise,23.88,Social Media,35,0,0,0,2872.81,0,5,69,20,101,16,5,0.31,146.41,1,12.29,0,0,5,45.52,48,1,55,Australia,Web
CUST_0043,IT,Enterprise,Business,39.86,Social Media,2,1,0,1,11925.49,0,2,179,19,198,4,1,0.11,5.24,1,10.07,1,1,14,46.52,50,1,2,Australia,Desktop App
CUST_0044,Finance,Mid,Basic,74.29,Social Media,46,0,0,0,11325.73,0,4,33,1,198,1,2,0.95,64.62,0,34.31,0,0,4,29.37,48,0,26,Asia,Mobile
CUST_0045,Healthcare,Small,Business,69.56,Organic,44,1,1,0,2280.06,0,1,100,24,141,12,2,0.89,84.34,0,23.72,0,0,1,7.15,94,1,35,Australia,Desktop App
CUST_0046,Finance,Small,Basic,91.13,Paid Ads,9,0,1,0,4996.57,0,6,157,17,3,4,3,0.74,87.75,0,12.96,0,0,5,8.47,81,0,40,Europe,Desktop App
CUST_0047,Design,Mid,Basic,78.86,Referral,42,1,1,1,4028.14,0,4,101,6,112,15,3,0.75,130.71,1,28.95,0,0,11,11.5,10,0,40,North America,Desktop App
CUST_0048,Design,Mid,Basic,66.16,Social Media,15,0,0,0,14430.7,0,5,8,3,9,9,3,0.54,89.64,0,33.34,0,0,1,2.38,14,0,14,Australia,Mobile
CUST_0049,Education,Enterprise,Basic,67.6,Organic,14,1,0,1,1406.35,0,6,59,24,14,15,5,0.56,79.48,1,36.58,1,0,1,10.18,29,0,46,Asia,Mobile
CUST_0050,IT,Enterprise,Business,70.3,Email,2,0,1,0,1678.94,0,8,77,8,176,12,4,0.32,69.08,0,25.33,0,0,13,25.98,13,0,39,North America,Web
CUST_0051,Finance,Enterprise,Enterprise,19.61,Referral,46,1,1,0,2436.19,0,8,109,12,159,24,5,0.73,25.63,1,39.05,0,0,2,14.45,19,0,59,North America,Desktop App
CUST_0052,Design,Small,Enterprise,34.9,Email,49,1,1,0,3373.32,0,5,64,2,96,1,2,0.16,46.91,1,24.58,0,0,6,42.2,59,1,16,Australia,Web
CUST_0053,Design,Enterprise,Enterprise,23.53,Social Media,14,0,0,0,7418.2,0,1,41,2,177,6,4,0.79,117.11,0,7.59,0,0,1,28.57,66,0,57,Europe,Web
CUST_0054,Education,Enterprise,Basic,100.46,Paid Ads,21,0,0,0,8432.78,0,1,113,7,173,16,5,0.12,63.04,0,7.44,0,0,13,48.61,34,1,50,North America,Web
CUST_0055,Design,Mid,Business,18.51,Organic,30,0,1,0,10581.67,0,5,135,5,130,26,3,0.17,143.76,1,39.93,0,0,1,4.72,43,1,39,Asia,Mobile
CUST_0056,Design,Enterprise,Basic,88.95,Referral,40,0,0,0,12729.3,0,7,46,13,127,16,3,0.11,113,1,16.17,0,0,3,18.52,27,1,38,Europe,Web
CUST_0057,Finance,Mid,Basic,63.44,Referral,27,0,1,0,4266.7,0,6,33,16,200,20,1,0.16,149.1,0,29.28,0,0,7,47.73,70,0,7,Asia,Mobile
CUST_0058,Finance,Small,Pro,22.17,Social Media,19,0,0,0,2959.72,0,1,9,22,113,26,5,0.69,17.23,1,27.03,0,0,2,13.38,72,0,31,Asia,Desktop App
CUST_0059,Healthcare,Small,Business,90.71,Referral,14,1,0,0,4196.98,0,5,161,13,163,7,2,0.58,8.16,1,8.13,0,0,1,43.25,31,0,33,North America,Web
CUST_0060,Finance,Mid,Pro,19.99,Organic,7,0,1,0,6677.21,0,7,150,22,53,23,4,0.08,147.27,0,38.53,0,0,6,42.27,21,0,42,Australia,Web
CUST_0061,Design,Enterprise,Business,83.91,Email,15,0,0,0,6567.78,0,6,103,11,2,9,4,0.82,76.66,1,17.62,0,0,9,11.83,30,1,42,Australia,Web
CUST_0062,Education,Mid,Enterprise,67.69,Paid Ads,25,1,0,0,10043.73,0,10,145,17,6,3,0,0.15,86.31,0,30.38,0,0,12,23.66,35,1,33,Australia,Web
CUST_0063,Marketing,Small,Pro,29.11,Social Media,26,0,0,0,8073.89,0,9,115,16,12,1,5,1,78.29,1,36.71,0,0,9,16.69,38,1,8,Europe,Desktop App
CUST_0064,Healthcare,Small,Enterprise,40.76,Social Media,36,1,1,0,6498.82,0,5,91,22,96,5,3,0.58,57,1,49.23,0,0,1,2.44,66,1,0,Asia,Desktop App
CUST_0065,Design,Mid,Business,18.91,Email,8,0,1,0,10692.77,0,10,23,16,189,4,4,0.92,124.56,0,44.27,0,0,8,8.02,70,1,7,Europe,Desktop App
CUST_0066,Healthcare,Enterprise,Pro,93.21,Paid Ads,29,0,0,0,1523.14,0,3,6,22,119,9,2,0.84,76.63,0,22.92,0,0,14,1.06,61,1,59,North America,Mobile
CUST_0067,Marketing,Enterprise,Enterprise,23.63,Paid Ads,45,0,0,0,5093.11,0,3,90,20,128,19,1,0.96,16.05,1,44.26,0,0,14,36.01,50,0,26,Asia,Desktop App
CUST_0068,IT,Mid,Enterprise,29.55,Referral,45,0,0,0,11032.07,0,6,21,9,123,15,5,0.54,61.1,0,1.91,0,0,5,7.35,90,1,51,North America,Desktop App
CUST_0069,Healthcare,Mid,Business,111.3,Organic,21,0,1,0,8402.91,0,8,75,18,92,7,5,0.29,58.15,0,30.03,0,0,13,42.95,90,1,14,Australia,Web
CUST_0070,IT,Enterprise,Basic,118.22,Email,34,0,1,0,4047.24,0,5,77,25,6,30,3,0.31,60.1,0,14.29,0,0,8,23.47,4,0,18,Asia,Desktop App
CUST_0071,Marketing,Mid,Basic,34.24,Referral,43,1,0,0,8556.93,0,10,24,21,55,1,5,0.04,144.56,1,36.16,0,0,5,16.82,83,1,16,Europe,Desktop App
CUST_0072,Design,Mid,Pro,67.74,Organic,44,0,0,0,2727.81,0,9,72,22,38,3,1,0.24,148.19,1,30.43,0,0,13,37.28,100,1,39,Asia,Web
CUST_0073,Education,Small,Pro,98.98,Organic,8,1,0,1,349.16,1,3,150,10,61,30,3,0.32,36.19,0,25.76,1,1,11,3.01,55,0,58,Australia,Desktop App
CUST_0074,Design,Enterprise,Basic,54.23,Referral,22,1,1,1,14746.56,1,6,84,20,195,15,0,0.61,141.82,0,39.32,0,1,3,24.89,20,1,30,North America,Desktop App
CUST_0075,Healthcare,Mid,Pro,33.83,Paid Ads,18,0,0,0,1386.97,0,5,87,3,134,16,2,0.34,149.58,0,9.86,0,0,2,24.81,52,1,12,Asia,Web
CUST_0076,Marketing,Mid,Enterprise,114.8,Email,10,1,1,0,11938.5,0,2,42,14,84,30,3,0.06,101.18,1,30.9,0,0,2,48.91,39,1,34,Europe,Web
CUST_0077,Design,Enterprise,Pro,59.12,Organic,37,0,0,0,5530.45,0,9,173,7,104,1,3,0.49,96.87,1,28.61,0,0,13,18.78,37,0,30,Australia,Desktop App
CUST_0078,Design,Mid,Business,38.98,Organic,10,1,1,0,10192.07,0,3,65,20,43,10,5,0.68,125.73,0,0.63,0,0,10,39.63,47,0,48,Asia,Desktop App
CUST_0079,Design,Small,Basic,119.81,Social Media,5,1,0,1,11172.01,0,6,126,2,157,4,3,0.8,138.2,1,31.81,0,1,4,7.14,47,1,47,Australia,Web
CUST_0080,Marketing,Small,Business,89.95,Organic,39,0,0,0,11539.21,0,5,114,24,124,26,5,0.54,17.49,1,4.27,0,0,8,21.2,87,0,4,Asia,Desktop App
CUST_0081,Healthcare,Small,Basic,111.47,Organic,37,0,0,0,12820.36,0,10,50,10,109,9,4,0.22,137.56,1,38.45,0,0,10,6.51,81,0,33,Europe,Mobile
CUST_0082,IT,Enterprise,Enterprise,30.91,Email,11,1,1,1,2747.71,0,8,9,1,177,22,0,0.51,34.02,0,14.87,0,1,6,36.87,24,1,4,Asia,Web
CUST_0083,Healthcare,Enterprise,Business,118.34,Email,16,1,1,0,7806.53,0,6,126,24,87,23,4,0.62,147.8,0,28.02,0,0,11,22.12,52,0,52,North America,Desktop App
CUST_0084,Healthcare,Small,Enterprise,28.18,Social Media,18,1,1,1,1088.25,1,1,116,24,122,10,2,0.98,134.97,0,29.3,1,0,12,30.25,12,0,55,North America,Web
CUST_0085,Marketing,Enterprise,Basic,84.27,Organic,28,0,0,0,9470.98,0,9,124,7,180,4,1,0.32,113.81,0,2.3,0,0,14,9.23,92,1,50,Europe,Mobile
CUST_0086,Education,Enterprise,Business,85.45,Social Media,13,1,1,0,5911.68,0,10,134,17,191,21,5,0.52,14.67,0,29.49,0,0,12,40.77,92,0,19,North America,Web
CUST_0087,Design,Enterprise,Basic,96.94,Organic,20,0,1,0,5894.19,0,6,179,5,41,18,3,0.53,89.81,1,37.1,0,0,6,49.56,84,0,44,Australia,Mobile
CUST_0088,Marketing,Small,Enterprise,57.38,Social Media,25,0,1,0,14224.9,0,2,95,15,154,16,5,0.8,116.21,1,30.94,0,0,3,20.99,19,0,18,North America,Web
CUST_0089,Education,Small,Enterprise,92.87,Organic,49,1,1,1,14300.7,0,3,18,21,199,18,2,0.72,141.56,0,19.48,0,0,2,22.19,63,0,28,Asia,Web
CUST_0090,IT,Mid,Pro,56.11,Social Media,21,0,0,0,8432.31,0,4,79,18,70,13,1,0.55,87.17,1,11.68,0,0,2,8.18,49,1,37,Europe,Web
CUST_0091,Design,Enterprise,Enterprise,26.41,Email,40,1,0,0,11489.19,0,2,24,17,130,29,2,0.65,127.41,0,1.5,0,0,1,21.89,88,1,14,North America,Web
CUST_0092,Education,Small,Enterprise,38.89,Email,32,0,1,0,11553.12,0,7,113,12,54,11,2,0.77,34.76,1,26.32,0,0,13,45.14,85,1,13,Europe,Mobile
CUST_0093,Design,Mid,Pro,47.23,Email,34,1,1,0,541.93,0,4,49,19,76,29,2,0.26,72.66,0,28.29,0,0,11,45.24,6,1,50,North America,Web
CUST_0094,Marketing,Enterprise,Basic,96.57,Social Media,37,1,1,1,11620.85,1,10,54,10,21,13,1,0.75,40.16,1,41.66,0,1,8,29.21,83,1,16,North America,Desktop App
CUST_0095,Marketing,Mid,Enterprise,54.67,Organic,40,0,1,0,13302.14,0,3,97,12,100,6,5,0.5,137.09,0,6.11,0,0,9,33.86,78,1,29,Australia,Web
CUST_0096,IT,Small,Basic,78.99,Paid Ads,46,0,1,0,10892.05,0,2,144,4,92,26,4,0.95,20.54,1,40.45,0,0,13,30.86,36,1,43,Australia,Mobile
CUST_0097,Design,Mid,Basic,63.23,Organic,1,1,0,0,7313.06,0,2,16,23,148,21,5,0.85,116.61,0,45.07,0,0,8,49.14,19,0,56,Australia,Web
CUST_0098,Design,Mid,Business,116.09,Email,4,1,0,0,11748.62,0,8,44,15,35,12,4,0.23,134.87,0,10.42,0,0,6,1.15,11,0,18,Europe,Desktop App
CUST_0099,Design,Small,Pro,40.58,Email,47,0,0,0,6107.78,0,7,114,16,171,5,2,0.47,13.39,1,36.33,0,0,14,36.65,77,0,45,Asia,Web
CUST_0100,Design,Enterprise,Enterprise,39.52,Paid Ads,6,0,0,0,513.5,0,3,61,19,10,11,3,0.92,33.71,0,15.57,0,0,12,13.51,92,1,5,North America,Mobile
CUST_0101,IT,Mid,Enterprise,29.21,Social Media,7,0,1,0,14618.49,0,10,63,10,1,5,3,0.59,115.01,1,24.9,0,0,7,6.95,9,0,1,Europe,Mobile
CUST_0102,Finance,Enterprise,Pro,41.52,Paid Ads,14,0,1,0,2853.19,0,7,49,23,127,30,5,0.86,16.91,1,37.15,0,0,5,7.36,55,1,47,Asia,Mobile
CUST_0103,Marketing,Enterprise,Basic,41.23,Email,21,0,0,0,1400.08,0,8,136,7,178,28,0,0.55,23.25,0,42.81,0,0,12,3.95,96,0,19,Europe,Mobile
CUST_0104,Finance,Enterprise,Enterprise,95,Paid Ads,29,0,0,0,11933.05,0,8,46,18,5,28,5,0.44,125.72,0,36.84,0,0,12,6.04,81,1,28,Europe,Web
CUST_0105,IT,Mid,Basic,81.18,Referral,7,1,1,0,11925.8,0,6,16,25,63,4,0,0.09,137.86,1,28.14,0,0,6,10.52,24,1,12,Australia,Mobile
CUST_0106,Design,Small,Pro,37.98,Referral,18,1,0,0,4692.55,0,2,79,22,155,18,0,0.7,132.02,0,21.88,0,0,13,38.63,83,0,34,North America,Web
CUST_0107,Healthcare,Enterprise,Basic,48.19,Referral,36,1,0,0,9624.81,0,9,122,14,142,2,1,0.42,60.96,1,36.13,0,0,6,5.47,64,1,47,Australia,Desktop App
CUST_0108,Healthcare,Small,Basic,74.78,Referral,36,0,0,0,615.54,0,1,153,10,35,10,0,0.59,30.52,0,30.31,0,0,8,23.57,50,1,60,Asia,Web
CUST_0109,Education,Small,Business,111.83,Email,29,1,1,0,14554.57,0,5,15,9,20,22,5,0.84,38.2,0,0.55,0,0,12,7.32,59,0,32,North America,Desktop App
CUST_0110,Education,Enterprise,Basic,61.61,Organic,6,0,1,0,12841.24,0,4,176,5,107,2,0,0.31,146.95,1,11.58,0,0,1,43.64,86,0,26,North America,Desktop App
CUST_0111,Healthcare,Small,Enterprise,58.58,Paid Ads,44,0,0,0,7270.77,0,6,135,9,55,10,4,0.22,6.7,1,47,0,0,8,25.6,71,1,47,North America,Desktop App
CUST_0112,IT,Small,Basic,92.04,Paid Ads,20,1,1,1,14303.42,0,3,180,3,149,29,2,0.73,102.89,0,38.4,1,1,13,23.74,78,1,0,North America,Desktop App
CUST_0113,Design,Mid,Business,95.19,Email,15,0,0,0,5197.7,0,1,43,5,138,9,4,0.71,123.94,0,25.85,0,0,6,37.79,36,0,26,Asia,Web
CUST_0114,IT,Enterprise,Business,100.52,Social Media,19,1,0,0,14493.16,0,5,65,14,3,22,0,0.04,44.37,1,40.51,0,0,11,18.92,31,1,5,Europe,Desktop App
CUST_0115,Finance,Enterprise,Basic,115.96,Social Media,17,1,0,1,11069.51,1,2,47,3,182,21,2,0.83,73.92,0,44.91,0,0,2,49.54,77,1,26,North America,Web
CUST_0116,Education,Mid,Pro,109.83,Email,50,0,1,0,541.96,0,3,173,16,36,6,3,0.39,149.36,0,39.83,0,0,14,22.1,19,1,42,Australia,Desktop App
CUST_0117,Healthcare,Enterprise,Enterprise,104.87,Organic,28,0,1,0,13155.07,0,5,98,1,84,28,1,0.64,27.16,0,35.48,0,0,2,13.47,28,0,24,Australia,Mobile
CUST_0118,Design,Small,Business,78.29,Email,7,0,1,0,3042.91,0,4,58,12,155,24,0,0.54,26.38,0,4.47,0,0,9,23.91,32,1,58,Asia,Desktop App
CUST_0119,Design,Small,Basic,117.96,Organic,11,0,0,0,5617.07,0,10,122,8,107,13,1,0.35,12.11,1,48.76,0,0,12,34.96,69,0,16,Australia,Desktop App
CUST_0120,Education,Enterprise,Business,18.23,Organic,44,0,1,0,10562.98,0,6,58,7,63,17,2,0.53,41.6,1,7.66,0,0,1,36.32,47,1,0,Australia,Desktop App
CUST_0121,Design,Small,Pro,67.49,Paid Ads,12,1,1,1,9013.01,1,2,94,17,128,9,4,0.91,112.23,0,11.46,1,1,5,8.17,96,1,57,Asia,Desktop App
CUST_0122,Healthcare,Enterprise,Pro,31.61,Organic,23,1,0,0,4736.42,0,2,143,12,4,26,0,0.43,103.03,1,34.29,0,0,3,32.08,94,1,11,Asia,Web
CUST_0123,Design,Enterprise,Pro,98.85,Email,10,1,0,1,10452.88,1,1,174,5,75,3,0,0.74,133.06,1,29.75,0,0,9,41.95,37,1,0,Europe,Web
CUST_0124,Education,Small,Pro,47.38,Social Media,9,1,0,1,2274.02,1,7,169,1,102,20,2,0.7,100.3,0,5.9,1,1,13,35.73,81,1,49,Europe,Desktop App
CUST_0125,Education,Small,Enterprise,113.97,Social Media,34,1,1,1,13290.92,1,5,93,24,35,12,2,0.3,96.24,0,46.45,0,1,1,4.31,69,0,22,Europe,Mobile
CUST_0126,Design,Small,Business,92.62,Organic,25,1,0,1,9585.86,1,6,171,17,159,5,2,0.3,119.75,0,20.96,0,0,9,10.18,88,0,20,North America,Desktop App
CUST_0127,Finance,Small,Pro,108.48,Email,19,0,1,0,5151.5,0,3,28,25,198,5,5,0.6,13.25,0,17.19,0,0,3,28.77,92,1,0,Europe,Web
CUST_0128,Finance,Mid,Business,50.05,Paid Ads,38,0,1,0,2905.84,0,3,31,16,86,1,3,0.14,44.61,1,1.49,0,0,12,2.19,18,0,27,Australia,Desktop App
CUST_0129,Design,Enterprise,Pro,101.48,Referral,32,0,0,0,10195.46,0,9,157,11,198,26,4,0.55,60.33,1,19.07,0,0,11,6.87,4,1,13,Australia,Mobile
CUST_0130,IT,Mid,Business,50.47,Social Media,14,1,1,1,13920.83,1,1,151,23,9,29,5,0.23,41.19,0,43.55,1,1,2,5.99,47,0,53,Asia,Desktop App
CUST_0131,Education,Small,Business,39.8,Referral,6,1,0,0,13189.91,0,7,109,4,192,22,3,0.24,10.71,0,42.12,0,0,13,42.89,31,1,16,Australia,Desktop App
CUST_0132,Marketing,Small,Enterprise,67.53,Email,15,0,1,0,10597.57,0,1,46,18,95,27,4,0.88,113.33,0,13.13,0,0,9,18.93,27,0,13,North America,Web
CUST_0133,Finance,Mid,Basic,72.14,Referral,44,1,1,0,13717.23,0,6,148,21,194,4,4,0.2,99.71,0,14.17,0,0,10,45.57,58,1,10,Europe,Mobile
CUST_0134,Marketing,Mid,Pro,94.79,Organic,15,1,1,0,279.53,0,9,152,1,124,18,0,1,40.07,1,31.17,0,0,11,4.27,15,1,38,Europe,Desktop App
CUST_0135,IT,Enterprise,Pro,113.42,Social Media,39,0,0,0,8583.72,0,6,174,12,112,11,3,0.32,66.15,0,27.57,0,0,4,32.92,6,1,52,North America,Desktop App
CUST_0136,Healthcare,Small,Basic,95.3,Organic,38,1,0,1,10271.7,1,9,103,18,8,2,3,0.32,50.07,1,32.34,0,1,6,40.88,81,1,44,Asia,Web
CUST_0137,Education,Enterprise,Enterprise,69.15,Email,19,1,0,0,318.56,0,6,68,18,176,22,1,0.43,82.66,1,4.24,0,0,12,29.61,43,0,44,Asia,Mobile
CUST_0138,Education,Enterprise,Pro,96.85,Paid Ads,18,0,1,0,5041.1,0,5,109,5,165,7,0,0.83,43.93,1,30.88,0,0,2,7.18,94,0,51,Asia,Desktop App
CUST_0139,IT,Mid,Enterprise,29.12,Organic,19,1,1,0,4251.89,0,6,22,23,194,3,2,0.27,78.25,0,30.92,0,0,3,40,34,0,12,North America,Mobile
CUST_0140,Marketing,Mid,Basic,21.88,Email,41,0,0,0,13508.89,0,8,106,14,48,24,0,0.13,6.51,0,8.78,0,0,11,16.25,24,1,53,Asia,Desktop App
CUST_0141,Education,Small,Pro,50.2,Paid Ads,41,1,1,1,13180.57,0,10,151,14,1,18,1,0.26,119.33,1,6.55,1,0,1,36.15,23,1,36,Australia,Mobile
CUST_0142,Design,Mid,Basic,80.2,Organic,22,0,1,0,11612.94,0,3,110,1,23,26,2,0.75,145.15,0,24.77,0,0,11,27.3,91,0,43,Asia,Desktop App
CUST_0143,Marketing,Small,Pro,69.07,Referral,26,1,0,0,7882.85,0,5,101,3,78,19,2,0.46,143.33,0,42.6,0,0,9,43.94,52,0,29,Australia,Mobile
CUST_0144,Healthcare,Mid,Enterprise,43.22,Paid Ads,50,0,1,0,11895.95,0,4,108,22,190,29,5,0.72,94.73,1,26.55,0,0,14,19.24,10,1,54,Asia,Web
CUST_0145,IT,Mid,Business,83.92,Organic,20,1,1,0,13536.75,0,5,75,16,105,13,0,0.44,61.95,0,15.75,0,0,11,40.93,64,1,44,North America,Desktop App
CUST_0146,Design,Small,Pro,80.23,Social Media,24,0,1,0,1967.5,0,5,167,22,107,28,2,0.66,118.36,0,25.91,0,0,9,14.09,16,1,7,Europe,Desktop App
CUST_0147,Education,Mid,Basic,43.29,Paid Ads,4,1,1,0,12938.32,0,2,137,8,142,11,2,0.09,69.89,1,45.08,0,0,9,14.18,93,1,10,North America,Web
CUST_0148,IT,Enterprise,Basic,73.12,Social Media,1,1,1,1,6200.1,0,4,143,14,181,24,1,0.01,87.41,1,42.35,1,1,3,47.37,3,0,47,Australia,Mobile
CUST_0149,Healthcare,Small,Pro,79.9,Email,12,0,1,0,1780.44,0,4,15,23,162,22,5,0.36,28.41,0,26.96,0,0,4,30.25,36,0,12,Asia,Mobile
CUST_0150,Design,Small,Basic,53.64,Referral,16,0,0,0,14398.45,0,9,166,23,168,29,2,0.81,117.17,1,22.05,0,0,10,39.16,31,0,35,North America,Web
CUST_0151,Education,Mid,Pro,34.09,Organic,42,0,1,0,942.49,0,4,117,12,53,20,4,0.66,131.32,1,20.03,0,0,3,35.33,33,0,21,North America,Mobile
CUST_0152,Finance,Mid,Basic,92.72,Paid Ads,47,1,0,0,6149.19,0,3,11,3,151,14,5,0.63,71.81,1,42.95,0,0,4,2.37,80,1,55,Asia,Desktop App
CUST_0153,Finance,Mid,Basic,88.04,Organic,24,1,0,0,7087.53,0,2,94,4,15,28,2,0.47,45.37,1,44.16,0,0,12,47.92,45,1,53,Europe,Web
CUST_0154,Healthcare,Enterprise,Basic,36.12,Organic,1,0,0,0,2363.99,0,7,167,8,170,13,2,0.32,77.96,0,13.71,0,0,6,2.77,84,0,15,Europe,Mobile
CUST_0155,Design,Mid,Enterprise,74.92,Paid Ads,8,1,0,0,3908.02,0,6,77,2,8,29,5,0.02,21.19,0,8.93,0,0,1,31.71,37,0,19,North America,Desktop App
CUST_0156,Finance,Enterprise,Basic,11.3,Social Media,15,1,1,1,10119.13,1,4,118,2,86,14,5,0.34,83.6,1,32.04,1,1,5,10.44,18,1,55,Australia,Web
CUST_0157,Finance,Enterprise,Pro,108.35,Social Media,6,0,1,0,7635.3,0,2,88,2,105,14,1,0.47,34.93,1,22.91,0,0,8,2.13,52,0,35,Asia,Desktop App
CUST_0158,Marketing,Enterprise,Pro,46.7,Referral,6,0,1,0,7597.63,0,5,160,3,16,26,2,0.72,26.42,0,21.44,0,0,3,0.15,61,1,31,Australia,Web
CUST_0159,Marketing,Small,Pro,100.85,Referral,6,0,1,0,10326.56,0,9,163,24,5,14,3,0.63,9.06,1,7.77,0,0,3,7.3,3,1,42,North America,Desktop App
CUST_0160,Healthcare,Small,Basic,42.82,Organic,8,0,1,0,1027.64,0,5,34,14,178,1,4,0.4,69.2,1,30.28,0,0,2,34.56,42,1,60,North America,Desktop App
CUST_0161,Design,Mid,Business,91.23,Organic,23,1,1,1,1584.55,0,10,50,18,25,7,4,0.88,142.74,1,7.25,1,1,9,20.53,94,1,26,Asia,Mobile
CUST_0162,Healthcare,Small,Business,39.65,Referral,12,0,1,0,14474.71,0,10,38,16,140,13,3,0.39,131.71,1,11.18,0,0,11,31.25,43,1,1,Asia,Desktop App
CUST_0163,Design,Enterprise,Enterprise,99.08,Social Media,24,1,0,0,11888.76,0,5,152,1,12,26,2,0.92,43.9,0,3.1,0,0,4,21.14,9,0,39,Australia,Mobile
CUST_0164,Design,Mid,Pro,110.91,Referral,18,0,0,0,7296.71,0,2,58,23,159,20,2,0.57,31.72,1,43.54,0,0,5,46.99,86,0,34,Australia,Desktop App
CUST_0165,Healthcare,Small,Business,25.71,Email,5,0,0,0,6549.03,0,8,172,17,153,22,0,0.63,139.82,1,28.78,0,0,2,27.17,66,1,17,Australia,Web
CUST_0166,Healthcare,Small,Pro,30.19,Organic,38,0,1,0,3711.7,0,10,9,19,178,4,4,0.64,75.9,1,4.29,0,0,12,18.54,34,1,0,North America,Web
CUST_0167,IT,Enterprise,Enterprise,13.79,Social Media,1,0,1,0,11533.23,0,10,66,6,115,7,4,0.8,44.69,0,24.59,0,0,14,20.62,69,1,21,North America,Desktop App
CUST_0168,Education,Mid,Business,58.94,Email,38,1,0,1,1938.99,1,5,164,13,128,9,1,0.13,8.28,1,18.2,1,1,9,18.44,20,1,23,Australia,Desktop App
CUST_0169,Finance,Small,Pro,118.57,Email,29,1,0,1,8023.74,1,5,14,1,117,13,3,0.77,147.62,1,10.89,0,1,9,40.73,95,1,20,North America,Mobile
CUST_0170,Finance,Small,Enterprise,88.78,Referral,24,1,1,0,1226.23,0,7,138,4,110,17,4,0.45,27.94,1,15.43,0,0,11,2.21,74,1,22,Asia,Web
CUST_0171,Education,Mid,Business,101.02,Paid Ads,47,0,0,0,2578.66,0,7,112,14,80,17,5,0.28,109.08,1,49.6,0,0,2,46.69,26,0,43,Asia,Web
CUST_0172,IT,Mid,Business,17.69,Paid Ads,49,1,0,1,11558.76,0,2,123,2,16,3,4,0.18,80.91,0,28.38,1,0,3,26.43,45,1,48,Asia,Mobile
CUST_0173,Healthcare,Small,Enterprise,78.55,Social Media,34,1,1,0,13968.42,0,10,55,23,17,14,1,0.26,119.08,0,25.1,0,0,12,32.2,5,0,34,Australia,Desktop App
CUST_0174,Healthcare,Mid,Business,33.83,Paid Ads,28,0,0,0,2249,0,2,21,9,148,5,3,0.03,54.1,1,40.95,0,0,4,5.4,41,1,4,North America,Web
CUST_0175,Education,Small,Business,50.36,Referral,22,1,0,1,4191.69,0,4,164,2,124,16,1,0.76,39.28,0,39.41,0,1,5,22.84,21,1,56,Australia,Mobile
CUST_0176,Education,Mid,Business,25.93,Organic,43,0,0,0,11444.68,0,10,70,23,16,27,4,0.93,54.95,0,48.43,0,0,8,1.55,76,0,51,Asia,Web
CUST_0177,Education,Enterprise,Business,11.23,Organic,30,0,0,0,12471.49,0,8,46,3,111,11,4,0.35,10.47,1,7.77,0,0,4,13.71,80,1,17,Asia,Web
CUST_0178,Finance,Enterprise,Enterprise,79.96,Email,3,0,0,0,12661.95,0,3,32,14,125,15,5,0.08,60.49,1,32.39,0,0,14,18.48,9,0,55,North America,Web
CUST_0179,IT,Mid,Enterprise,84.01,Organic,2,0,0,0,2197.83,0,7,46,6,176,28,3,0.95,132.92,0,14.94,0,0,2,15.52,40,1,32,North America,Desktop App
CUST_0180,Marketing,Mid,Pro,106.28,Email,28,0,1,0,6261.26,0,4,49,21,116,10,5,0.21,122.13,1,25.08,0,0,4,18.69,43,1,26,Europe,Web
CUST_0181,Finance,Mid,Basic,10.07,Social Media,38,1,0,0,10487.39,0,8,6,25,88,26,2,0.66,16.69,0,25.79,0,0,2,39.33,81,1,43,Australia,Mobile
CUST_0182,Healthcare,Mid,Pro,87.28,Email,14,1,1,0,7546.02,0,3,89,4,139,23,4,0.88,135.08,0,26.42,0,0,7,34.51,90,1,5,Asia,Desktop App
CUST_0183,Design,Enterprise,Enterprise,62.76,Email,21,0,1,0,7499.15,0,6,39,15,9,29,5,0.76,56.69,1,32.55,0,0,8,34.01,94,0,57,Asia,Web
CUST_0184,Education,Mid,Enterprise,70.46,Paid Ads,20,1,0,1,1655.25,1,10,126,20,4,17,3,0.07,85.97,0,13.04,1,1,12,19,36,0,27,Asia,Mobile
CUST_0185,Design,Mid,Enterprise,51.33,Email,44,1,0,0,11959.64,0,1,99,23,170,13,0,0.15,103.04,0,10.2,0,0,6,30.46,31,1,41,North America,Mobile
CUST_0186,Finance,Enterprise,Enterprise,22.97,Organic,17,1,1,1,970.92,1,2,121,4,55,16,4,0.42,113.41,1,29.61,0,0,5,45.23,77,1,1,Asia,Web
CUST_0187,Healthcare,Enterprise,Pro,113.41,Email,18,1,0,1,13632.34,0,8,41,12,41,27,0,0.24,119.75,1,28.13,1,1,7,49.09,82,0,39,Australia,Mobile
CUST_0188,Finance,Enterprise,Pro,90.67,Email,3,1,0,1,10366.92,0,3,157,4,158,16,1,0.33,131.09,0,46.41,1,0,12,11.12,59,1,23,Europe,Mobile
CUST_0189,Marketing,Mid,Basic,71.17,Social Media,39,1,1,0,9353.54,0,2,11,3,199,21,4,0.65,137.16,1,14.28,0,0,12,2.17,57,0,38,Australia,Web
CUST_0190,Finance,Enterprise,Business,84.02,Organic,49,1,0,0,1835.55,0,6,135,8,122,1,3,0.44,46.86,0,22.68,0,0,3,17.54,37,1,56,North America,Desktop App
CUST_0191,Design,Enterprise,Enterprise,45.81,Paid Ads,20,0,1,0,2060.2,0,3,83,23,42,6,0,0.79,142.84,1,1.86,0,0,7,41.81,92,0,49,Europe,Web
CUST_0192,Finance,Enterprise,Enterprise,93.79,Social Media,24,1,0,1,1865.67,0,5,19,3,55,29,1,0.98,109.35,1,43.7,1,1,10,49.83,46,1,47,Australia,Desktop App
CUST_0193,Marketing,Enterprise,Business,104.89,Social Media,31,0,0,0,1395.37,0,4,7,8,14,1,1,0.77,15.95,1,19.49,0,0,6,41.93,44,0,21,Asia,Mobile
CUST_0194,Healthcare,Mid,Enterprise,25.98,Organic,35,0,0,0,8312.57,0,4,151,8,8,24,4,0.88,93.13,1,7.5,0,0,10,47.33,81,1,50,Asia,Web
CUST_0195,Design,Enterprise,Pro,88.98,Social Media,4,0,0,0,963.81,0,6,46,24,96,26,1,0.55,29.46,1,10.92,0,0,3,15.19,100,1,7,North America,Mobile
CUST_0196,Healthcare,Enterprise,Enterprise,16.27,Referral,35,0,1,0,10897.93,0,5,145,11,150,4,0,0.3,74.34,1,34.63,0,0,4,41.65,25,1,15,North America,Web
CUST_0197,Finance,Small,Business,24.26,Paid Ads,11,1,0,1,10559.77,1,10,57,8,56,5,3,0.09,66.16,0,7.37,0,1,12,46.32,57,0,4,Asia,Mobile
CUST_0198,Healthcare,Enterprise,Enterprise,41.49,Paid Ads,45,1,1,0,7540.12,0,2,87,17,190,9,1,0.57,142.93,0,25.93,0,0,3,41.15,58,0,26,Australia,Mobile
CUST_0199,Education,Small,Basic,21.08,Referral,11,0,1,0,9630.82,0,2,120,9,131,13,2,0.29,17.22,0,7.81,0,0,11,30.62,9,1,36,Europe,Desktop App
CUST_0200,Marketing,Mid,Basic,19.87,Paid Ads,2,0,0,0,13898.13,0,7,149,6,71,21,3,0.57,54.47,0,43.05,0,0,7,13.2,25,1,13,Asia,Mobile
CUST_0201,IT,Small,Business,86.59,Organic,26,1,0,0,911.52,0,3,24,2,64,23,4,0.67,37.27,1,3.73,0,0,5,26.49,82,1,23,Asia,Desktop App
CUST_0202,Marketing,Mid,Pro,84.07,Social Media,7,1,1,1,4917.44,0,8,104,21,181,23,3,0.26,121.45,1,27.13,1,0,5,28.51,88,0,33,Australia,Desktop App
CUST_0203,Marketing,Mid,Enterprise,47.27,Social Media,47,1,0,1,14554.83,1,3,103,25,81,12,0,0.07,78.64,1,34.7,0,1,4,9.74,15,1,3,Australia,Mobile
CUST_0204,Education,Mid,Basic,45.68,Referral,1,0,1,0,6052.14,0,9,39,12,191,25,3,0.97,132.15,0,8.71,0,0,8,19.39,34,0,18,Europe,Desktop App
CUST_0205,Finance,Small,Enterprise,13.55,Social Media,15,0,0,0,6857.07,0,7,32,14,85,29,2,0.21,34.49,0,34.38,0,0,1,40.83,9,1,36,Europe,Web
CUST_0206,Marketing,Mid,Business,85.64,Organic,35,0,0,0,6490.57,0,4,110,13,198,30,0,0.19,50.96,0,24.02,0,0,10,21.21,4,1,6,Europe,Desktop App
CUST_0207,Design,Enterprise,Pro,74.19,Email,27,0,1,0,7146.71,0,1,89,1,118,13,3,0.25,27.73,1,1.23,0,0,10,43.25,93,0,52,Australia,Web
CUST_0208,Marketing,Small,Pro,17.88,Organic,40,1,1,1,4937.34,0,6,52,15,87,15,3,0.72,50.12,0,23.34,0,0,14,32.32,22,0,37,Asia,Web
CUST_0209,Design,Small,Basic,15.44,Email,39,1,1,0,13969.18,0,6,99,4,3,17,1,0.06,94.27,1,40.8,0,0,6,1.79,14,0,57,Australia,Web
CUST_0210,Healthcare,Small,Basic,50.82,Organic,29,0,1,0,13419.62,0,5,168,16,131,15,3,0.04,51.11,1,23.65,0,0,2,13.57,82,1,31,North America,Web
CUST_0211,IT,Small,Basic,89.28,Organic,39,0,0,0,12118.58,0,1,142,18,124,18,0,0.95,66.57,0,44.94,0,0,2,28.13,67,0,35,North America,Desktop App
CUST_0212,IT,Mid,Enterprise,34.8,Referral,6,1,1,1,1030.75,0,1,45,15,188,15,4,0.27,104.81,0,18.28,0,1,2,44.54,41,0,47,Australia,Desktop App
CUST_0213,Marketing,Enterprise,Enterprise,69.48,Organic,4,0,0,0,10505.28,0,7,100,5,81,27,4,0.51,78.2,1,16.82,0,0,9,4.35,93,1,20,Europe,Mobile
CUST_0214,Finance,Enterprise,Basic,65.72,Referral,45,1,0,1,2773.06,0,10,42,23,54,3,3,0.15,85.56,1,13.69,0,0,4,3.61,10,0,23,Europe,Mobile
CUST_0215,IT,Small,Enterprise,96.41,Paid Ads,47,0,0,0,5683.11,0,3,178,12,44,6,0,0.61,104.01,0,26.5,0,0,11,3.93,64,1,51,Europe,Desktop App
CUST_0216,Marketing,Mid,Basic,41.95,Social Media,15,1,1,1,10589.99,0,5,34,9,110,15,4,0.91,55.11,1,13.61,1,0,10,38.87,76,0,17,Asia,Mobile
CUST_0217,IT,Enterprise,Pro,18.02,Paid Ads,46,0,0,0,14927.99,0,9,49,2,127,22,1,0.09,27.65,1,5.64,0,0,5,19.15,83,0,47,Europe,Desktop App
CUST_0218,IT,Small,Enterprise,67.48,Referral,27,1,0,1,2777.74,1,4,144,9,162,13,1,0.59,39.23,0,43.35,1,1,12,25.99,34,0,22,Europe,Desktop App
CUST_0219,Design,Mid,Basic,79.93,Referral,26,1,1,0,7920.47,0,4,57,15,193,12,3,0.5,109.49,1,19.41,0,0,2,1.33,23,1,19,Europe,Desktop App
CUST_0220,Finance,Enterprise,Enterprise,39.87,Organic,9,0,1,0,7115.21,0,4,136,4,19,16,2,0.34,136.01,1,22.51,0,0,1,45.19,32,1,53,Europe,Desktop App
CUST_0221,Marketing,Enterprise,Basic,48.35,Referral,23,1,1,0,12515.15,0,3,143,8,12,30,2,0.2,131.16,1,3.35,0,0,7,44.7,54,1,23,Asia,Web
CUST_0222,Marketing,Small,Enterprise,89.4,Referral,11,0,1,0,11331.6,0,8,126,12,193,6,5,0.14,30.12,1,14.68,0,0,12,34.99,4,1,27,Asia,Desktop App
CUST_0223,Marketing,Enterprise,Business,72.8,Paid Ads,43,0,1,0,9717.37,0,2,163,19,185,6,1,0.25,94.99,0,37.45,0,0,3,20.35,61,0,5,Asia,Mobile
CUST_0224,IT,Enterprise,Pro,46.16,Referral,34,1,0,1,14251.58,0,3,37,5,43,16,2,0.49,139.47,0,40.84,1,0,5,36.31,68,0,31,Europe,Mobile
CUST_0225,Finance,Mid,Enterprise,99.41,Email,13,0,1,0,8590.59,0,5,64,17,113,14,3,0.38,48.55,0,43.29,0,0,7,2.76,46,0,48,North America,Web
CUST_0226,Design,Small,Business,59.87,Organic,30,1,1,0,8699.77,0,5,109,12,70,7,4,0.47,106.63,0,4.35,0,0,14,2.73,94,0,19,Asia,Desktop App
CUST_0227,Education,Enterprise,Business,26.78,Organic,27,0,1,0,6047.78,0,2,7,12,46,20,0,0.65,9.47,0,47.3,0,0,13,43.28,59,0,38,Australia,Desktop App
CUST_0228,Marketing,Small,Enterprise,39.41,Email,18,1,1,1,4242.57,0,10,51,2,193,9,5,0.67,32.35,1,5.08,0,1,4,32.66,21,0,10,North America,Web
CUST_0229,Finance,Mid,Business,112.4,Referral,24,1,1,1,135.45,1,5,68,12,150,8,2,0.8,58.53,0,35.26,1,1,8,16.75,85,1,12,Asia,Desktop App
CUST_0230,Marketing,Enterprise,Pro,98.24,Email,49,0,0,0,4998.84,0,4,46,4,12,2,1,0.78,68.11,1,9.05,0,0,5,18.99,14,1,41,Asia,Desktop App
CUST_0231,Marketing,Mid,Business,32.53,Email,8,0,1,0,9013.4,0,1,72,24,34,5,2,0.83,53.85,1,6.45,0,0,10,9.36,46,0,2,North America,Desktop App
CUST_0232,Finance,Mid,Pro,11.16,Social Media,21,1,1,1,12289.44,0,1,179,7,23,9,0,0.27,109.36,0,11.5,0,0,1,47.67,31,0,57,Europe,Mobile
CUST_0233,Education,Small,Basic,88.56,Social Media,35,0,1,0,14458.13,0,2,146,15,52,6,5,0.74,94.53,0,9.44,0,0,13,35.67,66,1,16,Europe,Web
CUST_0234,Marketing,Enterprise,Business,34.57,Paid Ads,19,0,1,0,13023.45,0,5,151,11,1,9,4,0.54,75.61,1,38.05,0,0,1,26.06,8,1,5,Asia,Web
CUST_0235,Finance,Enterprise,Pro,68.88,Paid Ads,41,1,0,0,3111.97,0,3,118,10,95,24,4,0.88,49.46,0,2.63,0,0,11,48.27,24,0,38,Europe,Mobile
CUST_0236,Design,Enterprise,Business,116.2,Organic,2,1,1,0,9987.93,0,10,141,19,101,14,1,0.63,21.76,0,40.7,0,0,5,14.33,27,0,30,Asia,Web
CUST_0237,Education,Enterprise,Business,44.56,Paid Ads,7,1,0,1,333.53,0,3,75,25,179,7,3,0.83,91.78,0,4.55,0,1,6,46.98,79,1,29,Australia,Mobile
CUST_0238,Finance,Mid,Basic,73.19,Organic,23,0,1,0,595.19,0,5,170,18,87,19,1,0.5,70.76,1,39,0,0,6,29.11,16,1,52,Europe,Mobile
CUST_0239,IT,Enterprise,Business,25.12,Organic,11,0,0,0,13227.42,0,4,124,11,123,15,1,0.45,8.17,1,3.08,0,0,7,33.36,77,1,35,Europe,Desktop App
CUST_0240,IT,Enterprise,Pro,117.66,Social Media,1,0,1,0,6168.41,0,7,146,3,117,21,4,0.53,65.2,0,36.27,0,0,12,17.12,54,1,58,North America,Desktop App
CUST_0241,Healthcare,Enterprise,Enterprise,115.44,Organic,41,0,0,0,3910.37,0,8,81,24,86,16,3,0.64,114.88,0,33.79,0,0,12,21.97,73,0,50,Australia,Mobile
CUST_0242,Education,Small,Pro,105.7,Organic,36,1,0,0,3931.56,0,10,41,4,133,24,3,0.88,84.41,0,19.96,0,0,10,42.71,35,0,53,North America,Mobile
CUST_0243,Finance,Small,Basic,115.04,Paid Ads,45,0,0,0,14444.6,0,8,53,17,156,27,5,0.3,122.92,0,2.35,0,0,2,13.27,2,0,51,Australia,Desktop App
CUST_0244,Education,Enterprise,Basic,14.28,Organic,2,0,0,0,14355.45,0,4,15,8,81,25,2,0.09,13.09,0,28.12,0,0,2,17.9,95,1,60,Europe,Mobile
CUST_0245,Education,Mid,Basic,37.34,Social Media,28,0,0,0,8904.41,0,2,168,9,148,27,4,0.93,117.25,0,33.42,0,0,13,39.66,53,1,5,Australia,Desktop App
CUST_0246,IT,Mid,Enterprise,88.83,Email,8,1,1,1,380.4,1,9,158,17,145,15,3,0.13,128.35,1,23.59,1,0,8,30.95,43,0,12,Asia,Mobile
CUST_0247,Design,Enterprise,Business,83.54,Social Media,30,1,1,1,13321.65,0,9,28,25,129,20,4,0.44,146.24,0,5.14,1,0,8,29.8,80,1,12,Europe,Mobile
CUST_0248,IT,Small,Enterprise,67.29,Paid Ads,48,1,1,0,13389.85,0,9,149,24,89,14,4,0.69,11.4,1,24.53,0,0,8,37.77,89,0,28,North America,Web
CUST_0249,Finance,Small,Business,93.44,Email,43,0,0,0,11878.79,0,4,177,24,36,28,5,0.73,37.64,0,42.08,0,0,10,5.42,15,0,19,Europe,Mobile
CUST_0250,Healthcare,Small,Business,25.41,Referral,46,1,1,1,13588.64,1,9,25,7,104,24,3,0.61,58.87,1,46.03,1,0,6,26.45,77,0,51,Asia,Mobile
CUST_0251,Design,Enterprise,Pro,25.15,Paid Ads,7,1,0,0,9843.87,0,9,128,21,5,23,4,0.36,106.52,0,11.91,0,0,4,8.41,59,0,13,Europe,Desktop App
CUST_0252,Education,Enterprise,Enterprise,118.53,Paid Ads,18,1,1,0,9540.24,0,6,144,10,59,24,3,0.21,64.02,1,25.1,0,0,3,43.54,82,1,19,Europe,Web
CUST_0253,IT,Small,Pro,33.67,Organic,41,1,0,0,10924.65,0,7,171,21,57,13,0,0.63,119.31,1,20.92,0,0,13,37.66,63,0,4,Asia,Web
CUST_0254,Marketing,Enterprise,Business,25.73,Referral,20,0,1,0,10028.61,0,7,5,20,120,30,4,0.63,94.04,0,47.51,0,0,14,3.44,86,0,57,Asia,Desktop App
CUST_0255,Education,Enterprise,Business,66.22,Organic,48,1,1,1,7071.5,1,1,34,12,165,20,3,0.31,98.06,0,46.59,1,1,2,38.37,68,1,2,Europe,Web
CUST_0256,IT,Mid,Enterprise,61.8,Referral,30,0,0,0,6748.78,0,10,26,14,198,29,2,0.16,91.9,1,2.85,0,0,8,27.08,32,0,10,Asia,Desktop App
CUST_0257,Finance,Small,Business,111.91,Social Media,27,1,1,1,7658.9,1,8,73,21,158,2,3,0.79,95.02,0,41.45,0,0,14,28.56,36,0,51,North America,Desktop App
CUST_0258,IT,Enterprise,Business,86.07,Email,28,0,1,0,14683.28,0,1,179,25,133,14,3,0.71,96.43,0,20.02,0,0,9,7.14,7,1,46,North America,Web
CUST_0259,IT,Small,Business,17.58,Referral,31,1,0,1,4850.84,1,6,36,24,52,28,4,0.96,74.77,0,49.78,0,0,5,37.09,60,1,4,North America,Web
CUST_0260,Design,Enterprise,Enterprise,56.37,Email,40,0,0,0,940.02,0,8,33,1,198,10,5,0.78,56.18,0,20.08,0,0,8,31.02,1,1,15,Australia,Desktop App
CUST_0261,Marketing,Small,Business,81.55,Social Media,40,1,1,0,4674.88,0,4,117,17,141,26,3,0.6,32.62,0,46.04,0,0,8,48.39,90,0,21,Australia,Web
CUST_0262,Finance,Enterprise,Business,57.01,Referral,47,0,1,0,2318.5,0,6,120,17,181,15,2,0.12,69.72,0,3.93,0,0,6,0.31,6,1,53,North America,Mobile
CUST_0263,Healthcare,Enterprise,Business,105.54,Paid Ads,25,0,1,0,10584.59,0,3,124,6,110,17,0,0.22,109.89,0,36.51,0,0,4,43.22,35,1,21,Australia,Desktop App
CUST_0264,IT,Mid,Enterprise,44.94,Social Media,13,1,1,0,13746.76,0,2,99,19,170,22,1,0.99,130.85,1,13.53,0,0,4,28.94,12,1,12,Australia,Web
CUST_0265,Marketing,Enterprise,Enterprise,51.5,Paid Ads,50,1,0,0,2763.37,0,7,18,11,64,16,2,0.58,77.79,1,37.73,0,0,4,43.29,88,0,10,Europe,Mobile
CUST_0266,Education,Small,Pro,62.57,Social Media,34,1,0,0,4337.03,0,8,96,3,139,11,3,0.74,142.06,0,16.89,0,0,1,48.29,97,1,40,Europe,Mobile
CUST_0267,Finance,Enterprise,Basic,23.85,Email,22,0,1,0,12390.59,0,8,127,24,124,19,2,0.7,65.67,1,43.81,0,0,11,47.64,36,1,57,Europe,Desktop App
CUST_0268,Marketing,Enterprise,Basic,38.99,Referral,13,0,1,0,9224.14,0,2,56,15,57,4,0,0.51,140.48,0,44.52,0,0,2,28.74,49,1,51,North America,Web
CUST_0269,Design,Mid,Pro,54.32,Paid Ads,20,1,1,0,2065.73,0,10,101,11,89,12,2,0.93,99.09,1,45.7,0,0,6,23.47,96,1,17,Europe,Desktop App
CUST_0270,Design,Enterprise,Pro,92.58,Paid Ads,43,1,1,0,10683.66,0,10,66,18,133,6,1,0.86,145.65,0,10.21,0,0,3,5.96,77,1,44,North America,Desktop App
CUST_0271,Marketing,Mid,Enterprise,38.46,Referral,32,0,1,0,8767.12,0,10,32,23,82,22,4,0.47,112.52,0,6.68,0,0,13,42.26,4,1,58,Asia,Mobile
CUST_0272,Finance,Small,Basic,17.5,Referral,45,1,1,0,7438.57,0,3,79,23,54,13,1,0.21,110.59,0,18.23,0,0,6,28.04,22,0,36,Australia,Desktop App
CUST_0273,Marketing,Mid,Basic,83.83,Email,16,0,1,0,13966.33,0,4,77,23,64,15,0,0.24,147.89,0,27.31,0,0,3,33.97,91,1,20,Asia,Desktop App
CUST_0274,Design,Enterprise,Pro,73.14,Social Media,12,0,1,0,2627.59,0,4,74,25,83,14,0,0.23,121.28,0,14.98,0,0,8,26.58,49,0,6,Europe,Mobile
CUST_0275,Finance,Small,Business,85.48,Paid Ads,37,1,1,1,3619.4,0,5,19,7,163,6,5,0.46,36.82,0,38.22,0,1,3,46.09,96,0,15,Asia,Mobile
CUST_0276,IT,Mid,Business,57.14,Paid Ads,41,1,0,1,2257.04,0,10,7,13,180,30,3,0.65,73.24,1,3.94,1,0,7,41.49,54,0,2,Australia,Desktop App
CUST_0277,Marketing,Small,Pro,25.1,Referral,27,1,1,1,8154.8,1,2,142,25,120,9,0,0.12,123.43,0,8.51,1,1,1,49.83,51,0,29,Australia,Web
CUST_0278,Healthcare,Mid,Business,39.21,Social Media,6,0,0,0,3635.97,0,6,48,14,125,25,2,0.42,25.86,1,44.13,0,0,3,32.61,85,1,58,Asia,Mobile
CUST_0279,Healthcare,Enterprise,Pro,112.68,Social Media,6,1,0,1,1639.74,1,5,55,18,129,8,2,0.26,31.36,0,24.82,1,1,8,48.7,31,1,10,Australia,Web
CUST_0280,Finance,Small,Business,59.98,Referral,25,0,1,0,4574.9,0,10,83,8,34,14,4,0.18,49.68,0,28.46,0,0,2,27.18,25,0,25,Europe,Desktop App
CUST_0281,Healthcare,Enterprise,Basic,90.3,Organic,21,1,0,0,10319.23,0,3,59,5,27,1,2,0.05,102.24,0,26.91,0,0,6,40.38,39,1,40,Asia,Web
CUST_0282,IT,Small,Business,82.91,Organic,5,1,0,1,11499.73,0,1,131,14,177,23,1,0.12,12.08,0,16.91,0,1,7,31.27,44,0,16,Europe,Web
CUST_0283,Design,Enterprise,Business,109.8,Referral,8,1,1,0,10994.39,0,9,91,15,71,11,5,0.96,111.12,1,49.44,0,0,12,43.93,10,1,36,Australia,Desktop App
CUST_0284,Marketing,Mid,Business,80.59,Email,5,1,1,1,1591.27,0,5,51,22,114,18,5,0.82,86.34,0,46.45,0,0,14,28.63,28,0,16,Asia,Web
CUST_0285,Healthcare,Small,Pro,54.82,Paid Ads,40,0,0,0,7674.33,0,10,24,2,82,3,4,0.7,124.81,1,31.45,0,0,5,12.7,44,1,36,Australia,Web
CUST_0286,Healthcare,Mid,Business,101.35,Social Media,47,1,1,1,12202.47,0,2,162,19,6,13,2,0.37,88.12,0,47.48,1,0,14,17.39,51,1,28,Australia,Web
CUST_0287,IT,Mid,Business,35.1,Organic,25,1,0,0,8153.26,0,8,23,17,78,15,3,0.93,89.57,0,36.02,0,0,9,32.75,98,1,42,Australia,Desktop App
CUST_0288,Design,Mid,Business,44.98,Paid Ads,2,0,1,0,11611.52,0,4,110,9,187,12,1,0.03,17.32,1,44.09,0,0,5,12.73,41,1,58,Europe,Web
CUST_0289,Finance,Enterprise,Basic,21.59,Paid Ads,45,1,0,0,8230.83,0,1,155,3,89,14,2,0.52,121.66,0,5.5,0,0,12,7.82,31,0,32,Asia,Web
CUST_0290,Marketing,Enterprise,Enterprise,65.61,Paid Ads,27,1,0,1,12360.95,1,10,161,17,179,5,2,0.88,103.24,0,43.24,1,1,10,0.37,10,0,14,Australia,Mobile
CUST_0291,Marketing,Small,Enterprise,94.5,Referral,5,1,1,0,8612.99,0,5,141,19,191,13,1,0.32,110.19,0,28.75,0,0,1,5.3,2,1,47,Asia,Mobile
CUST_0292,Education,Small,Business,44.32,Email,6,0,0,0,11302.12,0,5,8,3,87,8,2,0.66,11.79,0,13.38,0,0,2,8.25,24,0,6,Australia,Mobile
CUST_0293,Design,Enterprise,Business,12.73,Organic,39,0,1,0,9914.75,0,1,54,25,59,26,2,0.67,24.43,1,46.1,0,0,4,18.72,12,1,35,Europe,Desktop App
CUST_0294,IT,Enterprise,Basic,79.91,Email,23,0,0,0,6409.1,0,1,38,8,36,29,5,0.87,15.34,0,13.57,0,0,7,14.73,66,1,29,Europe,Web
CUST_0295,IT,Mid,Business,73.73,Referral,44,1,0,0,4471.12,0,9,142,1,70,27,0,0.53,138.36,0,42.57,0,0,12,20.24,4,1,38,Europe,Web
CUST_0296,Design,Mid,Pro,59.42,Paid Ads,49,0,0,0,11525.3,0,5,176,5,25,3,0,0.54,90.83,1,10.15,0,0,9,16.44,40,0,36,North America,Mobile
CUST_0297,Healthcare,Small,Pro,53.49,Organic,31,1,1,0,847.64,0,10,15,2,179,8,0,0.86,63.29,1,43.18,0,0,8,23.42,89,1,18,Australia,Mobile
CUST_0298,Education,Mid,Business,69.17,Social Media,25,0,0,0,10411.61,0,6,48,24,141,4,4,0.16,51.82,1,29.59,0,0,10,28.77,85,1,1,Europe,Web
CUST_0299,Education,Mid,Pro,56.94,Organic,45,1,1,0,14276.89,0,1,84,15,10,6,0,0.56,122.67,1,14.61,0,0,6,20.53,45,0,1,Asia,Mobile
CUST_0300,Marketing,Enterprise,Pro,12.32,Email,39,0,0,0,2818.11,0,5,154,23,105,8,4,0.37,44.61,0,15.91,0,0,8,4.63,95,1,35,Asia,Web
CUST_0301,Marketing,Enterprise,Enterprise,87.31,Paid Ads,26,1,1,0,9455.99,0,6,143,7,165,27,2,0.85,61.85,0,34.5,0,0,12,14.19,13,1,3,Australia,Desktop App
CUST_0302,Design,Mid,Business,111.15,Referral,43,0,0,0,13887.65,0,1,89,11,15,5,1,0.22,81.26,0,23.47,0,0,4,42.29,99,1,49,Australia,Desktop App
CUST_0303,Design,Mid,Business,63.59,Email,49,1,1,1,7768.62,0,10,118,18,98,18,5,0.92,48.64,0,38.55,1,0,4,15.04,62,1,45,Asia,Desktop App
CUST_0304,Education,Enterprise,Enterprise,71.26,Referral,42,1,0,1,9792.52,1,9,92,18,11,25,1,0.5,103.68,0,26.74,1,0,7,2.15,62,1,52,Asia,Mobile
CUST_0305,Marketing,Enterprise,Basic,43.58,Paid Ads,8,1,0,1,11344.84,1,5,127,22,150,30,2,0.42,51.27,0,49.9,1,1,5,21.24,62,1,48,Europe,Desktop App
CUST_0306,IT,Small,Business,58.8,Paid Ads,1,0,1,0,6147.69,0,8,83,6,60,13,3,0.06,25.89,1,17.78,0,0,7,35.1,11,1,13,Australia,Mobile
CUST_0307,Marketing,Small,Business,71.45,Paid Ads,31,0,0,0,2990.31,0,7,71,23,29,2,3,0.83,66.31,0,7.16,0,0,5,3.31,56,1,46,North America,Mobile
CUST_0308,Finance,Enterprise,Basic,10.58,Organic,16,0,0,0,1947.4,0,8,104,10,31,8,5,0.35,8.86,0,19.41,0,0,4,11.55,25,1,2,Australia,Desktop App
CUST_0309,Education,Enterprise,Basic,67.58,Social Media,21,1,1,1,6080.96,1,3,56,6,18,3,3,0.33,66.1,1,7.16,0,0,6,47.02,80,1,17,Asia,Desktop App
CUST_0310,Design,Small,Basic,26.32,Social Media,35,1,0,1,6823.52,0,1,56,20,184,10,0,0.32,15.99,1,14.81,0,0,1,49.4,94,0,49,Europe,Web
CUST_0311,Finance,Enterprise,Basic,74.73,Paid Ads,41,1,1,0,11982.37,0,1,42,25,15,6,0,0.53,48.7,1,23.35,0,0,9,39.19,13,0,49,North America,Web
CUST_0312,Healthcare,Small,Business,28.37,Referral,12,1,1,0,2932.02,0,2,93,24,137,29,1,0.37,100.75,0,17.92,0,0,13,20,63,1,10,Europe,Web
CUST_0313,IT,Small,Enterprise,16.04,Organic,13,1,0,1,4895.93,1,2,57,4,95,28,4,0.3,77.5,1,20.07,0,0,3,16.13,74,0,41,North America,Desktop App
CUST_0314,Marketing,Small,Pro,56.41,Referral,20,0,0,0,6870.64,0,5,57,2,49,6,1,0.98,47.52,0,17.87,0,0,5,40.5,74,1,28,Europe,Web
CUST_0315,Finance,Mid,Pro,87.35,Paid Ads,25,0,1,0,7583.45,0,7,34,22,181,13,4,0.67,36.58,0,25.25,0,0,4,18.65,30,1,51,Australia,Web
CUST_0316,Finance,Small,Pro,39.13,Organic,40,0,1,0,11074.09,0,9,85,7,176,18,0,0.33,89.87,1,5,0,0,5,23.59,25,0,25,North America,Web
CUST_0317,IT,Mid,Pro,95.41,Referral,20,1,1,1,2335.22,1,9,134,2,61,3,1,0.7,7.52,1,49.33,1,0,5,28.13,12,0,31,Australia,Web
CUST_0318,IT,Mid,Pro,77.89,Paid Ads,32,1,0,0,2799.74,0,3,49,22,163,18,0,0.75,19.66,1,44.16,0,0,6,8.29,17,1,13,Australia,Desktop App
CUST_0319,IT,Small,Pro,52.38,Social Media,22,1,1,1,8163.53,1,10,174,9,6,17,1,0.64,133.28,1,16.02,1,0,5,12.39,40,0,7,Australia,Mobile
CUST_0320,Finance,Small,Pro,104.96,Organic,5,0,1,0,5728.52,0,7,168,12,120,21,5,0.99,29.68,1,16,0,0,14,3.93,90,1,10,Asia,Mobile
CUST_0321,IT,Mid,Business,40.03,Referral,23,0,1,0,6710.5,0,8,110,5,82,5,0,0.24,8.66,1,11.3,0,0,14,10.03,22,1,37,Australia,Desktop App
CUST_0322,Healthcare,Small,Pro,16.59,Organic,7,1,1,1,5723.19,0,5,54,10,60,22,3,0.53,48.24,1,7.04,1,0,8,2.96,98,0,28,Australia,Mobile
CUST_0323,Finance,Enterprise,Pro,112.76,Organic,30,0,1,0,5445.78,0,8,95,3,46,29,0,0.12,102.21,0,42.87,0,0,9,14.3,31,1,29,North America,Web
CUST_0324,Marketing,Small,Basic,26.02,Email,3,1,0,0,5545.86,0,9,47,6,78,23,2,0.25,40.26,0,38.02,0,0,10,29.68,31,1,43,North America,Web
CUST_0325,Healthcare,Enterprise,Enterprise,107.24,Referral,14,0,0,0,3364.98,0,1,105,22,7,14,3,0.01,58.08,1,11.19,0,0,14,36.02,18,0,7,Europe,Mobile
CUST_0326,Healthcare,Small,Enterprise,93,Referral,1,1,1,0,771.37,0,6,32,20,199,11,3,0.86,95.32,0,25.65,0,0,10,24.45,40,1,49,Europe,Mobile
CUST_0327,Education,Mid,Enterprise,37.07,Email,38,1,1,0,10831.35,0,6,154,2,186,8,3,0.11,8.84,0,13.08,0,0,12,3.78,29,1,34,Australia,Web
CUST_0328,Marketing,Mid,Enterprise,65.49,Organic,17,1,1,0,4522.82,0,2,155,22,57,27,0,0.46,84.53,0,34.63,0,0,14,37.4,46,1,23,Asia,Web
CUST_0329,Design,Mid,Business,108.6,Organic,41,0,1,0,10369.39,0,7,44,24,179,6,4,0.27,9.08,0,32.83,0,0,7,13.06,80,1,56,Asia,Web
CUST_0330,IT,Mid,Pro,22.93,Referral,1,0,0,0,10431.99,0,6,126,16,167,24,3,0.28,18.31,1,20.49,0,0,1,15.93,50,0,38,Europe,Mobile
CUST_0331,Marketing,Enterprise,Enterprise,39.24,Organic,11,0,0,0,9421.93,0,10,112,18,66,27,3,0.51,114.26,0,47.21,0,0,4,9.21,76,1,40,Australia,Mobile
CUST_0332,Healthcare,Mid,Basic,33.46,Referral,14,0,0,0,2777.25,0,8,139,12,129,23,5,0.87,51.02,0,42.09,0,0,12,16.88,61,1,15,Europe,Desktop App
CUST_0333,Finance,Enterprise,Enterprise,78.67,Referral,43,0,0,0,10100.52,0,8,156,16,143,16,4,0.73,56.19,0,7.18,0,0,12,21.56,62,1,16,North America,Mobile
CUST_0334,Design,Mid,Pro,51.06,Organic,18,1,1,1,145.4,0,1,95,21,2,26,0,0.45,71.88,1,44.48,1,0,12,46.49,6,0,3,Europe,Web
CUST_0335,IT,Enterprise,Business,18.79,Social Media,24,1,0,0,9648.14,0,7,162,7,41,3,3,0.13,37.61,1,12.3,0,0,8,33.07,21,0,50,Asia,Mobile
CUST_0336,Design,Enterprise,Business,79.95,Paid Ads,12,0,0,0,13258.02,0,7,48,12,157,14,3,0.37,100.53,1,32.3,0,0,12,34.96,34,0,8,Europe,Desktop App
CUST_0337,Healthcare,Mid,Basic,38.19,Paid Ads,7,1,1,1,4691.98,1,9,48,6,154,29,0,0.23,8.95,0,3.75,1,0,6,2.93,26,0,29,Australia,Desktop App
CUST_0338,Education,Enterprise,Business,89.71,Referral,4,0,1,0,6543.55,0,3,106,22,121,23,0,0.6,147.57,1,42.93,0,0,8,32.38,38,0,22,North America,Mobile
CUST_0339,IT,Mid,Business,50.21,Referral,6,0,1,0,11678.88,0,5,65,1,83,13,4,0.36,128.85,0,47.01,0,0,9,29.3,37,0,49,Europe,Desktop App
CUST_0340,IT,Small,Business,56.47,Organic,18,1,0,0,6261.84,0,8,12,2,85,21,5,0.5,25.31,0,46.93,0,0,11,4.31,80,1,25,North America,Desktop App
CUST_0341,IT,Small,Business,96.99,Paid Ads,30,0,0,0,8604.26,0,5,57,20,52,26,2,0.8,123.91,0,42.06,0,0,8,3.76,12,1,11,Europe,Web
CUST_0342,Education,Mid,Enterprise,100.71,Referral,17,0,1,0,2103.71,0,3,174,24,161,3,2,0.32,28.18,0,8.42,0,0,3,42.34,31,0,59,Europe,Desktop App
CUST_0343,Education,Small,Enterprise,82.38,Email,44,0,1,0,6714.11,0,8,15,8,68,17,2,0.84,22.97,1,14.69,0,0,14,29.4,22,0,10,Asia,Mobile
CUST_0344,Design,Mid,Basic,24.05,Email,47,1,1,1,1612.23,1,4,117,5,149,24,0,0.02,85.53,0,43.6,1,0,10,16.48,83,0,55,Europe,Desktop App
CUST_0345,Education,Mid,Enterprise,81.15,Paid Ads,8,1,0,1,9118.65,0,5,147,8,172,9,0,0.87,97.2,1,45.2,1,1,5,0.18,30,1,44,North America,Mobile
CUST_0346,Healthcare,Mid,Pro,110.46,Organic,8,0,1,0,5563.75,0,3,39,11,119,5,1,0.36,28.28,0,41.34,0,0,5,44.61,86,0,48,Asia,Web
CUST_0347,Design,Enterprise,Business,96.03,Email,4,1,0,1,6773.53,1,10,11,23,171,8,1,0.51,26.83,0,44.55,0,1,3,21.7,48,0,46,Asia,Web
CUST_0348,Finance,Enterprise,Pro,45.15,Organic,27,1,0,1,938.96,1,10,12,7,160,18,4,0.5,36.73,0,49.27,1,0,14,3.07,9,0,9,Asia,Desktop App
CUST_0349,Education,Enterprise,Basic,15.83,Social Media,29,1,1,1,9869.99,1,9,101,21,138,23,5,0.87,13.2,1,12.36,0,0,9,20.32,84,0,10,Australia,Mobile
CUST_0350,Marketing,Enterprise,Enterprise,15.23,Paid Ads,6,1,0,1,862.44,1,5,115,24,163,11,2,0.4,140.91,1,24.86,0,1,14,45.87,45,1,0,Australia,Web
CUST_0351,Education,Mid,Basic,105.38,Organic,4,1,1,1,4437.05,0,4,29,16,91,13,0,0.9,80.38,1,1.4,0,1,9,12.64,78,1,16,Europe,Web
CUST_0352,Education,Mid,Basic,13.76,Referral,18,0,1,0,14275.03,0,1,14,16,138,24,5,0.4,44.55,0,44.35,0,0,11,19.91,98,0,19,Australia,Mobile
CUST_0353,Design,Mid,Business,95.07,Referral,24,1,0,1,13924.42,1,7,100,23,20,11,0,0.35,63.93,1,34.61,0,0,12,18.85,63,0,52,Asia,Desktop App
CUST_0354,Marketing,Small,Pro,22.27,Paid Ads,33,0,1,0,8963.27,0,7,51,24,17,27,3,0.83,94,0,31.27,0,0,9,24.55,81,0,11,Australia,Desktop App
CUST_0355,Finance,Enterprise,Basic,81.81,Email,30,1,0,0,12086.86,0,3,168,18,177,11,5,0.86,96.21,1,11.33,0,0,2,25.7,20,1,49,Asia,Desktop App
CUST_0356,Design,Small,Pro,83.09,Organic,20,0,0,0,9180.54,0,2,103,22,27,16,4,0.03,8.24,1,9.68,0,0,10,3.94,66,1,36,Asia,Mobile
CUST_0357,Finance,Small,Business,114.36,Referral,27,1,0,0,6040.93,0,1,45,23,118,15,3,0.84,60.8,1,39.7,0,0,5,43.19,32,0,51,Australia,Desktop App
CUST_0358,Marketing,Small,Pro,39.45,Organic,6,1,0,0,12031.18,0,5,156,13,192,29,4,0.69,76.52,0,45.69,0,0,9,38.37,82,1,28,North America,Mobile
CUST_0359,Finance,Small,Basic,100.56,Paid Ads,26,1,0,0,4127.94,0,2,53,18,157,28,2,0.34,116.15,0,39.28,0,0,10,0.08,83,0,6,Europe,Mobile
CUST_0360,Healthcare,Mid,Basic,111.99,Social Media,34,1,1,0,310.79,0,2,144,20,190,4,1,0.19,58.37,0,26.12,0,0,11,1.62,9,0,45,North America,Mobile
CUST_0361,Design,Mid,Business,44.43,Paid Ads,8,1,1,0,618.9,0,10,25,6,56,6,1,0.77,16.19,1,38.47,0,0,1,2.73,3,1,35,Australia,Web
CUST_0362,IT,Enterprise,Enterprise,82.97,Referral,4,1,0,1,8563.53,1,10,20,4,59,17,3,0.25,118.96,1,46.2,0,1,13,34.68,68,0,6,Europe,Mobile
CUST_0363,Finance,Mid,Pro,65.94,Social Media,11,0,0,0,481.4,0,7,154,1,96,25,3,0.34,53.34,0,36.92,0,0,7,15.08,29,0,10,Europe,Web
CUST_0364,Design,Small,Business,116.4,Email,4,0,0,0,2644.17,0,1,68,21,178,6,2,0.72,12.95,0,41.17,0,0,11,15.01,92,0,51,North America,Desktop App
CUST_0365,Education,Enterprise,Enterprise,96.06,Social Media,2,1,0,0,2498.65,0,7,169,18,41,5,1,0.4,126.41,1,8.6,0,0,8,33.22,94,0,41,Australia,Web
CUST_0366,Marketing,Mid,Pro,93.41,Social Media,8,1,1,1,6432.19,0,10,78,12,67,26,0,0.85,53.99,1,18.71,1,1,14,13.24,42,0,26,Australia,Desktop App
CUST_0367,Design,Small,Basic,102.54,Social Media,4,0,0,0,8805.48,0,4,39,9,67,4,4,0.57,16.72,1,23.86,0,0,5,33.66,100,1,54,Asia,Web
CUST_0368,Marketing,Small,Basic,33.82,Organic,45,1,1,1,4521.81,1,8,129,13,35,9,5,0.08,85.32,1,39.72,0,0,11,28.08,40,0,18,Europe,Web
CUST_0369,Finance,Small,Enterprise,110.98,Email,31,0,0,0,13845.04,0,10,177,15,74,20,2,1,146.09,0,21.81,0,0,6,31.34,99,0,32,North America,Mobile
CUST_0370,Healthcare,Mid,Basic,55.69,Paid Ads,20,0,0,0,12462.16,0,5,90,20,115,8,3,0.59,122.67,0,37.31,0,0,8,18.89,68,1,49,Europe,Desktop App
CUST_0371,IT,Enterprise,Business,80.27,Organic,23,0,0,0,12845.62,0,3,42,2,65,15,5,0.28,35.6,1,8.02,0,0,9,5.92,77,1,25,Asia,Mobile
CUST_0372,Education,Enterprise,Enterprise,11.5,Email,34,0,1,0,2491.54,0,4,173,18,172,21,1,0.52,127.21,1,1.18,0,0,2,0.03,98,1,40,Australia,Web
CUST_0373,Design,Enterprise,Pro,22.33,Social Media,44,1,1,1,14387.67,1,7,151,19,103,13,0,0.83,42.17,0,35.33,1,1,9,41.83,32,1,8,Australia,Web
CUST_0374,Marketing,Enterprise,Pro,53.9,Referral,21,1,1,1,2169.42,1,5,61,1,21,10,0,0.21,34.26,0,24.69,1,1,12,40.47,38,0,58,Australia,Desktop App
CUST_0375,Finance,Small,Basic,12.29,Social Media,46,1,0,1,13945.31,1,7,34,19,196,2,4,0.32,92.89,0,7.66,1,1,6,0.13,74,1,57,Asia,Web
CUST_0376,Finance,Enterprise,Pro,94.17,Social Media,10,0,1,0,6271.64,0,4,18,2,40,22,5,0.37,16.75,1,20.65,0,0,2,16.24,39,0,3,Europe,Web
CUST_0377,Finance,Small,Enterprise,82.74,Email,7,0,0,0,2771.14,0,10,156,19,192,26,5,0.06,16.15,0,35.08,0,0,1,46.54,67,1,39,Australia,Web
CUST_0378,Finance,Mid,Business,106.79,Paid Ads,19,0,1,0,4123.08,0,1,37,1,93,27,2,0.91,61.43,0,14.04,0,0,6,28.27,94,0,39,Europe,Web
CUST_0379,IT,Enterprise,Basic,81.26,Organic,38,1,0,0,4532.55,0,8,120,14,16,5,3,0.85,121.05,0,28.23,0,0,11,23.6,18,0,42,North America,Desktop App
CUST_0380,IT,Enterprise,Basic,31.02,Email,48,1,0,0,7008.39,0,10,71,25,198,22,5,0.16,42.83,0,13.98,0,0,14,22.48,13,0,39,North America,Mobile
CUST_0381,Healthcare,Mid,Pro,95.33,Social Media,25,0,0,0,11992.71,0,4,121,22,126,30,5,0.48,119.89,1,37.74,0,0,6,40.52,16,1,35,Asia,Mobile
CUST_0382,IT,Mid,Enterprise,71.72,Email,10,0,1,0,9996.66,0,2,144,10,66,3,5,0.62,136.2,0,0.86,0,0,3,26.44,89,0,27,Australia,Desktop App
CUST_0383,Marketing,Enterprise,Business,76.14,Paid Ads,14,1,1,0,9045.82,0,4,142,23,147,14,5,0.94,70.6,0,33.16,0,0,7,22.29,59,0,16,Europe,Desktop App
CUST_0384,Education,Mid,Basic,27.2,Email,25,0,1,0,11785.36,0,8,25,23,13,4,5,0.7,111.26,0,32.07,0,0,14,1.51,75,0,7,North America,Desktop App
CUST_0385,IT,Mid,Basic,103.7,Referral,4,0,1,0,8846.99,0,6,113,1,187,22,0,0.94,17.28,1,17.89,0,0,6,36.97,80,1,60,Asia,Mobile
CUST_0386,Healthcare,Mid,Enterprise,28.03,Email,14,1,1,1,4322.4,1,8,88,18,178,3,0,0.19,106.37,1,5.64,1,0,2,11.84,7,0,5,Australia,Web
CUST_0387,Finance,Enterprise,Basic,26.1,Email,30,0,0,0,315.41,0,10,114,6,80,24,1,0.22,36.34,1,39.29,0,0,9,40.76,79,0,4,Asia,Mobile
CUST_0388,Marketing,Enterprise,Basic,101.05,Referral,49,0,1,0,2933.94,0,5,135,3,34,14,5,0.08,116.38,1,2.93,0,0,9,4.62,43,0,27,Europe,Mobile
CUST_0389,Design,Mid,Basic,57.03,Email,24,1,0,0,8259.38,0,8,129,11,134,29,1,0.75,39.05,0,18.69,0,0,7,47.21,31,1,0,Europe,Mobile
CUST_0390,IT,Small,Enterprise,32.83,Organic,28,0,1,0,3353.98,0,3,33,16,53,1,5,0.28,95.88,1,45.62,0,0,14,38.42,50,1,49,Europe,Web
CUST_0391,Design,Enterprise,Business,65.99,Email,2,0,1,0,11739.65,0,9,23,4,31,19,1,0.95,30.48,1,33.34,0,0,10,24,31,0,32,Australia,Mobile
CUST_0392,Finance,Small,Business,100.72,Referral,10,1,1,0,11971.72,0,1,169,18,18,5,0,0.04,40.53,0,45.97,0,0,8,11.45,81,1,58,North America,Mobile
CUST_0393,Design,Enterprise,Business,117.97,Organic,21,0,0,0,8711.39,0,1,105,21,177,10,1,0.16,45.04,1,31.66,0,0,11,11.18,7,0,3,Europe,Mobile
CUST_0394,Marketing,Mid,Enterprise,118.86,Social Media,34,1,1,0,11069.54,0,6,86,4,19,2,3,0.63,141.16,0,41.55,0,0,14,43.18,83,1,53,Asia,Desktop App
CUST_0395,IT,Small,Basic,15.71,Referral,42,0,1,0,4640.92,0,6,37,21,55,19,5,0.15,128.62,0,38.86,0,0,4,42.74,100,1,24,Australia,Mobile
CUST_0396,Design,Enterprise,Pro,59.08,Paid Ads,41,0,1,0,5728.64,0,7,69,8,127,15,2,0.88,108.27,1,0.71,0,0,2,32.74,44,0,27,Australia,Desktop App
CUST_0397,IT,Small,Pro,111.95,Paid Ads,6,1,0,1,314.16,1,7,118,2,129,29,5,0.95,34.89,0,15.89,0,0,1,41.82,54,0,0,North America,Web
CUST_0398,Finance,Enterprise,Business,33.05,Email,32,0,0,0,11716.66,0,8,97,23,177,14,3,0.64,102.84,0,19.33,0,0,8,9.05,26,1,45,Asia,Desktop App
CUST_0399,Education,Small,Pro,116.56,Referral,11,1,1,0,14965.61,0,2,125,13,125,27,4,0.39,35.1,0,40.42,0,0,13,44.69,39,1,15,Asia,Web
CUST_0400,Design,Enterprise,Basic,72.72,Email,41,0,1,0,6283.62,0,1,143,20,175,11,4,0.54,86.1,0,34.52,0,0,8,44.33,52,1,41,Asia,Web
CUST_0401,Finance,Mid,Enterprise,71.17,Referral,17,0,0,0,8705.82,0,2,79,17,125,26,4,0.96,14.96,1,3.84,0,0,2,13.67,1,0,15,North America,Mobile
CUST_0402,Healthcare,Enterprise,Basic,107.04,Organic,32,1,1,0,5334.18,0,7,59,10,23,16,3,0.16,116.03,1,35.11,0,0,2,46.47,47,0,2,Asia,Mobile
CUST_0403,Design,Mid,Basic,111.33,Paid Ads,47,0,1,0,9975.14,0,3,103,2,34,7,1,0.55,92.35,1,48.83,0,0,12,29.96,47,0,60,Europe,Mobile
CUST_0404,Marketing,Mid,Enterprise,96.93,Paid Ads,43,0,0,0,1287.12,0,3,56,20,38,27,1,0.58,117.42,0,18.94,0,0,10,48.07,24,1,16,Europe,Mobile
CUST_0405,Finance,Enterprise,Basic,72.92,Referral,15,0,1,0,5196.08,0,10,161,17,155,25,5,0.54,27.38,0,3.15,0,0,10,47.37,12,0,48,Asia,Web
CUST_0406,Healthcare,Small,Business,85.05,Email,7,1,1,0,13900.4,0,5,165,6,182,6,3,0.17,95.57,0,3.22,0,0,4,10.17,50,0,25,Europe,Desktop App
CUST_0407,IT,Enterprise,Enterprise,20.74,Referral,7,1,0,0,8020.68,0,10,101,20,150,2,0,0.05,51.97,1,26.64,0,0,1,4.55,53,0,47,Europe,Desktop App
CUST_0408,Marketing,Small,Pro,71.85,Email,5,0,0,0,7923.94,0,9,132,5,184,3,1,0.39,50.04,0,18.04,0,0,11,31.83,31,1,32,Asia,Web
CUST_0409,Marketing,Enterprise,Enterprise,17.99,Organic,24,1,1,0,2740.29,0,8,177,2,52,2,1,0.03,112.44,0,12.16,0,0,3,12.18,46,1,34,Asia,Mobile
CUST_0410,Education,Small,Pro,84.04,Social Media,34,0,1,0,13736.6,0,5,143,16,12,10,0,0.05,25.3,0,45.3,0,0,3,18.9,2,0,22,Australia,Web
CUST_0411,Marketing,Small,Basic,83.99,Social Media,15,0,1,0,8469.66,0,8,79,8,190,5,4,0.17,33.47,0,5.73,0,0,12,13.26,51,0,60,North America,Desktop App
CUST_0412,Marketing,Small,Enterprise,55.96,Referral,22,0,1,0,8694.41,0,6,28,22,33,16,5,0.65,55.52,0,10.97,0,0,8,49.07,63,0,21,Asia,Web
CUST_0413,Healthcare,Mid,Basic,25.07,Social Media,27,0,0,0,13167.8,0,7,18,15,158,5,2,0.84,96.64,0,6.63,0,0,7,46.33,38,1,34,North America,Mobile
CUST_0414,IT,Mid,Basic,48.35,Organic,14,0,1,0,1287.11,0,4,11,17,150,19,5,0.5,141.59,1,42.88,0,0,5,7.87,4,1,51,Europe,Web
CUST_0415,Healthcare,Mid,Pro,25.07,Referral,25,0,1,0,11557.55,0,2,95,1,57,26,5,0.27,128.17,0,5.71,0,0,1,2.57,89,0,14,Australia,Desktop App
CUST_0416,Marketing,Mid,Business,45.58,Organic,4,0,1,0,7446.97,0,3,120,5,37,18,2,0.77,26.59,0,35.79,0,0,14,26.56,24,0,28,North America,Mobile
CUST_0417,Design,Small,Enterprise,28.7,Referral,6,0,0,0,14855.43,0,6,75,16,116,12,0,0.01,55.38,1,11.13,0,0,4,32.28,49,0,47,Asia,Web
CUST_0418,Education,Mid,Business,100.84,Social Media,13,0,1,0,6348.52,0,3,33,11,16,21,2,0.12,113.71,1,35.89,0,0,5,36.11,40,0,26,Asia,Web
CUST_0419,Design,Enterprise,Enterprise,14.22,Social Media,41,0,0,0,13751.27,0,4,35,4,130,4,4,0.06,89.82,0,32.44,0,0,9,42.75,9,0,33,Europe,Web
CUST_0420,Design,Enterprise,Pro,88.78,Paid Ads,4,0,1,0,6874.26,0,6,134,9,17,25,2,0.45,6.34,1,3.91,0,0,9,27.66,85,0,43,Asia,Web
CUST_0421,Healthcare,Mid,Pro,69.98,Paid Ads,38,0,0,0,2124.39,0,9,161,4,125,24,2,0.56,97.14,1,45.12,0,0,4,26.13,64,1,40,Asia,Mobile
CUST_0422,IT,Mid,Basic,100.43,Email,6,0,1,0,455.58,0,6,113,6,15,20,3,0.27,84.65,0,21.76,0,0,10,39.03,5,1,23,Australia,Web
CUST_0423,Healthcare,Enterprise,Business,42.66,Social Media,39,0,1,0,14948.13,0,5,44,1,86,3,5,0.11,54.67,0,16.05,0,0,10,10.43,91,0,17,Australia,Desktop App
CUST_0424,Finance,Small,Enterprise,58.02,Paid Ads,45,1,0,1,14747.55,0,1,163,4,125,1,3,0.48,103.35,1,49.69,0,0,14,19.37,46,0,60,Europe,Desktop App
CUST_0425,Design,Enterprise,Basic,107.59,Paid Ads,1,1,0,0,3024.45,0,10,36,22,11,8,0,0.66,11.91,0,37.81,0,0,8,38.75,36,0,27,Europe,Web
CUST_0426,Design,Small,Basic,111.91,Paid Ads,50,0,0,0,14539.11,0,2,87,25,123,15,5,0.82,61.39,0,12.7,0,0,2,33.12,12,0,37,Australia,Desktop App
CUST_0427,Healthcare,Mid,Pro,58.29,Referral,32,0,1,0,11490.44,0,5,110,12,43,2,4,0.21,144.48,0,45.1,0,0,9,29.46,28,0,52,North America,Desktop App
CUST_0428,Design,Enterprise,Enterprise,68.44,Social Media,24,0,0,0,12241.63,0,3,62,2,104,26,2,0.95,78.73,0,29.75,0,0,8,6.58,62,1,35,North America,Desktop App
CUST_0429,Design,Enterprise,Business,74.51,Email,5,0,0,0,8094.86,0,10,50,7,59,14,1,0.03,36.84,1,38.9,0,0,4,4.51,22,1,31,Europe,Web
CUST_0430,IT,Enterprise,Basic,103.34,Organic,42,1,1,0,2274.97,0,1,20,25,138,4,2,0.03,106.33,0,28.22,0,0,7,22.34,51,0,50,Europe,Desktop App
CUST_0431,Healthcare,Mid,Business,32.56,Email,20,1,0,0,12429.7,0,8,148,2,141,29,0,0.58,56.09,1,48.97,0,0,3,22.69,90,1,23,Europe,Desktop App
CUST_0432,Education,Enterprise,Pro,28.3,Social Media,37,1,0,1,2156.21,1,3,35,15,115,5,5,0.41,24.88,0,31.17,0,0,9,28.3,81,0,11,Asia,Desktop App
CUST_0433,Finance,Mid,Business,12.37,Paid Ads,39,0,1,0,10502.66,0,5,75,11,83,11,4,0.1,102.03,1,19.59,0,0,1,11.34,89,0,4,Asia,Desktop App
CUST_0434,Design,Enterprise,Pro,95.16,Paid Ads,35,1,1,1,11736.73,0,5,165,20,117,15,2,0.38,21.58,0,42.22,0,0,14,34.63,23,1,56,Asia,Mobile
CUST_0435,Finance,Mid,Business,25.82,Paid Ads,3,1,0,0,5741.47,0,7,48,9,27,5,1,0.88,83.85,1,45.04,0,0,5,46.37,21,0,28,Europe,Web
CUST_0436,IT,Enterprise,Enterprise,68.67,Paid Ads,30,0,1,0,12723.29,0,9,9,8,134,3,5,0.25,93.29,1,23.04,0,0,2,2.81,44,1,34,North America,Desktop App
CUST_0437,Design,Enterprise,Pro,114.05,Paid Ads,29,1,1,0,12934.47,0,10,96,16,59,24,5,0.14,144.14,0,15.05,0,0,5,48.53,56,0,55,Australia,Desktop App
CUST_0438,Education,Small,Enterprise,87.48,Social Media,50,1,1,0,5149.78,0,6,153,3,100,8,1,0.75,120.52,1,25.21,0,0,11,49.83,84,0,29,Asia,Mobile
CUST_0439,Finance,Small,Basic,37.86,Email,6,1,0,1,13804.64,1,10,137,20,152,25,3,0.96,15.1,1,26.67,0,1,1,39.25,65,0,29,Asia,Mobile
CUST_0440,Marketing,Mid,Basic,102.8,Email,20,0,0,0,11209.26,0,9,144,3,200,9,5,0.93,83.91,1,14.62,0,0,11,23.39,94,1,46,Europe,Mobile
CUST_0441,Marketing,Enterprise,Basic,36.72,Social Media,50,0,0,0,2943.5,0,3,174,7,117,3,2,0.95,17.03,1,14.12,0,0,3,12.55,80,0,1,Asia,Desktop App
CUST_0442,Design,Small,Business,42.64,Paid Ads,40,0,1,0,6007.09,0,5,60,1,36,15,0,0.04,129.91,0,8.56,0,0,13,3.54,98,0,51,Europe,Desktop App
CUST_0443,Marketing,Small,Enterprise,40.63,Paid Ads,19,1,1,0,11214.99,0,4,128,20,164,30,4,0.35,22.8,0,35.94,0,0,4,40.37,10,1,1,North America,Mobile
CUST_0444,Finance,Enterprise,Basic,41.67,Referral,19,1,0,0,5014.71,0,1,16,13,103,4,1,0.53,5.16,1,22.26,0,0,11,25.89,93,1,30,Asia,Mobile
CUST_0445,Education,Small,Pro,80.95,Organic,45,0,0,0,4085.19,0,3,31,20,25,4,2,0.49,102.48,0,9.5,0,0,12,29.62,33,1,13,Europe,Web
CUST_0446,IT,Small,Basic,59.58,Organic,1,0,0,0,3539.65,0,8,121,19,58,17,4,0.4,96.12,1,25.64,0,0,3,0.91,38,0,33,North America,Mobile
CUST_0447,IT,Mid,Business,78.27,Email,32,0,1,0,10308.85,0,4,148,18,115,18,5,0.81,101.92,0,6.92,0,0,13,25.82,95,1,0,Asia,Web
CUST_0448,IT,Small,Pro,24.49,Organic,44,0,1,0,12793,0,8,122,22,11,21,0,0.28,14.84,1,18.24,0,0,3,33.47,83,1,49,Australia,Desktop App
CUST_0449,Healthcare,Small,Pro,96.1,Organic,22,0,1,0,1715.57,0,10,19,3,161,29,5,0.41,89.24,1,46.21,0,0,13,3.88,50,1,58,Asia,Desktop App
CUST_0450,IT,Mid,Enterprise,21.85,Social Media,30,0,0,0,5338.88,0,8,179,11,56,27,5,0.64,45.51,0,26.04,0,0,8,4.14,21,0,54,North America,Web
CUST_0451,Marketing,Enterprise,Business,106.71,Paid Ads,26,0,1,0,12236.79,0,3,106,11,3,16,5,0.19,22.09,1,25.74,0,0,4,23.73,89,1,1,Asia,Web
CUST_0452,Marketing,Small,Business,60.39,Email,41,0,1,0,11355.53,0,6,10,6,19,10,2,0.99,148.01,1,3.85,0,0,9,11.16,43,0,51,North America,Desktop App
CUST_0453,Design,Enterprise,Basic,46.31,Referral,2,1,1,0,7794.06,0,1,138,23,42,28,3,0.22,68.37,0,7.23,0,0,7,29.16,25,0,45,Asia,Web
CUST_0454,Marketing,Small,Basic,53.66,Paid Ads,47,1,1,0,8332.23,0,10,74,22,173,12,5,0.13,54.68,1,49.87,0,0,14,30.44,38,0,45,Australia,Mobile
CUST_0455,Design,Mid,Basic,10.18,Email,41,1,0,0,7459.62,0,10,84,11,10,6,0,0.64,133.99,1,25.3,0,0,5,29.28,63,0,20,Europe,Desktop App
CUST_0456,Finance,Mid,Enterprise,111.55,Organic,49,0,1,0,14442.51,0,4,42,25,143,6,1,0.55,96.9,0,48.12,0,0,5,49.96,66,0,49,Australia,Mobile
CUST_0457,Education,Mid,Business,70.23,Paid Ads,7,1,1,1,12364.29,0,6,178,16,43,19,5,0.77,55.7,0,27.29,0,1,2,27.44,25,1,30,Asia,Web
CUST_0458,IT,Mid,Basic,88.22,Social Media,15,1,0,0,1903.45,0,6,140,6,12,26,0,0.08,136.27,0,37.53,0,0,13,9.92,23,1,26,Asia,Desktop App
CUST_0459,Marketing,Mid,Pro,101.11,Referral,31,1,0,1,11650.09,1,7,52,15,199,13,0,0.5,115.14,0,18.48,1,0,1,24.05,25,1,48,Europe,Mobile
CUST_0460,IT,Mid,Enterprise,73.99,Paid Ads,8,0,0,0,5889.54,0,7,10,5,111,11,1,0.82,87.11,0,39,0,0,3,32.59,54,0,54,Australia,Web
CUST_0461,Marketing,Mid,Basic,20.12,Paid Ads,2,1,0,0,1533.41,0,2,116,24,31,17,2,0.49,88.01,1,7.23,0,0,14,45.41,60,0,40,Europe,Mobile
CUST_0462,Education,Enterprise,Basic,26.86,Paid Ads,36,0,1,0,10153.02,0,9,85,1,193,3,0,0.87,108.55,1,9.56,0,0,3,31.53,30,1,19,North America,Desktop App
CUST_0463,Marketing,Enterprise,Pro,74.44,Social Media,1,1,1,0,4722.74,0,5,180,20,29,7,3,0.5,86.37,0,29.92,0,0,13,18.98,30,1,50,Asia,Web
CUST_0464,Design,Enterprise,Enterprise,59.84,Social Media,45,1,1,1,11247.35,0,5,67,24,156,20,4,0.26,46.74,0,42.26,1,0,9,31.97,10,1,9,Europe,Mobile
CUST_0465,Marketing,Enterprise,Pro,81.79,Social Media,24,1,0,1,7626.32,0,6,85,10,1,28,0,0.4,118.19,0,48.37,0,1,10,29.19,17,1,32,Australia,Mobile
CUST_0466,Finance,Small,Basic,71.75,Paid Ads,31,1,1,0,11446.84,0,8,122,20,194,27,0,0.95,8.4,1,4.19,0,0,7,0.56,55,1,3,Europe,Desktop App
CUST_0467,Marketing,Enterprise,Basic,118.89,Email,35,0,0,0,8396.88,0,4,135,23,173,5,0,0.74,26.62,1,19.41,0,0,12,15.97,69,1,12,Europe,Mobile
CUST_0468,Marketing,Mid,Business,27.83,Social Media,27,0,0,0,7862.72,0,9,5,7,152,19,1,0.89,22.39,1,26.37,0,0,13,14.38,75,1,30,Europe,Web
CUST_0469,Finance,Small,Basic,41.4,Email,23,1,0,0,11056.44,0,1,14,16,149,13,0,0.04,130.55,0,43.28,0,0,2,21.75,37,1,30,Australia,Mobile
CUST_0470,Marketing,Mid,Business,58.48,Organic,49,1,0,0,1959.79,0,5,15,24,51,30,0,0.41,65.9,0,6.97,0,0,13,24.79,30,1,17,Australia,Desktop App
CUST_0471,Healthcare,Mid,Basic,37.56,Referral,11,1,0,1,8542.31,1,3,130,19,200,13,1,0.93,17.32,1,7.79,0,0,7,34.07,63,1,19,North America,Desktop App
CUST_0472,IT,Mid,Business,25.08,Email,17,0,1,0,2304.79,0,2,119,13,92,4,0,0.97,16.74,0,23.85,0,0,10,49.42,61,0,17,Australia,Desktop App
CUST_0473,Design,Enterprise,Pro,58.34,Organic,28,0,0,0,12847.4,0,4,136,4,62,10,4,0.71,69.71,1,40.03,0,0,6,43.23,33,0,29,Asia,Mobile
CUST_0474,Marketing,Small,Business,101.85,Email,17,0,1,0,4946.14,0,8,115,6,73,19,0,0.77,92.22,1,4.07,0,0,4,13.64,98,0,15,North America,Web
CUST_0475,IT,Enterprise,Business,110.46,Referral,19,0,0,0,13616.01,0,2,56,15,5,1,5,0.5,20.83,0,5.53,0,0,3,29.2,57,0,31,Europe,Mobile
CUST_0476,Finance,Mid,Enterprise,72.52,Paid Ads,40,0,0,0,1584.38,0,9,125,7,46,20,1,0.54,45.94,0,28.73,0,0,14,38.66,67,0,35,Europe,Mobile
CUST_0477,Healthcare,Enterprise,Business,90.78,Email,47,1,0,1,5703.34,1,6,81,15,15,15,0,0.59,8.43,1,44.52,1,1,3,47.35,65,0,47,Europe,Desktop App
CUST_0478,Design,Small,Basic,90.53,Email,5,1,1,0,7834.57,0,5,53,2,193,14,0,0.91,100.9,0,30.57,0,0,14,21.01,100,1,15,North America,Web
CUST_0479,Education,Small,Pro,19.19,Referral,40,1,1,1,8076.44,0,7,61,13,14,28,3,0.31,57.26,0,20.48,0,0,1,34.42,49,1,17,Europe,Desktop App
CUST_0480,Finance,Small,Pro,110.92,Referral,6,0,1,0,14467.35,0,1,156,12,137,7,2,0.06,45.48,0,39.9,0,0,7,43.77,84,1,38,North America,Desktop App
CUST_0481,Healthcare,Small,Pro,92.28,Social Media,16,0,0,0,9885.22,0,9,141,3,40,1,5,0.78,6.85,0,15.45,0,0,7,0.54,89,0,17,North America,Web
CUST_0482,Education,Enterprise,Pro,79.95,Organic,4,0,0,0,3746.01,0,9,69,2,82,10,2,0.82,102.13,0,24.99,0,0,3,23.71,41,0,56,Australia,Desktop App
CUST_0483,IT,Small,Pro,28.45,Social Media,43,1,0,1,13476.11,1,2,127,22,34,17,5,0.17,52.89,1,16.02,1,1,5,43.19,16,0,44,Australia,Web
CUST_0484,Finance,Mid,Basic,110.45,Paid Ads,25,1,1,0,11248.01,0,8,148,25,169,13,0,0.24,8.12,1,14.2,0,0,13,5.28,31,0,8,Europe,Mobile
CUST_0485,Healthcare,Enterprise,Business,117.78,Paid Ads,30,0,0,0,9331.34,0,3,109,6,165,28,3,0.56,74.52,0,19.51,0,0,9,48.48,92,0,10,Australia,Desktop App
CUST_0486,Healthcare,Mid,Business,47.59,Email,40,1,1,0,7938.75,0,7,100,2,21,18,2,0.15,109.16,0,2.46,0,0,5,1,91,1,5,Australia,Mobile
CUST_0487,Healthcare,Enterprise,Enterprise,117.7,Paid Ads,32,0,0,0,4846.01,0,4,37,18,150,2,1,0.36,10.27,1,21.44,0,0,2,16.13,92,0,59,Europe,Desktop App
CUST_0488,Finance,Small,Pro,116.16,Social Media,28,1,0,1,9579.37,0,2,46,16,16,4,4,0.11,106.69,1,26.98,1,1,2,18.88,70,0,42,North America,Mobile
CUST_0489,IT,Mid,Business,96.7,Email,9,0,0,0,3378.94,0,5,129,12,93,8,5,0.93,101.62,0,11.73,0,0,1,31.37,28,1,24,Asia,Desktop App
CUST_0490,Marketing,Mid,Enterprise,86.14,Social Media,9,0,1,0,4791.63,0,2,51,2,69,21,1,0.67,123.08,0,28.8,0,0,12,27.94,96,0,15,Asia,Desktop App
CUST_0491,Finance,Enterprise,Enterprise,114.27,Organic,19,1,1,1,5083.93,1,10,64,23,67,17,3,0.04,33.77,1,39.22,0,1,14,2.83,21,1,6,Australia,Mobile
CUST_0492,Healthcare,Small,Pro,34.49,Referral,30,0,1,0,862.17,0,9,44,3,104,11,0,0.19,17.94,0,47.68,0,0,8,13.88,74,1,51,Asia,Mobile
CUST_0493,Education,Small,Pro,43.86,Social Media,18,1,1,0,12444.59,0,7,29,4,94,8,2,0.1,60.69,0,1.78,0,0,3,16.38,98,1,56,Australia,Desktop App
CUST_0494,Design,Mid,Enterprise,36.73,Referral,50,1,0,0,8444.44,0,9,166,19,69,29,2,0.84,103.23,0,37.29,0,0,6,22.33,86,1,17,Australia,Mobile
CUST_0495,IT,Small,Enterprise,51.39,Paid Ads,45,0,0,0,1602.44,0,5,119,11,85,25,2,0.86,30.53,0,46.22,0,0,8,15.03,74,0,45,Australia,Web
CUST_0496,Healthcare,Mid,Pro,102.52,Organic,37,0,0,0,3104.09,0,1,41,11,186,29,2,0.6,54.7,0,38.33,0,0,2,18.74,51,0,50,North America,Web
CUST_0497,Marketing,Mid,Enterprise,112.61,Referral,48,1,1,0,13820.73,0,6,132,15,21,9,5,0.51,115.25,0,34.68,0,0,4,21.61,12,0,57,Europe,Web
CUST_0498,Marketing,Mid,Basic,114.02,Referral,49,1,1,1,14509.45,0,3,17,14,149,27,2,0.72,40.59,0,2.97,1,0,9,3.5,61,0,44,Asia,Mobile
CUST_0499,Education,Small,Basic,17.11,Social Media,6,0,1,0,14874.48,0,2,83,7,193,16,0,0.61,129.04,0,39.45,0,0,5,29.18,19,0,20,Australia,Web
CUST_0500,Education,Mid,Business,16.21,Social Media,25,0,1,0,13369.39,0,8,48,12,137,17,1,0.01,140.46,0,45.12,0,0,1,41.39,32,0,20,Europe,Web
CUST_0501,Marketing,Mid,Business,104.98,Email,9,0,1,0,2368.53,0,10,28,14,152,25,4,0.34,81.05,1,12.76,0,0,7,4.57,61,1,39,Asia,Web
CUST_0502,IT,Enterprise,Basic,40.79,Social Media,3,1,1,0,8141.66,0,2,39,11,105,4,1,0.85,22.49,1,23.82,0,0,7,0.79,96,1,49,Asia,Desktop App
CUST_0503,Education,Mid,Pro,26.47,Paid Ads,47,1,1,0,11979.76,0,4,170,11,76,20,5,0.14,73.85,0,31.14,0,0,13,16.86,64,1,18,Asia,Desktop App
CUST_0504,Education,Enterprise,Pro,104.95,Referral,30,1,0,1,4142.6,1,4,44,18,162,27,5,0.41,8.44,0,13.6,0,1,7,33.45,96,1,34,Asia,Web
CUST_0505,Marketing,Small,Basic,50.2,Referral,24,0,0,0,803.89,0,4,20,22,65,30,5,0.54,52.91,0,24.52,0,0,6,19.12,43,1,24,Asia,Desktop App
CUST_0506,Healthcare,Mid,Basic,52.75,Email,16,1,1,0,6935.57,0,5,22,18,151,18,5,0.24,142.93,1,7.19,0,0,4,23.62,35,0,11,Australia,Web
CUST_0507,Marketing,Mid,Enterprise,95.82,Referral,6,0,0,0,14486.46,0,10,54,23,33,19,2,0.02,86.05,1,18.02,0,0,7,21.34,81,0,60,Asia,Desktop App
CUST_0508,Education,Enterprise,Pro,108.44,Social Media,25,1,1,0,3758.15,0,9,55,16,50,1,0,0.72,67.41,1,19.29,0,0,2,15.4,32,0,47,Australia,Desktop App
CUST_0509,IT,Enterprise,Business,32.86,Organic,13,0,0,0,1951.48,0,9,120,22,89,12,3,0.81,66.7,1,37.21,0,0,5,44.94,79,0,31,Australia,Desktop App
CUST_0510,Finance,Enterprise,Basic,47.72,Email,9,1,1,1,5628.58,0,7,35,5,18,27,4,0.28,7.48,1,15.41,0,1,4,32.6,30,0,42,North America,Web
CUST_0511,IT,Mid,Basic,97.89,Social Media,17,1,0,0,3118.87,0,4,107,24,187,25,0,0.66,99.68,1,21.35,0,0,11,42.24,6,0,2,Europe,Web
CUST_0512,Healthcare,Mid,Pro,103.73,Social Media,28,0,1,0,12239.13,0,3,117,6,67,5,2,0.53,54.74,1,21.52,0,0,10,24.11,99,0,12,Australia,Web
CUST_0513,Finance,Enterprise,Enterprise,56.61,Referral,48,1,1,1,5409.26,1,9,115,5,35,7,2,0.11,132.03,0,5.51,0,1,8,14.04,70,0,32,Europe,Web
CUST_0514,Healthcare,Mid,Enterprise,31.53,Organic,42,0,1,0,4059.89,0,2,8,22,142,15,5,0.45,53.78,1,45.04,0,0,11,26.76,58,1,46,Europe,Mobile
CUST_0515,Education,Small,Basic,119.36,Social Media,4,0,0,0,1463.85,0,10,176,20,175,24,0,0.29,95.71,1,48.84,0,0,8,5.47,67,1,30,North America,Web
CUST_0516,Education,Small,Pro,60.94,Paid Ads,3,1,1,1,11813.06,1,9,58,20,156,19,0,0.85,62.12,1,20.12,0,0,8,18.79,99,0,31,Europe,Desktop App
CUST_0517,Design,Mid,Pro,69.45,Email,34,1,1,0,13943.92,0,10,144,7,30,16,1,0.43,105.23,0,46.99,0,0,5,4.95,60,1,53,Australia,Mobile
CUST_0518,Education,Enterprise,Business,56.79,Email,45,0,0,0,3774.35,0,10,143,4,100,25,5,0.07,35.55,0,46.23,0,0,2,19.21,22,0,28,North America,Desktop App
CUST_0519,IT,Mid,Pro,61.97,Referral,17,1,0,0,3451.48,0,8,104,19,54,13,1,0.37,68.6,0,42.62,0,0,9,33.88,41,0,12,North America,Web
CUST_0520,Healthcare,Mid,Pro,16.72,Email,14,0,1,0,12936.67,0,2,94,21,28,23,4,0.18,97.64,0,1.67,0,0,10,7.52,84,0,58,Australia,Web
CUST_0521,Education,Small,Basic,11.44,Paid Ads,34,1,0,1,10274.21,1,3,61,20,177,13,4,0.64,148.28,0,44.98,1,1,9,16.81,89,0,22,North America,Mobile
CUST_0522,Design,Enterprise,Enterprise,117.75,Paid Ads,36,0,1,0,12529.11,0,8,138,4,144,26,2,0.75,84.65,1,31.71,0,0,8,8.81,80,0,33,Australia,Desktop App
CUST_0523,Finance,Small,Pro,109.56,Organic,20,0,1,0,8716.91,0,1,97,6,138,18,0,0.48,20.39,1,47.59,0,0,8,45.37,61,0,9,North America,Web
CUST_0524,Healthcare,Small,Enterprise,30.23,Paid Ads,16,1,0,1,6754.3,1,6,109,24,138,20,5,0.01,66.73,1,45.47,0,0,7,15.42,68,0,49,Asia,Web
CUST_0525,Education,Small,Basic,35.04,Paid Ads,8,1,0,1,12103.94,1,6,19,6,146,14,3,0.14,24.16,0,21.62,1,0,12,48.2,30,1,34,North America,Web
CUST_0526,Finance,Enterprise,Enterprise,70.8,Organic,46,0,1,0,6121.89,0,1,88,18,112,19,5,0.06,31.23,0,40.06,0,0,5,1.04,41,0,55,Asia,Mobile
CUST_0527,Healthcare,Mid,Enterprise,67.13,Organic,26,1,0,1,3861.88,0,10,117,11,146,12,3,0.92,39.89,0,42.19,1,0,3,23.15,39,1,9,Europe,Mobile
CUST_0528,IT,Mid,Enterprise,98.62,Social Media,17,0,0,0,6591.61,0,10,77,7,190,5,4,0.36,52.53,1,10.77,0,0,10,30.18,24,1,38,Europe,Mobile
CUST_0529,Marketing,Mid,Enterprise,24.12,Social Media,32,1,0,1,549.53,0,3,95,15,83,9,2,0.56,35.5,1,47.63,0,0,4,45.9,88,0,6,Australia,Mobile
CUST_0530,Education,Small,Business,111.02,Email,16,1,0,1,13551.35,0,3,113,12,137,17,5,0.63,39.92,0,26.46,1,1,11,49.83,33,1,52,Australia,Web
CUST_0531,Education,Mid,Basic,25.42,Paid Ads,11,0,1,0,5841.2,0,3,157,8,155,14,2,0.47,118.23,1,21.36,0,0,1,30.18,53,0,48,North America,Web
CUST_0532,IT,Enterprise,Business,47.29,Social Media,26,1,1,1,4992.35,1,6,138,1,133,5,5,0.85,146.1,1,15.93,1,1,13,25.14,42,1,35,Europe,Mobile
CUST_0533,Education,Mid,Enterprise,116.39,Paid Ads,10,1,1,0,2027.18,0,5,68,15,23,16,1,0.14,129.5,0,48.3,0,0,8,11.31,72,1,20,Europe,Desktop App
CUST_0534,Healthcare,Enterprise,Basic,54.3,Referral,29,0,1,0,10278.32,0,9,26,4,76,21,1,0.96,137.43,1,6.63,0,0,8,1.78,89,0,5,North America,Mobile
CUST_0535,Marketing,Mid,Pro,51.65,Social Media,33,0,1,0,1130.88,0,3,39,10,7,15,1,0.25,143.21,1,15.69,0,0,9,39.12,86,1,8,Australia,Web
CUST_0536,Marketing,Small,Business,61.23,Email,15,0,1,0,1736.52,0,10,42,19,54,5,2,0.27,131.72,1,36.51,0,0,13,11.36,30,1,24,Asia,Mobile
CUST_0537,Design,Small,Pro,16.37,Organic,4,1,1,0,4210.64,0,8,43,21,30,29,5,0.67,56.42,1,7.46,0,0,9,30.25,77,1,58,Asia,Web
CUST_0538,Marketing,Mid,Pro,41.02,Social Media,5,0,1,0,2082.88,0,10,19,20,187,8,5,0.12,99.98,0,17.52,0,0,2,25.46,55,1,36,Europe,Web
CUST_0539,Marketing,Mid,Business,112.2,Paid Ads,4,1,1,1,5924.71,1,7,105,12,173,2,3,0.52,17,1,28.48,0,0,6,47.96,26,1,25,Asia,Web
CUST_0540,Healthcare,Mid,Basic,49.92,Paid Ads,9,0,1,0,8222.58,0,4,27,7,144,24,1,0.9,76.52,0,2.13,0,0,7,24.16,93,0,5,Europe,Mobile
CUST_0541,IT,Small,Enterprise,21.22,Social Media,48,1,0,0,12554.88,0,2,106,23,124,21,0,0.69,94.39,0,37.92,0,0,7,44.36,18,1,20,North America,Desktop App
CUST_0542,Marketing,Mid,Business,22.26,Referral,45,0,0,0,5570.64,0,4,56,13,53,18,3,0.6,44.6,1,18.94,0,0,8,32.05,54,0,17,Asia,Desktop App
CUST_0543,Marketing,Small,Pro,78.59,Paid Ads,15,1,0,0,8987.19,0,2,150,15,119,3,3,0.62,16.85,1,27.18,0,0,9,42.21,76,0,7,Asia,Mobile
CUST_0544,IT,Mid,Enterprise,58.48,Email,40,1,1,0,2286.46,0,8,17,8,28,13,5,0.96,85.71,1,31.36,0,0,3,47.23,46,1,36,North America,Mobile
CUST_0545,IT,Enterprise,Business,71.55,Email,25,1,0,1,9041.5,0,5,59,16,88,4,3,0.74,103,1,26.95,1,1,12,37.51,52,0,14,Asia,Web
CUST_0546,Healthcare,Mid,Pro,28.82,Organic,39,0,0,0,10324.23,0,9,139,25,120,17,0,0.98,23.37,1,42,0,0,2,48.85,71,1,41,Australia,Mobile
CUST_0547,Design,Small,Basic,87.56,Referral,30,1,1,1,8649.99,0,9,59,4,178,10,2,0.79,49,1,6.08,1,1,12,20.14,33,1,59,Europe,Web
CUST_0548,Finance,Mid,Pro,11.98,Social Media,20,0,1,0,9650.9,0,4,21,9,14,13,1,0.53,94.03,0,33.96,0,0,13,20.5,12,0,48,Europe,Mobile
CUST_0549,Finance,Small,Business,13.29,Organic,38,0,0,0,3468.38,0,8,112,25,25,9,2,0.58,136.83,0,15.03,0,0,2,4.88,32,1,43,Australia,Mobile
CUST_0550,Design,Small,Basic,72.83,Email,24,1,0,1,3783.83,1,3,175,12,51,24,3,0.53,71.3,1,34.72,0,0,12,49.57,31,1,45,Australia,Mobile
CUST_0551,Healthcare,Mid,Pro,48.61,Paid Ads,38,1,0,0,5126.1,0,9,79,23,44,1,0,0.71,14.72,1,10.16,0,0,12,29.83,34,0,8,Asia,Web
CUST_0552,Education,Small,Basic,70.17,Paid Ads,49,0,0,0,11290.86,0,6,11,3,100,3,2,0.34,13.44,1,12.77,0,0,13,5.1,35,1,3,Europe,Desktop App
CUST_0553,Finance,Mid,Enterprise,82.22,Referral,2,1,0,0,11253.94,0,3,22,23,150,15,3,0.98,78.23,0,15.74,0,0,7,6.18,46,1,4,Australia,Mobile
CUST_0554,Finance,Small,Pro,69.28,Paid Ads,1,0,0,0,3791.33,0,9,133,16,93,7,5,0.08,78.34,0,19.45,0,0,4,6.35,2,1,49,Australia,Mobile
CUST_0555,IT,Small,Business,110.73,Organic,33,0,0,0,9111.61,0,9,9,15,95,8,3,0.25,73.51,1,8.86,0,0,10,7.85,99,0,23,Asia,Desktop App
CUST_0556,Marketing,Mid,Business,54.78,Paid Ads,22,0,0,0,3637.64,0,5,164,6,158,13,4,1,23.22,1,47.34,0,0,9,31.92,63,0,43,Australia,Mobile
CUST_0557,Education,Small,Basic,32.9,Email,39,1,1,1,3212.25,0,9,60,10,59,3,5,0.2,121.02,0,30.43,0,1,10,16.8,1,0,23,North America,Web
CUST_0558,Education,Mid,Basic,109.08,Organic,47,1,1,0,2412.43,0,7,12,24,106,8,4,0.2,91.34,1,30.63,0,0,6,45.9,92,1,4,Australia,Mobile
CUST_0559,Finance,Mid,Basic,20.23,Email,1,0,1,0,1649.38,0,1,152,19,89,29,1,0.93,143.17,1,10.42,0,0,1,12.04,96,1,38,North America,Desktop App
CUST_0560,IT,Enterprise,Basic,78.82,Organic,33,0,1,0,7435,0,1,85,10,20,8,2,0.23,51.96,0,25.99,0,0,14,44.6,58,1,36,Europe,Desktop App
CUST_0561,Finance,Enterprise,Basic,75.26,Organic,43,1,1,0,13186.52,0,1,153,18,85,10,4,0.48,18.28,0,1.48,0,0,2,41.45,94,1,10,Europe,Web
CUST_0562,IT,Small,Pro,26.67,Organic,49,0,1,0,13541.12,0,6,95,1,12,19,2,0.98,30.8,0,26.23,0,0,13,48.13,47,1,44,North America,Mobile
CUST_0563,IT,Enterprise,Pro,52.41,Email,21,0,1,0,6407.74,0,9,142,21,195,19,4,0.06,72.74,0,26.78,0,0,7,39.77,81,1,48,Europe,Mobile
CUST_0564,Marketing,Enterprise,Business,63.08,Referral,2,1,0,1,7340.44,1,8,18,19,141,8,1,0.05,126.54,1,8.66,1,1,8,46.67,24,1,17,North America,Web
CUST_0565,Design,Mid,Pro,61.47,Referral,22,1,1,1,3711.82,1,4,95,3,162,3,2,0.69,15.01,1,22.19,0,0,7,5.6,55,1,21,Asia,Desktop App
CUST_0566,Design,Mid,Pro,108.9,Organic,11,0,0,0,12900.99,0,9,65,11,174,27,3,0.52,117.05,0,45.92,0,0,9,7.69,79,1,10,Europe,Mobile
CUST_0567,Finance,Small,Pro,68.02,Email,8,1,1,1,14391.13,0,3,155,7,47,23,3,0.73,54.22,0,9.52,0,1,11,36.99,23,1,29,North America,Mobile
CUST_0568,Education,Enterprise,Business,79.26,Referral,37,0,0,0,5888.86,0,5,144,18,99,8,5,0.69,46.24,0,49.09,0,0,11,30.18,24,1,12,Europe,Desktop App
CUST_0569,Healthcare,Small,Business,106.97,Paid Ads,31,1,1,1,12609.98,1,10,30,12,52,24,0,0.47,93.55,1,2.28,1,1,2,41.87,100,0,60,Asia,Web
CUST_0570,Education,Enterprise,Business,77.26,Organic,49,0,0,0,13905.44,0,5,134,15,118,2,4,0.52,85.81,0,39.62,0,0,5,43.76,11,1,24,Europe,Web
CUST_0571,Education,Enterprise,Business,54.56,Organic,32,0,1,0,9562.68,0,5,130,19,132,13,2,0.57,93.67,1,17.72,0,0,9,10.4,86,0,15,Europe,Desktop App
CUST_0572,Marketing,Mid,Basic,31.15,Email,32,1,1,1,4497.49,0,7,57,23,60,2,0,0.27,28.3,1,45.52,1,1,13,1.89,86,0,0,Australia,Desktop App
CUST_0573,Education,Small,Basic,66.82,Referral,45,0,1,0,8345.24,0,7,80,13,180,24,0,0.06,99.96,0,39.91,0,0,5,11.08,42,0,11,North America,Web
CUST_0574,Design,Enterprise,Enterprise,10.44,Referral,12,0,0,0,11818.18,0,8,100,4,146,14,0,0.87,38.7,1,13.59,0,0,8,41.99,48,0,24,Europe,Web
CUST_0575,IT,Small,Pro,44.62,Social Media,10,0,1,0,14238.3,0,10,14,23,80,15,3,0.56,71.56,0,7.15,0,0,10,39.41,94,1,8,Australia,Desktop App
CUST_0576,Design,Enterprise,Basic,88.89,Organic,36,1,0,1,12063.02,1,6,156,25,26,21,4,0.04,35.29,0,42.15,0,1,3,7.34,21,0,14,Europe,Mobile
CUST_0577,Design,Small,Business,102.75,Paid Ads,1,1,0,1,13846.83,0,2,102,16,112,21,1,0.8,44.88,1,35.87,1,0,7,28.67,96,1,42,Australia,Web
CUST_0578,Design,Enterprise,Pro,113.09,Paid Ads,14,0,0,0,14467.87,0,6,62,10,7,23,2,0.32,12.53,1,19.56,0,0,10,6.08,55,0,4,North America,Mobile
CUST_0579,Finance,Enterprise,Enterprise,39.4,Email,34,1,1,0,10070.04,0,2,165,19,112,1,0,0.19,61.09,0,9.28,0,0,8,29.17,78,1,60,Australia,Mobile
CUST_0580,Design,Small,Basic,71.07,Paid Ads,38,0,0,0,11663.2,0,4,146,13,35,22,3,0.33,54.56,1,29.74,0,0,11,8.29,87,0,35,North America,Web
CUST_0581,Finance,Mid,Enterprise,35.27,Social Media,43,0,0,0,14310,0,6,72,3,45,12,1,0.31,138.38,1,20.52,0,0,4,15.5,9,0,7,Asia,Web
CUST_0582,Education,Small,Enterprise,17.34,Paid Ads,2,0,1,0,9127.7,0,5,65,9,63,28,1,0.19,144.76,1,35.6,0,0,5,25.62,45,0,21,Europe,Web
CUST_0583,IT,Small,Enterprise,11.52,Organic,28,0,1,0,11594.65,0,5,177,6,179,9,0,0.84,119.91,1,29.9,0,0,1,38.94,96,0,57,North America,Mobile
CUST_0584,Design,Small,Basic,80.33,Email,22,0,0,0,6927.66,0,5,134,9,185,18,5,0.54,55.26,1,21.05,0,0,13,9.09,11,1,29,Australia,Desktop App
CUST_0585,Marketing,Small,Pro,22.78,Paid Ads,15,0,1,0,4766.87,0,6,6,9,123,7,2,0.37,80.38,0,15.84,0,0,14,23.86,70,1,39,Europe,Web
CUST_0586,Education,Small,Basic,63.03,Referral,40,1,0,0,13029.21,0,6,19,5,181,30,5,0.78,29.67,0,36.54,0,0,6,11.9,33,0,14,Australia,Desktop App
CUST_0587,Healthcare,Small,Enterprise,102.55,Social Media,27,1,0,1,6761.09,1,9,144,25,145,3,0,0.95,82.15,0,8.48,0,1,14,9,37,1,49,Australia,Web
CUST_0588,Education,Small,Basic,16.8,Social Media,2,0,0,0,3272.46,0,10,67,14,163,26,1,0.24,110.87,0,25.28,0,0,5,14.36,18,1,30,Asia,Web
CUST_0589,Education,Enterprise,Basic,116.06,Email,28,1,1,1,11602.62,0,7,55,18,115,27,2,0.18,14.98,1,38.05,0,0,4,29.03,26,1,12,North America,Web
CUST_0590,Healthcare,Small,Basic,56.42,Email,44,1,0,1,4867.72,0,6,163,6,20,21,2,0.51,49.52,1,27.12,1,0,8,0.7,72,1,16,Asia,Web
CUST_0591,Healthcare,Enterprise,Basic,49.29,Email,16,0,1,0,11792.48,0,7,38,1,173,21,5,0.37,38.21,0,21.32,0,0,1,11.84,81,1,50,Australia,Desktop App
CUST_0592,Finance,Enterprise,Basic,60.92,Social Media,4,0,1,0,14759.06,0,7,160,8,160,29,4,0.83,65.51,0,2,0,0,2,44.8,100,0,32,Europe,Desktop App
CUST_0593,Marketing,Mid,Business,86.16,Organic,36,1,0,1,2288.91,1,9,85,22,141,9,3,0.69,141.22,0,15.56,0,0,13,37.41,65,0,33,Asia,Desktop App
CUST_0594,IT,Small,Pro,29.62,Email,6,1,0,1,6644.29,0,7,86,10,141,26,4,0.99,124.86,1,45.11,0,1,4,45.2,96,0,28,North America,Mobile
CUST_0595,Marketing,Mid,Enterprise,94.31,Referral,17,1,1,0,11875.45,0,6,140,23,94,8,0,0.35,90,0,11.21,0,0,3,36.25,20,0,10,North America,Desktop App
CUST_0596,IT,Mid,Pro,112.38,Organic,30,1,1,0,12829.39,0,9,167,14,100,11,4,0.99,47.66,1,46.94,0,0,13,22.63,88,1,46,Asia,Web
CUST_0597,IT,Small,Enterprise,27.01,Paid Ads,47,1,0,1,7446.61,0,6,75,21,183,14,5,0.5,148.44,0,14.82,1,1,3,14.55,14,0,0,North America,Mobile
CUST_0598,Education,Mid,Enterprise,22.55,Email,20,0,0,0,10286.35,0,5,76,14,12,11,1,0.19,122.35,1,35.95,0,0,7,6.58,57,0,39,North America,Desktop App
CUST_0599,Design,Mid,Basic,58.2,Referral,8,1,1,0,5266.22,0,9,36,16,185,14,0,0.26,17.43,0,4.7,0,0,5,23.45,83,1,40,Europe,Mobile
CUST_0600,Finance,Mid,Business,112.24,Organic,46,0,0,0,10508.84,0,3,108,3,167,15,4,0.11,56.4,1,43.35,0,0,14,43.67,73,0,17,North America,Mobile
CUST_0601,Education,Small,Enterprise,66.97,Paid Ads,44,1,1,0,13193.99,0,6,52,23,56,16,0,0.94,116,1,12.61,0,0,5,23.43,65,0,7,Europe,Desktop App
CUST_0602,Marketing,Small,Basic,111.64,Email,1,0,1,0,10466.87,0,7,10,14,58,29,0,0.56,116.94,1,47.87,0,0,3,37.26,90,1,52,Asia,Mobile
CUST_0603,Education,Mid,Business,83.04,Paid Ads,45,0,0,0,5055.61,0,10,91,6,133,13,0,0.12,133.43,0,21.07,0,0,7,27.12,41,1,46,North America,Web
CUST_0604,Marketing,Enterprise,Business,42.55,Referral,50,1,1,1,6227.32,0,5,153,10,11,14,3,0.81,76.8,1,4.28,0,0,8,49.99,33,0,49,Europe,Mobile
CUST_0605,Marketing,Mid,Business,13.28,Referral,40,1,0,1,332.27,1,6,7,2,155,6,3,0.23,116.06,1,49.4,1,0,6,16.32,22,0,60,North America,Desktop App
CUST_0606,Finance,Enterprise,Enterprise,97.8,Paid Ads,36,0,1,0,6470.01,0,7,34,20,106,17,4,0.26,18.16,0,44.79,0,0,4,11.34,17,1,52,Asia,Desktop App
CUST_0607,Healthcare,Mid,Enterprise,111.19,Email,6,1,1,0,12686.71,0,7,52,2,175,21,3,0.09,132.35,0,32.23,0,0,3,35.75,89,0,20,Asia,Desktop App
CUST_0608,Design,Mid,Enterprise,14.84,Email,31,0,0,0,13536.43,0,3,66,6,127,25,3,0.31,69.24,1,12.63,0,0,3,38.83,71,1,2,North America,Web
CUST_0609,IT,Mid,Pro,45.95,Email,19,1,1,1,1960.13,1,4,32,2,112,3,5,0.29,69.66,0,42.89,0,0,4,44.27,53,0,48,Asia,Desktop App
CUST_0610,Education,Small,Business,36.69,Social Media,16,0,0,0,154.47,0,9,34,19,33,11,5,0.96,62.27,1,46.11,0,0,6,9.01,73,1,21,North America,Desktop App
CUST_0611,Healthcare,Enterprise,Business,29.95,Email,45,1,0,0,12275.89,0,8,31,14,27,17,0,0.76,37.77,0,46.46,0,0,3,26.45,13,0,11,Asia,Desktop App
CUST_0612,Education,Enterprise,Enterprise,50.32,Social Media,20,0,0,0,6341.18,0,2,90,8,7,29,5,0.26,18.13,1,14.1,0,0,12,47.38,7,0,10,North America,Desktop App
CUST_0613,Healthcare,Mid,Basic,66.13,Organic,13,1,1,1,7307.06,0,8,11,22,93,17,2,0.9,71.94,1,34.74,1,0,13,47.65,72,0,39,Asia,Web
CUST_0614,IT,Enterprise,Business,96.82,Paid Ads,2,1,0,1,8089.97,0,8,123,20,56,26,5,0.67,98.71,1,16.03,1,0,9,19.25,17,1,21,Asia,Mobile
CUST_0615,Design,Enterprise,Enterprise,84.43,Referral,38,0,1,0,7531.68,0,4,39,1,65,3,1,0.49,138.73,0,45.25,0,0,6,8.89,56,0,23,Europe,Desktop App
CUST_0616,Marketing,Small,Enterprise,52.71,Social Media,39,1,1,0,7703.18,0,2,13,9,57,14,2,0.6,43.16,0,40.02,0,0,3,10.02,11,1,8,Asia,Desktop App
CUST_0617,Finance,Mid,Enterprise,17.38,Social Media,11,0,1,0,9128.83,0,4,30,8,37,20,4,0.93,16.58,0,23.13,0,0,12,42.12,11,1,29,Europe,Desktop App
CUST_0618,Design,Enterprise,Enterprise,56.81,Referral,13,1,0,0,14975.98,0,1,15,12,13,11,4,0.74,129.9,1,11.47,0,0,13,36.58,25,1,44,Australia,Mobile
CUST_0619,Finance,Enterprise,Basic,15.63,Paid Ads,33,0,0,0,8259.26,0,10,145,16,130,27,3,0.58,123.74,0,20.14,0,0,4,33.42,68,0,26,Europe,Desktop App
CUST_0620,Education,Mid,Business,34.28,Referral,31,0,0,0,3819.46,0,8,6,21,145,3,4,0.15,97.69,1,21.4,0,0,2,9.34,90,1,30,Asia,Web
CUST_0621,Design,Enterprise,Enterprise,113.09,Organic,6,0,0,0,2916.61,0,2,53,18,65,11,4,0.08,126.08,0,25.58,0,0,5,1.04,84,0,43,Australia,Web
CUST_0622,Design,Small,Business,84.42,Organic,29,0,1,0,6183.33,0,5,142,7,190,19,5,0.13,75.74,0,35.63,0,0,3,18.1,24,0,35,Asia,Mobile
CUST_0623,Education,Small,Enterprise,99.57,Organic,22,0,0,0,2380.62,0,1,51,17,58,2,3,0.92,142.83,0,34.19,0,0,10,40.63,47,1,9,North America,Desktop App
CUST_0624,Finance,Enterprise,Basic,90.75,Organic,30,0,0,0,8558.45,0,2,26,23,190,22,5,0.44,84.31,0,38.13,0,0,9,7.49,60,1,20,Australia,Web
CUST_0625,IT,Mid,Enterprise,23.16,Email,46,0,1,0,6997.58,0,7,133,7,61,18,5,0.41,28.42,1,44.87,0,0,5,48.88,39,0,19,North America,Desktop App
CUST_0626,Education,Small,Business,19.91,Paid Ads,34,1,0,0,14650.34,0,4,33,11,199,3,1,0.49,74.26,0,11.21,0,0,13,34.29,14,1,41,Asia,Desktop App
CUST_0627,Marketing,Mid,Business,28.42,Organic,35,0,0,0,5488.45,0,6,49,9,83,11,1,0.65,14.78,0,49.01,0,0,5,26.41,41,0,43,North America,Mobile
CUST_0628,Healthcare,Mid,Basic,83.87,Organic,39,1,0,0,10273.35,0,10,45,18,83,2,0,0.82,8.28,0,27.26,0,0,6,19.38,76,0,58,Australia,Desktop App
CUST_0629,Healthcare,Small,Business,91.48,Email,30,1,0,1,229.22,1,6,93,13,141,17,3,0.42,11.6,1,5.76,0,1,13,34.62,39,0,7,Asia,Web
CUST_0630,Education,Enterprise,Basic,52.18,Organic,47,0,0,0,2675.94,0,2,120,7,56,30,3,0.16,144.83,1,18.51,0,0,10,30.87,73,1,42,Europe,Desktop App
CUST_0631,Marketing,Enterprise,Business,112.21,Social Media,20,1,0,0,1101.64,0,6,32,17,14,15,1,0.34,11.99,1,40.53,0,0,12,36.8,15,1,51,North America,Mobile
CUST_0632,Finance,Small,Pro,87.93,Referral,5,1,0,1,5796.06,1,4,130,21,100,4,5,0.1,47.83,1,47.02,0,1,12,45.22,64,0,26,Europe,Desktop App
CUST_0633,IT,Mid,Pro,109.28,Organic,10,1,0,0,1415.38,0,10,176,25,68,8,1,0.44,107.84,0,8.09,0,0,13,24.79,73,0,3,North America,Mobile
CUST_0634,Healthcare,Enterprise,Basic,35.96,Paid Ads,17,1,1,0,9746.25,0,4,7,8,198,7,4,0.65,84.3,1,18.77,0,0,13,10.46,28,1,2,Europe,Web
CUST_0635,Design,Small,Basic,110.93,Organic,41,0,0,0,13044.36,0,3,74,21,199,7,5,0.06,145.14,1,16.06,0,0,1,35.06,49,0,0,Asia,Web
CUST_0636,Finance,Enterprise,Pro,87.93,Organic,42,1,1,1,14036.37,1,8,113,7,127,9,2,0.05,123.39,0,38.09,0,0,14,20.67,61,1,17,Asia,Desktop App
CUST_0637,Marketing,Small,Pro,64.58,Organic,20,1,0,0,12107.84,0,9,155,25,114,11,1,0.72,143.85,1,14.03,0,0,9,49.83,86,1,37,Asia,Desktop App
CUST_0638,Marketing,Small,Business,47.04,Referral,9,1,1,1,1550.57,1,5,139,18,72,25,5,0.19,138.85,0,6.54,0,1,1,25.48,42,1,36,Asia,Web
CUST_0639,Marketing,Enterprise,Business,109.47,Referral,47,1,0,1,1612.35,1,6,40,24,47,16,2,0.42,60.89,0,41.84,0,1,10,17.97,58,1,43,Asia,Web
CUST_0640,IT,Small,Basic,32.74,Social Media,43,1,0,1,10156.89,0,9,25,19,144,7,0,0.9,55.81,1,26.01,1,0,5,35.02,45,1,11,North America,Desktop App
CUST_0641,Design,Mid,Basic,107.66,Social Media,2,0,0,0,5660.27,0,1,80,14,25,23,5,0.08,64.16,0,8.99,0,0,14,33.29,79,0,44,Europe,Mobile
CUST_0642,Design,Small,Business,66.21,Referral,41,1,0,1,14411.87,0,1,72,15,4,24,1,0.23,23.53,0,47.96,0,1,14,49.8,70,1,14,North America,Desktop App
CUST_0643,Education,Mid,Business,115.03,Referral,49,1,0,0,10384.26,0,10,102,17,94,19,4,0.87,90.94,0,28.86,0,0,9,25.86,14,0,28,Asia,Desktop App
CUST_0644,Marketing,Small,Business,82.87,Paid Ads,4,1,1,1,1512.49,0,1,74,7,11,3,2,0.17,149.89,0,18.68,0,1,2,26.54,64,0,58,North America,Web
CUST_0645,Education,Enterprise,Business,36.18,Social Media,17,1,0,0,8963.68,0,8,157,1,143,26,4,0.87,64.49,0,34.65,0,0,2,4.69,62,1,18,North America,Mobile
CUST_0646,Healthcare,Mid,Pro,49.11,Referral,11,1,0,0,10786.83,0,4,122,24,84,23,3,0.59,144.51,0,23.96,0,0,8,39.93,3,1,60,Europe,Desktop App
CUST_0647,Healthcare,Mid,Enterprise,50.38,Organic,14,0,1,0,7217.41,0,2,179,7,48,23,3,0.19,145.93,1,22.5,0,0,2,24.28,77,1,4,Asia,Desktop App
CUST_0648,Design,Small,Enterprise,41.67,Social Media,24,0,0,0,9301.52,0,4,144,16,109,20,2,0.78,88.94,0,14.27,0,0,6,4.85,64,0,36,Australia,Web
CUST_0649,Education,Small,Business,69.29,Referral,29,1,1,0,5493.25,0,4,41,18,180,17,0,0.39,92.94,0,34.05,0,0,1,38.92,51,0,34,Australia,Desktop App
CUST_0650,Education,Enterprise,Basic,93.02,Paid Ads,40,0,1,0,4390.55,0,4,23,20,51,8,4,0.31,140.39,1,26.01,0,0,5,20.93,53,1,24,Australia,Web
CUST_0651,Finance,Mid,Pro,117.52,Paid Ads,44,0,0,0,3588.15,0,2,110,19,195,15,2,0.3,34.94,0,45,0,0,3,20.4,2,1,50,Asia,Web
CUST_0652,Finance,Mid,Business,11.72,Social Media,6,1,0,1,7988.07,1,2,91,4,93,1,3,0.09,59.06,1,26.25,1,0,6,25.96,45,0,18,Australia,Mobile
CUST_0653,Finance,Enterprise,Basic,23.05,Organic,43,1,0,0,11064.45,0,4,103,3,41,1,3,0.44,98.1,0,2.89,0,0,2,15.85,25,1,10,North America,Desktop App
CUST_0654,Education,Enterprise,Pro,12.18,Email,21,1,0,1,979.34,0,7,39,14,129,27,0,0.5,122.63,0,23.43,0,1,13,6.05,17,0,48,Asia,Mobile
CUST_0655,Marketing,Small,Pro,20.23,Email,4,1,0,1,11276.42,1,1,5,10,150,29,3,0.93,67.71,1,30.77,0,0,11,12.38,12,1,22,Europe,Desktop App
CUST_0656,Marketing,Small,Pro,55.7,Organic,37,0,1,0,4434.95,0,3,164,22,89,19,0,0.55,147.84,1,21.16,0,0,6,7.14,33,0,49,Australia,Web
CUST_0657,Finance,Enterprise,Pro,51.31,Paid Ads,34,1,1,1,619.12,1,9,17,20,32,19,0,0.48,21.85,0,25.54,1,0,12,26.27,28,0,41,Asia,Web
CUST_0658,Finance,Enterprise,Enterprise,28.74,Organic,38,0,1,0,14222.11,0,10,154,7,106,15,4,0.6,101.46,0,14.83,0,0,7,26.68,97,0,2,Australia,Web
CUST_0659,Finance,Mid,Pro,58.63,Referral,28,1,1,1,169.3,1,8,125,14,156,29,2,0.2,111.31,0,24.78,0,0,9,33.14,65,1,47,Europe,Web
CUST_0660,Education,Enterprise,Basic,112.59,Referral,43,1,0,0,7843.81,0,7,74,16,180,3,2,0.33,10.29,1,14.96,0,0,12,14.53,32,0,4,Europe,Desktop App
CUST_0661,Marketing,Enterprise,Basic,41.52,Referral,15,0,1,0,10289.6,0,3,27,5,160,18,1,0.91,76.95,0,44.36,0,0,5,13.52,63,1,24,Europe,Desktop App
CUST_0662,Design,Mid,Business,59.4,Email,28,0,1,0,5599.68,0,6,52,12,18,12,3,0.54,99.6,0,6.66,0,0,13,17.86,55,1,15,North America,Mobile
CUST_0663,Healthcare,Enterprise,Business,103.75,Referral,28,0,0,0,14787.13,0,2,89,17,7,24,2,0.78,9.21,0,45.18,0,0,12,7.51,81,0,41,Asia,Desktop App
CUST_0664,Design,Mid,Pro,104.15,Paid Ads,47,1,1,0,5211.91,0,3,92,19,139,3,1,0.93,34.07,0,17.17,0,0,11,49.44,20,0,30,Australia,Web
CUST_0665,Education,Small,Business,57.7,Referral,21,1,0,1,11886.34,0,3,74,22,149,2,1,0.05,143.01,0,39,1,1,5,7.78,13,1,57,Australia,Web
CUST_0666,Design,Mid,Enterprise,72.6,Social Media,7,0,1,0,375.6,0,7,12,20,133,13,4,0.06,68.65,0,24.75,0,0,1,40.24,35,0,34,North America,Mobile
CUST_0667,Finance,Mid,Basic,12.19,Organic,25,0,0,0,649.33,0,10,175,5,173,2,0,0.46,117.41,0,28.43,0,0,1,37.68,63,0,22,North America,Mobile
CUST_0668,Healthcare,Small,Enterprise,45.58,Referral,13,1,1,0,2543.57,0,3,62,2,47,11,4,0.73,47.93,1,46.78,0,0,14,40.51,6,0,38,Europe,Mobile
CUST_0669,Marketing,Small,Enterprise,92.09,Email,11,1,0,1,3875.89,1,10,171,1,74,7,0,0.34,35.9,1,1.32,1,0,4,24.35,50,0,46,Australia,Mobile
CUST_0670,Finance,Small,Business,22.82,Paid Ads,44,0,1,0,8483.05,0,6,81,25,56,25,4,0.01,89.14,0,44.33,0,0,13,30.2,42,1,52,Europe,Mobile
CUST_0671,IT,Mid,Enterprise,17.36,Paid Ads,7,0,1,0,5374.64,0,1,53,18,2,15,1,0.96,129.31,0,26.92,0,0,6,46.75,38,0,38,Australia,Mobile
CUST_0672,Healthcare,Mid,Enterprise,29.98,Email,20,0,0,0,8580.28,0,3,67,9,125,10,4,0.6,69.28,1,11.43,0,0,1,12.79,24,1,58,Australia,Web
CUST_0673,IT,Mid,Enterprise,104.09,Paid Ads,49,0,1,0,4956.19,0,7,13,15,138,2,1,0.24,95.94,0,17.59,0,0,5,17.87,72,1,8,North America,Desktop App
CUST_0674,Design,Enterprise,Pro,109.47,Social Media,48,1,1,0,13519.42,0,8,71,17,25,21,5,0.34,88.41,0,33.67,0,0,7,18.37,14,1,7,North America,Web
CUST_0675,Healthcare,Small,Business,49.68,Social Media,39,1,0,1,2921.31,0,4,81,12,86,27,4,0.08,28.89,0,37.8,1,0,2,43.98,31,1,2,Asia,Mobile
CUST_0676,Healthcare,Enterprise,Basic,66.09,Organic,47,0,0,0,6662.82,0,1,161,17,100,3,2,0.11,69.11,1,23.5,0,0,9,8.79,85,0,7,Asia,Web
CUST_0677,Design,Small,Pro,16.3,Referral,15,0,1,0,12844.27,0,3,84,18,142,2,0,0.21,90.17,0,43.82,0,0,11,30.93,97,1,59,Europe,Web
CUST_0678,IT,Enterprise,Basic,63.66,Paid Ads,16,1,1,1,5524.87,1,2,93,9,150,26,2,0.94,136.98,1,30.97,1,1,3,5.25,58,0,9,Europe,Web
CUST_0679,Healthcare,Small,Pro,91.78,Referral,44,1,1,1,4641.73,1,7,64,17,69,6,3,0.69,11.63,1,39.09,0,0,11,19.5,3,0,19,Asia,Web
CUST_0680,Healthcare,Small,Enterprise,82.79,Organic,40,0,1,0,1891.68,0,10,70,11,76,6,4,0.53,66.49,1,18.98,0,0,5,10.79,24,1,49,Europe,Web
CUST_0681,Marketing,Mid,Basic,28.1,Organic,6,1,1,0,13285.74,0,4,98,9,198,17,1,0.3,90.87,0,47.3,0,0,13,49.01,86,1,39,North America,Desktop App
CUST_0682,Finance,Mid,Enterprise,69.63,Email,17,0,0,0,4442.24,0,6,75,10,197,7,5,0.7,142.57,1,37.69,0,0,7,38.49,50,0,8,North America,Web
CUST_0683,Finance,Mid,Enterprise,22.45,Referral,39,1,0,1,10251.96,1,3,74,25,145,1,5,0.86,85.1,1,18.93,0,0,3,3.94,93,1,36,North America,Desktop App
CUST_0684,Design,Enterprise,Basic,95.38,Social Media,47,1,0,0,12320.98,0,6,62,10,40,23,2,0.15,103.7,0,31.04,0,0,11,48.71,66,1,44,Australia,Mobile
CUST_0685,Healthcare,Mid,Pro,83.06,Organic,28,0,1,0,2612.89,0,9,13,24,198,13,2,0.48,143.4,0,47.73,0,0,2,38,28,0,59,Europe,Web
CUST_0686,Design,Enterprise,Basic,50.56,Paid Ads,15,1,1,1,12892.47,0,9,31,3,149,29,3,0.13,140.53,0,38.55,1,0,14,31.02,90,0,14,North America,Web
CUST_0687,Design,Small,Pro,59.18,Paid Ads,39,0,1,0,3165.22,0,1,25,10,89,7,3,0.05,78.25,1,26.29,0,0,7,3.6,91,1,35,North America,Mobile
CUST_0688,Finance,Small,Business,13.85,Paid Ads,11,0,1,0,5820.98,0,3,55,13,193,9,5,0.44,81.54,1,42.76,0,0,7,44.85,57,0,11,Asia,Desktop App
CUST_0689,Education,Mid,Basic,77.57,Organic,31,0,1,0,10446.7,0,6,9,8,58,20,2,0.97,57.4,0,45.45,0,0,9,48.39,15,1,17,Europe,Mobile
CUST_0690,Marketing,Small,Business,85.99,Organic,13,0,1,0,14777.47,0,9,170,19,198,8,3,0.75,56.43,1,4.83,0,0,3,16.41,60,1,3,North America,Web
CUST_0691,Healthcare,Mid,Enterprise,81.04,Referral,41,0,0,0,1029.39,0,10,10,12,109,21,5,0.06,41.75,0,8.8,0,0,10,4.65,3,1,0,North America,Mobile
CUST_0692,Marketing,Enterprise,Enterprise,76.66,Social Media,29,1,1,0,6988.8,0,6,32,19,22,12,4,0.58,132.85,0,17.06,0,0,14,6.4,65,1,49,Asia,Web
CUST_0693,Finance,Small,Basic,33.54,Referral,10,1,0,1,12504.59,1,10,62,19,22,1,1,0.95,74.62,0,17.39,0,1,4,13.26,97,1,52,Europe,Mobile
CUST_0694,Education,Enterprise,Enterprise,37.17,Referral,32,1,1,0,11387.22,0,4,52,13,135,26,0,0.73,18.45,1,37.38,0,0,14,2.99,6,1,49,Asia,Desktop App
CUST_0695,Design,Mid,Pro,108.17,Social Media,5,1,0,0,10753.51,0,5,105,2,33,17,1,0.95,77.06,0,28.71,0,0,11,41.66,7,0,7,Europe,Mobile
CUST_0696,Education,Small,Business,11.13,Organic,19,1,0,1,5424.48,1,4,60,12,7,23,5,0.01,78.71,1,13.26,0,0,1,9.04,58,1,8,Europe,Mobile
CUST_0697,Education,Mid,Basic,19.26,Social Media,1,0,1,0,12765.61,0,2,33,21,153,1,4,0.16,52.55,1,25.36,0,0,5,41.93,54,0,48,Asia,Desktop App
CUST_0698,Marketing,Small,Enterprise,100.19,Social Media,31,1,0,1,5819.01,0,2,45,24,167,24,3,0.19,32.83,0,31.46,0,0,9,6.78,76,1,59,Australia,Web
CUST_0699,Education,Enterprise,Business,56.57,Organic,37,0,1,0,9856.15,0,10,101,12,145,17,0,0.38,79.99,0,11.7,0,0,14,21.52,37,0,0,Europe,Web
CUST_0700,Finance,Small,Enterprise,31.92,Paid Ads,28,0,1,0,13198.5,0,6,81,24,33,26,0,0.03,73.01,0,42.54,0,0,7,13.56,99,0,22,Europe,Web
CUST_0701,Finance,Enterprise,Business,47.54,Paid Ads,18,1,0,1,218.09,0,2,8,8,180,26,1,0.24,45.56,0,13.02,0,1,5,30.21,61,0,52,Europe,Web
CUST_0702,Design,Enterprise,Basic,119.77,Social Media,14,0,1,0,9338.03,0,3,15,24,175,25,3,0.83,123.06,1,11.76,0,0,2,12.78,16,1,40,Australia,Desktop App
CUST_0703,Healthcare,Mid,Pro,51.42,Email,26,0,1,0,11467.64,0,2,70,17,62,1,5,0.67,64.81,0,45.9,0,0,7,0.1,59,1,8,Europe,Web
CUST_0704,Healthcare,Mid,Basic,66.36,Referral,49,0,1,0,457.28,0,2,131,13,78,24,1,0.34,107.26,0,34.94,0,0,6,37.28,54,0,8,Asia,Mobile
CUST_0705,Marketing,Mid,Enterprise,17.71,Social Media,48,0,0,0,6665.58,0,7,146,1,14,28,5,0.59,138.63,1,38.5,0,0,7,6.03,47,0,53,Asia,Desktop App
CUST_0706,Design,Enterprise,Enterprise,17.75,Social Media,25,1,0,0,6094.08,0,3,7,23,94,8,5,0.16,148.66,1,39.77,0,0,4,4.93,5,0,16,Australia,Web
CUST_0707,Marketing,Small,Enterprise,99.43,Paid Ads,13,0,0,0,2053.89,0,5,99,2,60,24,1,0.81,52.28,1,22.59,0,0,9,19.28,47,1,15,North America,Desktop App
CUST_0708,IT,Small,Basic,107.97,Paid Ads,32,0,1,0,2236.77,0,9,152,6,102,24,4,0.72,7.77,0,24.21,0,0,13,28.3,7,1,51,Australia,Mobile
CUST_0709,IT,Small,Pro,57.73,Organic,11,1,1,0,9709.38,0,9,28,20,130,4,4,0.72,143.49,0,33.89,0,0,6,0.2,37,0,5,Australia,Desktop App
CUST_0710,Finance,Mid,Basic,47.22,Email,27,0,1,0,10905.85,0,6,85,22,182,27,2,0.83,62.32,0,9.25,0,0,6,27.52,69,1,17,Australia,Mobile
CUST_0711,Finance,Small,Basic,118.69,Referral,18,1,1,1,3426.49,1,10,52,5,86,30,3,0.08,130.96,0,23.37,0,0,5,45.9,85,1,54,North America,Desktop App
CUST_0712,IT,Small,Basic,97.06,Paid Ads,5,1,1,1,8749.94,1,2,77,16,115,10,5,0.47,28.81,0,6.08,0,1,2,15.69,1,0,14,North America,Desktop App
CUST_0713,Education,Small,Business,101.81,Referral,31,1,0,0,2148.67,0,7,117,25,196,27,0,0.16,132.83,0,36.82,0,0,13,33.82,87,0,3,Australia,Desktop App
CUST_0714,Finance,Enterprise,Basic,71.69,Paid Ads,4,0,0,0,12714.15,0,1,106,16,167,13,1,0.73,111.38,0,49.36,0,0,12,22.51,58,0,52,Europe,Mobile
CUST_0715,Finance,Mid,Enterprise,83.09,Paid Ads,26,0,1,0,4382.91,0,3,26,3,10,7,1,0.69,105.27,0,10.16,0,0,6,22.14,32,1,9,North America,Mobile
CUST_0716,Finance,Enterprise,Pro,17.49,Paid Ads,21,0,1,0,656.93,0,6,97,6,82,6,1,0.35,119.27,1,3.23,0,0,2,14.31,46,1,54,Australia,Web
CUST_0717,Design,Enterprise,Business,16.4,Organic,9,1,0,1,11552.56,1,3,165,25,52,5,5,0.62,45.99,0,14.54,0,1,4,9.31,20,0,7,North America,Desktop App
CUST_0718,Marketing,Small,Business,29.71,Email,22,0,1,0,3144.79,0,6,6,19,19,26,3,0.99,80.16,0,34.05,0,0,9,17.21,63,0,36,Europe,Mobile
CUST_0719,Healthcare,Mid,Basic,81.45,Referral,9,0,1,0,6346.89,0,7,74,6,179,11,4,0.46,50.67,0,4.14,0,0,1,38.7,100,0,39,Europe,Web
CUST_0720,Finance,Mid,Basic,91.08,Social Media,21,1,1,1,8243.8,1,5,90,21,69,11,2,0.64,19.82,1,16.35,0,0,8,26.21,77,0,51,North America,Web
CUST_0721,IT,Mid,Basic,68.02,Referral,17,0,0,0,6843.24,0,4,23,19,200,22,1,0.71,39.83,1,31.55,0,0,2,20.13,39,1,19,North America,Desktop App
CUST_0722,Education,Mid,Business,62.87,Paid Ads,1,1,0,1,13644.7,1,5,44,9,52,16,2,0.16,132.67,1,28.94,0,0,11,16.71,74,1,56,Europe,Mobile
CUST_0723,Education,Enterprise,Enterprise,13.26,Organic,5,0,0,0,2434.03,0,1,103,14,103,20,2,0.59,71.27,1,47.64,0,0,5,13.69,25,0,8,Australia,Mobile
CUST_0724,Education,Mid,Pro,20.56,Referral,48,1,1,0,3539.08,0,7,40,24,40,7,5,0.91,31.5,1,27.8,0,0,5,15.34,54,0,9,Australia,Mobile
CUST_0725,Healthcare,Mid,Basic,93.76,Social Media,36,1,1,1,6671.42,0,5,70,17,172,18,0,0.83,125.38,1,26.62,1,0,1,20.57,60,1,21,Australia,Mobile
CUST_0726,Finance,Small,Enterprise,86.11,Referral,7,1,0,1,5777.33,0,4,93,25,35,3,5,0.6,132.01,1,24.86,1,0,6,49.62,40,1,15,Australia,Desktop App
CUST_0727,Healthcare,Mid,Business,36.92,Email,4,1,1,1,12928.43,0,5,78,20,177,13,3,0.89,128.55,0,44.99,0,1,6,45.35,16,0,2,North America,Mobile
CUST_0728,Education,Mid,Business,34.32,Referral,28,0,0,0,10689.13,0,7,138,15,114,21,2,0.74,79.95,0,46.95,0,0,13,49.12,86,1,41,Australia,Desktop App
CUST_0729,Design,Small,Business,66.79,Referral,41,1,1,0,8590.89,0,2,61,14,159,24,2,0.35,100.08,0,21.6,0,0,13,2.06,94,1,16,Asia,Mobile
CUST_0730,Design,Enterprise,Pro,96.82,Organic,50,0,1,0,14027.85,0,5,76,25,71,25,1,0.69,80.74,0,45.82,0,0,10,20.32,56,0,39,Australia,Mobile
CUST_0731,Marketing,Enterprise,Basic,14.7,Organic,4,1,0,1,14808.95,0,5,34,1,143,9,0,0.8,77.18,1,21.83,0,1,1,10.6,6,0,7,North America,Web
CUST_0732,Marketing,Mid,Pro,31.48,Social Media,48,0,1,0,578.48,0,8,67,12,115,5,0,0.88,117.45,1,48.48,0,0,2,7.27,70,1,38,Europe,Desktop App
CUST_0733,Education,Enterprise,Basic,38.39,Paid Ads,5,0,1,0,277.25,0,9,25,9,100,6,2,0.34,47.46,0,7.92,0,0,14,32.46,69,1,52,North America,Desktop App
CUST_0734,Healthcare,Mid,Business,101.52,Referral,43,1,1,0,1825.74,0,8,29,4,33,13,3,0.24,21.81,0,26.91,0,0,4,5.93,8,1,16,Asia,Mobile
CUST_0735,Design,Mid,Business,118.26,Organic,16,1,1,1,13930.34,1,3,29,5,172,13,3,0.67,61.89,1,35,1,0,9,1.42,33,1,52,Australia,Desktop App
CUST_0736,Marketing,Mid,Pro,63.26,Email,39,0,1,0,10237.54,0,5,96,24,99,14,5,0.52,92.33,1,9.52,0,0,9,7.12,70,1,6,Europe,Web
CUST_0737,Design,Mid,Basic,77.29,Organic,12,1,1,0,11725.35,0,8,76,12,179,17,3,0.56,144.4,0,30.05,0,0,3,29.83,16,0,11,Australia,Web
CUST_0738,IT,Small,Pro,63.73,Paid Ads,46,0,1,0,13667.71,0,3,30,23,109,2,3,0.19,72.69,0,21.79,0,0,4,5.87,63,0,34,Australia,Mobile
CUST_0739,Education,Enterprise,Basic,10.59,Referral,30,1,1,0,14177.2,0,5,169,7,39,3,4,0.77,105.77,1,37.65,0,0,2,41.03,5,1,4,Europe,Mobile
CUST_0740,IT,Mid,Business,13.71,Paid Ads,12,0,1,0,12733.39,0,5,98,8,98,4,5,0.22,117.88,1,19.17,0,0,2,40.66,14,1,48,North America,Web
CUST_0741,Design,Small,Enterprise,60.9,Email,47,0,1,0,12665.83,0,2,139,10,156,29,0,0.42,119.06,1,27.46,0,0,1,42.61,46,1,9,Australia,Desktop App
CUST_0742,Finance,Mid,Business,22.41,Organic,45,0,1,0,7379.73,0,9,37,5,84,4,3,0.37,147.29,1,11.09,0,0,7,12.64,90,0,10,Asia,Web
CUST_0743,Marketing,Mid,Basic,45.58,Referral,1,1,1,0,554.67,0,5,148,3,146,29,1,0.68,9.52,0,35.17,0,0,1,9.46,35,0,6,North America,Web
CUST_0744,Design,Mid,Business,16.03,Paid Ads,29,0,1,0,2858.58,0,1,25,25,165,26,5,0.92,148.3,0,19.59,0,0,14,49.43,90,0,44,Asia,Desktop App
CUST_0745,IT,Enterprise,Pro,58.67,Paid Ads,1,1,0,0,2000.87,0,6,95,10,189,15,5,0.26,91.14,0,14.45,0,0,2,38.73,1,0,27,Asia,Mobile
CUST_0746,Design,Mid,Pro,14.49,Referral,22,0,1,0,11370.08,0,8,67,3,108,6,3,0.09,18.39,1,21.63,0,0,1,29.11,13,1,59,Europe,Desktop App
CUST_0747,Education,Mid,Pro,25.71,Organic,43,1,1,0,10690.08,0,6,144,2,140,8,1,0.41,80.77,0,26.42,0,0,6,46.72,75,0,48,Australia,Mobile
CUST_0748,Marketing,Mid,Enterprise,17.03,Email,15,1,1,0,11465.95,0,3,166,15,136,11,3,0.09,65.05,1,4.95,0,0,1,9.73,92,0,30,North America,Web
CUST_0749,Finance,Small,Enterprise,40.36,Paid Ads,4,0,0,0,6741.59,0,5,111,12,136,3,3,0.03,105.45,0,34.72,0,0,6,19.68,47,1,2,Europe,Web
CUST_0750,Finance,Enterprise,Basic,18.14,Organic,36,1,1,1,2179.99,1,3,153,14,55,27,1,0.1,55.23,0,3.24,0,1,7,26.95,30,0,60,Asia,Mobile
CUST_0751,Healthcare,Mid,Enterprise,20.74,Paid Ads,43,0,1,0,13593.07,0,8,26,2,97,5,2,0.06,12.7,1,15.9,0,0,4,39.07,64,0,49,Australia,Desktop App
CUST_0752,Education,Small,Basic,64.95,Social Media,42,0,0,0,3647.32,0,2,32,21,52,25,5,0.78,45.7,0,5.42,0,0,9,34.2,42,1,45,Asia,Mobile
CUST_0753,Finance,Mid,Business,65.96,Organic,43,0,0,0,12553.94,0,1,22,14,138,2,1,0.33,131.19,1,21.79,0,0,10,46.71,23,0,10,Australia,Web
CUST_0754,IT,Small,Basic,112.83,Referral,44,0,1,0,11185.24,0,2,154,25,151,27,1,0.69,5.23,1,23.21,0,0,8,49.05,55,1,3,Asia,Web
CUST_0755,Education,Enterprise,Basic,66.78,Email,19,1,0,0,5173.94,0,1,143,12,56,11,5,0.31,14.55,0,25.12,0,0,7,41.92,7,0,23,Europe,Web
CUST_0756,Design,Small,Pro,22.29,Referral,35,0,0,0,11841.03,0,4,24,9,132,8,5,1,54.99,0,31.73,0,0,13,4.03,46,0,30,Australia,Mobile
CUST_0757,Design,Small,Business,93.02,Paid Ads,47,1,0,1,7215.7,0,10,100,2,97,12,1,0.14,117.95,0,11.77,1,1,8,37.3,49,1,53,Asia,Desktop App
CUST_0758,Design,Mid,Business,97.9,Social Media,50,1,0,0,14728.04,0,7,33,5,124,12,2,0.41,140.36,1,43.64,0,0,3,43.87,38,0,32,North America,Mobile
CUST_0759,Marketing,Enterprise,Business,109.87,Paid Ads,49,0,0,0,9861.19,0,5,94,6,160,10,2,0.09,33.01,0,35.88,0,0,5,9.99,19,0,28,North America,Desktop App
CUST_0760,Finance,Enterprise,Business,58.7,Organic,48,1,1,0,520.85,0,9,74,24,164,28,3,0.33,7.18,1,15.62,0,0,2,2.16,81,0,15,Europe,Mobile
CUST_0761,Finance,Small,Enterprise,89.8,Paid Ads,23,0,1,0,11738.99,0,9,20,20,125,29,5,0.98,18.51,0,17.78,0,0,13,19.5,56,0,28,North America,Web
CUST_0762,IT,Mid,Enterprise,60.62,Social Media,34,0,0,0,11422.69,0,2,18,3,11,5,2,0.66,129.61,1,31.08,0,0,14,15.76,89,1,34,Asia,Mobile
CUST_0763,IT,Mid,Pro,33.43,Email,14,1,0,0,13987.04,0,9,177,16,53,9,0,0.27,38.77,0,30.95,0,0,1,13.27,64,0,56,Europe,Desktop App
CUST_0764,Finance,Enterprise,Business,117.72,Organic,23,0,1,0,9733.17,0,9,132,19,148,12,1,0.53,71.04,1,22.5,0,0,7,22.89,61,1,25,Europe,Mobile
CUST_0765,Education,Enterprise,Business,56,Referral,8,0,1,0,9810.81,0,3,56,3,108,27,3,0.47,129.62,1,7.14,0,0,2,19.91,28,1,4,North America,Mobile
CUST_0766,Healthcare,Mid,Business,63.18,Social Media,31,1,1,1,10650.84,0,3,15,20,19,25,3,0.93,40.6,1,29.66,1,1,5,25,24,1,35,Australia,Mobile
CUST_0767,Design,Mid,Basic,92.09,Social Media,9,1,1,1,4640.14,1,5,54,25,90,17,2,0.5,43.9,0,5.18,1,1,1,14.47,56,0,57,Europe,Mobile
CUST_0768,Finance,Enterprise,Basic,57.47,Email,6,0,1,0,2922.48,0,4,52,12,42,25,2,0.84,98.83,0,26.76,0,0,9,14.42,1,1,45,North America,Desktop App
CUST_0769,Healthcare,Small,Business,65.19,Social Media,17,1,1,1,10031.84,1,3,150,15,135,3,3,0.81,110.49,0,19.98,0,1,8,24.54,52,0,15,Australia,Mobile
CUST_0770,Marketing,Mid,Pro,90.77,Referral,24,0,0,0,6507.51,0,3,47,10,126,1,1,0.53,124,0,30.94,0,0,4,20.23,9,1,12,Australia,Web
CUST_0771,Marketing,Mid,Basic,62.33,Social Media,46,0,1,0,9438.34,0,1,49,14,43,29,0,0.04,26.06,1,42.3,0,0,13,36.58,64,1,11,Asia,Web
CUST_0772,Healthcare,Small,Business,102.32,Referral,45,0,1,0,3322.73,0,9,59,5,77,25,4,0.75,49.41,1,47.03,0,0,7,18.09,94,1,18,North America,Web
CUST_0773,IT,Enterprise,Business,100.7,Social Media,11,1,0,1,9675.55,0,3,151,13,100,28,0,0.98,141.28,1,35.46,0,1,8,31.01,58,1,26,Australia,Web
CUST_0774,Education,Small,Enterprise,115.14,Organic,25,0,0,0,11816.37,0,4,12,17,39,18,1,0.49,99.84,1,39.65,0,0,2,1.77,47,1,26,Europe,Web
CUST_0775,Design,Small,Enterprise,109.09,Social Media,28,1,1,1,7806.38,1,9,51,15,62,26,1,0.29,135.93,1,15.99,0,1,6,46.74,38,1,54,North America,Web
CUST_0776,Finance,Small,Enterprise,25.45,Email,45,1,1,0,1021.86,0,2,104,10,54,8,5,0.63,54.17,0,32.49,0,0,12,30.42,38,0,38,Asia,Web
CUST_0777,IT,Mid,Enterprise,67.42,Social Media,20,0,0,0,7181.9,0,1,23,21,149,30,0,0.55,47.19,1,44.5,0,0,10,33.83,50,0,7,Australia,Web
CUST_0778,Education,Mid,Basic,106.08,Email,35,1,1,1,9702.52,0,3,138,24,32,11,1,0.07,74.23,0,32.31,0,0,14,27.31,21,0,18,Asia,Mobile
CUST_0779,Finance,Enterprise,Business,58.04,Social Media,18,0,1,0,5460.14,0,10,16,24,12,1,3,0.13,142.94,1,10.76,0,0,4,14.85,89,0,23,North America,Desktop App
CUST_0780,Education,Enterprise,Business,90.89,Email,39,1,0,1,12027.16,1,1,48,1,191,23,3,0.33,94.24,0,3.68,0,1,11,47.14,10,1,44,Australia,Desktop App
CUST_0781,Marketing,Small,Basic,81.32,Paid Ads,50,0,1,0,2699.73,0,3,52,6,83,4,3,0.88,139.17,1,8.46,0,0,5,21.6,99,1,26,Australia,Mobile
CUST_0782,Design,Small,Enterprise,100.78,Paid Ads,5,0,1,0,12582.31,0,10,63,21,3,1,0,0.9,134.3,1,47.2,0,0,3,27.43,69,0,11,Asia,Mobile
CUST_0783,Finance,Enterprise,Basic,58.78,Paid Ads,32,0,1,0,3520.94,0,6,172,22,156,5,2,0.8,54.84,0,40.65,0,0,2,35.04,90,0,51,Asia,Desktop App
CUST_0784,Healthcare,Small,Enterprise,90.71,Email,40,1,0,1,2744.15,1,9,22,20,37,29,3,0.71,99.36,0,11.03,0,0,12,10.7,14,1,6,Europe,Mobile
CUST_0785,Design,Enterprise,Pro,91.26,Referral,28,1,0,0,13788.77,0,10,12,4,83,18,4,0.64,94.42,1,30.43,0,0,5,31.75,37,0,48,North America,Desktop App
CUST_0786,Design,Small,Business,31.33,Email,30,0,0,0,5884.9,0,9,115,17,74,25,0,0.67,25.07,1,4.45,0,0,12,16.93,16,1,59,Europe,Mobile
CUST_0787,Finance,Enterprise,Enterprise,117.86,Email,29,0,1,0,14335.48,0,1,144,8,154,5,5,0.36,138.05,0,25.17,0,0,6,14.71,62,1,56,Australia,Mobile
CUST_0788,Design,Mid,Business,81.01,Social Media,22,0,1,0,14139.91,0,10,43,1,195,26,1,0.79,148.37,0,32.76,0,0,1,11.67,12,1,32,Asia,Mobile
CUST_0789,Education,Enterprise,Basic,76.26,Social Media,34,1,1,1,7603.11,0,4,76,19,193,21,4,0.97,77.99,1,14.87,1,0,1,1.13,59,0,26,North America,Desktop App
CUST_0790,Finance,Enterprise,Business,53.66,Organic,18,1,1,0,4810.73,0,4,114,6,152,11,4,0.24,145.23,0,15.84,0,0,8,32.73,62,0,56,North America,Mobile
CUST_0791,Finance,Mid,Business,83.1,Social Media,15,0,1,0,922.43,0,6,50,3,61,16,0,0.49,35.65,1,49.16,0,0,8,12.7,54,1,30,North America,Web
CUST_0792,Healthcare,Mid,Enterprise,69.66,Email,24,1,0,1,14949.79,1,2,111,2,67,1,2,0.05,120.81,0,48.6,1,0,1,12.81,10,0,9,Europe,Web
CUST_0793,Marketing,Small,Enterprise,116.7,Organic,6,0,0,0,7940.89,0,5,67,23,82,27,0,0.03,53.23,0,45.27,0,0,5,49.3,16,1,58,Asia,Desktop App
CUST_0794,Marketing,Mid,Pro,103.51,Organic,33,0,1,0,7835.82,0,2,58,16,30,3,4,0.4,34.62,1,30.44,0,0,2,3.9,52,1,11,Australia,Desktop App
CUST_0795,Education,Mid,Pro,10.77,Social Media,47,0,1,0,10086.22,0,9,171,1,101,19,2,0.3,132.1,0,21.44,0,0,13,10.95,71,0,51,Asia,Mobile
CUST_0796,Finance,Small,Enterprise,78.8,Organic,10,1,1,0,806.18,0,6,49,12,143,24,3,0.28,127.74,0,6.16,0,0,14,10.73,14,1,1,North America,Mobile
CUST_0797,Design,Mid,Basic,40.35,Organic,39,1,0,0,12651.37,0,1,103,22,93,1,1,0.14,22.16,1,8.36,0,0,12,30.27,24,0,30,Europe,Web
CUST_0798,IT,Mid,Basic,81.71,Paid Ads,44,0,1,0,10432.5,0,7,152,2,41,5,0,0.03,18.99,1,26.28,0,0,2,4.55,88,0,60,Europe,Desktop App
CUST_0799,Design,Mid,Business,75.85,Paid Ads,48,0,0,0,12388.62,0,5,101,19,44,21,1,0.13,59.87,0,40.94,0,0,9,21.76,24,1,9,Asia,Web
CUST_0800,IT,Mid,Business,52.43,Social Media,12,0,0,0,7496.88,0,9,179,19,114,13,1,0.06,144.25,1,8.69,0,0,7,31.91,77,1,10,North America,Desktop App
CUST_0801,Finance,Mid,Enterprise,77.82,Paid Ads,41,1,0,0,1790.7,0,2,166,14,182,11,2,0.18,20.67,1,9.48,0,0,9,20.42,10,0,17,Europe,Web
CUST_0802,Healthcare,Enterprise,Basic,116.83,Referral,34,1,0,1,9103.64,1,5,111,8,177,25,1,0.39,99.68,0,37.93,0,0,14,49.47,31,1,42,Asia,Mobile
CUST_0803,Healthcare,Enterprise,Business,111.43,Referral,20,1,1,0,14077.22,0,6,62,7,191,22,5,0.05,111.41,1,36.28,0,0,14,24.33,42,0,19,Europe,Mobile
CUST_0804,Marketing,Enterprise,Basic,40.61,Social Media,5,0,1,0,4111.51,0,2,81,14,49,22,5,0.19,72.67,0,9.95,0,0,13,45.3,8,0,34,Australia,Desktop App
CUST_0805,Education,Enterprise,Enterprise,19.87,Paid Ads,35,1,1,0,7014.98,0,6,66,14,163,3,2,0.74,7.2,0,1.7,0,0,11,12.22,100,0,19,Asia,Web
CUST_0806,Design,Mid,Business,83.49,Paid Ads,9,0,1,0,3829.59,0,8,138,5,83,16,1,0.16,46.28,1,23.24,0,0,5,30.99,37,1,53,Asia,Desktop App
CUST_0807,Education,Small,Basic,14.11,Social Media,3,0,1,0,3735.85,0,2,78,1,170,8,5,1,23.71,0,47.39,0,0,14,22.97,66,1,52,Asia,Web
CUST_0808,Marketing,Mid,Enterprise,100.13,Email,40,0,1,0,551.59,0,9,42,13,172,13,1,0.43,5.44,1,6.26,0,0,14,49.54,28,1,37,Asia,Mobile
CUST_0809,Education,Mid,Basic,119.01,Referral,19,1,1,1,8381.98,0,8,86,15,101,21,0,0.48,99.92,0,9.23,0,1,4,12.3,67,0,23,Asia,Mobile
CUST_0810,Marketing,Enterprise,Pro,106.22,Organic,20,0,1,0,14814.67,0,9,93,14,148,24,0,0.18,12.52,1,18.34,0,0,2,16.21,59,1,42,North America,Mobile
CUST_0811,Education,Small,Pro,17.34,Paid Ads,24,0,0,0,248.54,0,8,161,17,167,21,5,0.95,18.66,0,8.85,0,0,8,34.13,48,1,31,Europe,Mobile
CUST_0812,IT,Enterprise,Enterprise,105.98,Social Media,42,1,0,0,6184.25,0,9,105,9,125,8,5,0.26,108.78,1,15.46,0,0,4,19.2,92,1,17,Europe,Mobile
CUST_0813,Healthcare,Small,Business,12.05,Organic,20,0,1,0,963.18,0,9,134,10,145,27,4,0.95,123.48,0,2.86,0,0,3,34.6,69,1,54,Australia,Desktop App
CUST_0814,Design,Mid,Enterprise,10.12,Social Media,11,0,0,0,6479.85,0,10,7,14,189,15,5,0.87,95.94,0,28.55,0,0,8,39.19,69,1,28,North America,Web
CUST_0815,Healthcare,Mid,Enterprise,47.14,Email,5,0,1,0,12051.81,0,9,32,4,108,20,2,0.61,126.32,0,34.53,0,0,8,29.97,91,0,38,Europe,Web
CUST_0816,Healthcare,Mid,Basic,46.59,Email,20,1,0,0,13677.54,0,1,61,10,24,17,3,0.5,10.72,0,2.81,0,0,7,49.97,85,1,44,Europe,Mobile
CUST_0817,Education,Mid,Enterprise,71.05,Email,43,0,0,0,7329.13,0,7,120,23,73,16,1,0.59,15.08,0,3.83,0,0,3,40.79,32,1,5,Australia,Mobile
CUST_0818,Design,Small,Business,19.08,Social Media,36,0,1,0,11766.44,0,9,83,10,52,28,0,0.05,82.88,0,4.89,0,0,13,20.58,99,1,26,Europe,Mobile
CUST_0819,Healthcare,Small,Basic,80.4,Referral,4,1,0,1,5496.25,1,1,113,20,14,22,1,0.13,27.82,0,33.21,1,1,13,9.1,74,1,3,Asia,Desktop App
CUST_0820,IT,Small,Basic,105.74,Referral,2,1,0,0,10383.97,0,4,179,18,115,11,4,0.72,118.7,1,35.99,0,0,9,0.68,91,1,51,Australia,Desktop App
CUST_0821,IT,Small,Pro,98.17,Organic,25,0,0,0,9811.89,0,10,124,6,160,25,1,0.79,86.64,1,19.97,0,0,6,44.43,60,0,50,Asia,Mobile
CUST_0822,Healthcare,Mid,Enterprise,22.11,Referral,1,0,1,0,10413.74,0,4,178,25,104,10,3,0.24,122.84,0,17.11,0,0,3,15.04,98,0,24,North America,Desktop App
CUST_0823,Education,Small,Enterprise,62.98,Referral,18,1,0,0,11517.7,0,6,40,7,44,3,4,0.12,47.97,0,6.4,0,0,5,33.84,45,0,55,Australia,Web
CUST_0824,IT,Small,Enterprise,104.91,Organic,31,0,1,0,13669.77,0,3,41,4,89,4,4,0.44,142.93,0,27.02,0,0,10,4.26,48,1,52,Australia,Desktop App
CUST_0825,Marketing,Enterprise,Business,43.26,Email,28,1,0,1,5289.51,1,9,175,2,38,5,1,0.71,37.16,0,26.52,1,1,11,0.31,53,1,58,North America,Mobile
CUST_0826,Marketing,Mid,Enterprise,101.73,Social Media,5,0,0,0,10629.37,0,8,149,19,78,26,3,0.71,113.23,0,11.98,0,0,6,25.59,14,0,53,Australia,Mobile
CUST_0827,IT,Small,Basic,11.96,Social Media,13,0,1,0,2174.77,0,2,109,23,119,16,0,0.98,59.07,1,12.2,0,0,5,38.65,48,1,14,Asia,Web
CUST_0828,IT,Small,Pro,31.8,Paid Ads,7,1,1,0,8047,0,10,61,4,58,26,5,0.19,38.86,1,33.08,0,0,13,44.37,75,0,22,Asia,Web
CUST_0829,IT,Mid,Business,116.23,Email,12,0,0,0,11423.22,0,3,46,20,57,13,5,0.21,135.85,0,18.53,0,0,14,46.59,89,0,50,Australia,Web
CUST_0830,Education,Mid,Business,88.26,Social Media,26,1,1,1,3563.07,0,6,18,24,80,15,1,0.68,118.03,0,33.79,0,1,9,39.04,39,1,20,Australia,Mobile
CUST_0831,Finance,Enterprise,Pro,105.86,Paid Ads,29,1,0,1,4525.23,1,1,148,10,52,11,5,0.36,109.31,0,39.27,1,0,12,35.81,82,0,33,Europe,Mobile
CUST_0832,IT,Enterprise,Enterprise,76.77,Social Media,10,0,1,0,3573.37,0,5,149,25,52,13,3,0.3,73.48,0,46.5,0,0,13,9.45,62,1,48,Australia,Web
CUST_0833,Marketing,Enterprise,Enterprise,109.97,Referral,8,1,0,1,4715.54,1,4,110,14,194,5,0,0.21,98.73,1,8.54,1,1,4,2.58,44,1,56,Europe,Web
CUST_0834,Design,Mid,Pro,12.14,Referral,19,1,0,0,7102.21,0,1,138,15,165,11,4,0.84,33.04,1,48.1,0,0,6,14.82,26,0,46,Australia,Web
CUST_0835,Education,Mid,Pro,47.04,Paid Ads,20,0,1,0,459.54,0,3,160,5,129,18,5,0.86,37.46,0,21.82,0,0,10,31.94,48,1,34,Australia,Web
CUST_0836,Education,Small,Business,10.48,Organic,32,1,1,1,9493.79,1,9,118,12,99,15,5,0.07,74.51,0,33.93,1,0,2,29.78,98,0,55,North America,Mobile
CUST_0837,Education,Mid,Enterprise,22.55,Referral,5,1,1,1,5802.52,1,5,160,17,13,14,5,0.54,36.29,0,20.03,1,0,13,31.68,69,0,15,Europe,Web
CUST_0838,Design,Mid,Enterprise,104.54,Referral,2,1,1,1,4458.4,0,8,93,18,14,2,5,0.73,95.61,0,10.18,1,0,8,37.52,24,1,41,North America,Desktop App
CUST_0839,Marketing,Enterprise,Business,70.06,Paid Ads,23,0,0,0,8910.07,0,2,71,25,132,11,4,0.13,89.83,1,35.4,0,0,12,48.11,57,0,16,North America,Web
CUST_0840,Marketing,Mid,Pro,114.74,Social Media,15,1,1,0,919.69,0,9,172,12,190,16,4,0.57,6.64,0,25.77,0,0,6,38.21,56,1,3,Australia,Desktop App
CUST_0841,Design,Small,Pro,26,Referral,4,0,0,0,6248.6,0,1,119,12,94,26,2,0.62,15.19,0,5.94,0,0,14,24.5,57,1,36,Asia,Mobile
CUST_0842,Marketing,Small,Enterprise,23.37,Referral,16,1,1,1,2587.41,0,9,138,5,182,4,4,0.37,91.47,0,11.99,0,1,1,5.62,5,1,21,Australia,Desktop App
CUST_0843,Finance,Small,Business,25.11,Social Media,40,0,1,0,12304.15,0,5,14,4,78,18,4,0.43,8.93,1,31.77,0,0,6,43.66,1,0,3,North America,Web
CUST_0844,Finance,Enterprise,Pro,67.85,Social Media,10,0,0,0,13741.37,0,7,7,15,162,27,4,0.63,36.91,0,28.89,0,0,1,21.91,87,0,27,Europe,Desktop App
CUST_0845,Marketing,Enterprise,Enterprise,23.67,Paid Ads,15,1,1,0,13327.34,0,3,103,7,48,12,1,0.29,40.32,0,3.47,0,0,6,30.5,78,1,15,North America,Desktop App
CUST_0846,Marketing,Enterprise,Pro,80.61,Referral,3,1,0,0,13702.1,0,7,156,7,132,27,0,0.97,139.76,1,5.08,0,0,9,26.29,48,0,44,Australia,Desktop App
CUST_0847,Finance,Small,Basic,98.61,Referral,14,0,1,0,6309.59,0,8,119,9,162,19,5,0.65,73,0,35.64,0,0,2,22.8,30,1,40,Asia,Web
CUST_0848,Education,Mid,Business,55.16,Organic,39,1,1,1,845.41,1,10,152,22,197,23,2,0.79,56.5,1,49.58,0,0,7,2.22,27,1,15,North America,Web
CUST_0849,Finance,Enterprise,Enterprise,90.64,Social Media,23,0,0,0,5034.21,0,9,19,25,72,7,0,0.46,142.07,1,42.5,0,0,10,41.76,6,1,22,Australia,Web
CUST_0850,Design,Small,Pro,22.68,Social Media,25,0,1,0,14378.04,0,7,110,21,177,11,4,0.06,104.16,1,16.79,0,0,4,34.68,99,1,53,North America,Desktop App
CUST_0851,Finance,Mid,Business,49.06,Email,30,0,1,0,13696.49,0,4,17,23,116,1,0,0.53,8.99,0,22.93,0,0,8,34.29,62,1,25,Europe,Web
CUST_0852,Design,Enterprise,Enterprise,21.79,Social Media,48,1,0,0,2048.27,0,5,34,21,152,14,4,0.34,44.89,1,37.79,0,0,2,48.59,59,0,5,Europe,Web
CUST_0853,Healthcare,Mid,Pro,104.44,Referral,42,1,0,0,8480.46,0,9,113,4,173,27,5,0.01,119.08,0,44.45,0,0,2,35.76,23,0,4,North America,Desktop App
CUST_0854,Marketing,Small,Basic,78.25,Email,12,0,1,0,11448.16,0,7,108,21,157,11,5,0.04,25.34,1,32.88,0,0,9,23.62,65,1,56,Europe,Web
CUST_0855,Finance,Enterprise,Basic,17.75,Social Media,12,1,1,0,14561.79,0,9,55,18,97,13,3,0.1,29.41,1,23.68,0,0,12,8.99,23,0,38,Australia,Mobile
CUST_0856,Marketing,Mid,Pro,108.03,Organic,43,1,1,1,11395.88,0,1,72,21,122,13,3,0.57,107.93,1,48.51,0,0,14,18.53,59,0,30,Australia,Desktop App
CUST_0857,Education,Small,Basic,105.29,Referral,49,1,1,0,8823.65,0,6,89,5,35,28,1,0.59,5.48,1,24.27,0,0,9,39.1,8,0,6,Asia,Mobile
CUST_0858,Finance,Enterprise,Business,80.38,Referral,22,0,1,0,8546.65,0,7,56,20,129,4,0,0.7,49.74,0,35.38,0,0,1,43.35,78,1,14,Europe,Desktop App
CUST_0859,Finance,Small,Enterprise,71.42,Social Media,39,1,1,1,7019.54,0,2,170,15,69,24,4,0.02,82.94,0,10.93,0,1,1,28.02,69,0,54,North America,Desktop App
CUST_0860,Finance,Enterprise,Enterprise,103.45,Paid Ads,46,0,0,0,7059.21,0,10,115,15,134,19,0,0.55,148.7,0,24.07,0,0,12,5.86,57,0,9,Asia,Web
CUST_0861,Healthcare,Enterprise,Business,61.82,Social Media,39,0,1,0,11848.31,0,4,55,14,68,21,5,0.11,59.85,0,33.69,0,0,9,10.47,56,1,30,Europe,Mobile
CUST_0862,Finance,Enterprise,Basic,67.82,Paid Ads,11,0,1,0,12960.59,0,9,128,1,10,9,4,0.9,32.06,1,45.89,0,0,9,41.14,51,0,12,Asia,Desktop App
CUST_0863,Finance,Enterprise,Business,38.1,Email,47,1,0,1,14620.02,0,10,104,5,155,21,5,0.67,129.65,0,1.91,1,1,5,11.95,18,0,19,North America,Mobile
CUST_0864,Healthcare,Mid,Pro,44.07,Social Media,16,1,0,0,3325.82,0,4,79,19,87,17,2,0.1,95.54,1,26.64,0,0,4,30.77,23,0,4,Australia,Web
CUST_0865,IT,Enterprise,Pro,21.65,Referral,36,1,0,1,8130.96,0,1,163,16,163,6,4,0.37,11.47,0,35.41,0,0,13,40.16,31,0,56,Australia,Desktop App
CUST_0866,Finance,Enterprise,Basic,16.42,Referral,38,1,1,0,7486.81,0,6,37,13,198,14,5,0.77,23.99,0,11.96,0,0,10,43.91,83,1,44,Asia,Desktop App
CUST_0867,Healthcare,Enterprise,Business,16,Social Media,7,1,0,0,8031.59,0,5,177,1,181,14,1,0.12,79.42,0,31.4,0,0,2,7.5,36,0,29,North America,Web
CUST_0868,Healthcare,Mid,Business,28.21,Referral,11,1,1,0,14235.77,0,10,135,17,55,12,3,0.3,63.18,0,22.32,0,0,12,9.31,1,0,12,Europe,Desktop App
CUST_0869,Design,Enterprise,Business,12.01,Organic,46,1,1,0,8762.62,0,1,48,17,5,12,2,0.7,76.27,1,22.9,0,0,11,27.07,46,1,49,Asia,Desktop App
CUST_0870,Design,Small,Enterprise,101.69,Email,20,1,1,1,2751.07,0,10,179,2,181,14,1,0.07,113.94,1,25.73,0,1,4,18.67,40,0,52,Europe,Web
CUST_0871,Design,Mid,Business,102.97,Referral,33,1,1,1,164.5,1,6,109,5,48,20,3,0.17,81.77,0,40.39,0,0,4,4.64,4,0,45,Australia,Web
CUST_0872,Finance,Small,Enterprise,78.56,Social Media,4,0,1,0,3490.55,0,8,96,10,42,23,5,0.45,138.56,1,1.29,0,0,3,44.6,66,1,30,North America,Web
CUST_0873,Healthcare,Small,Basic,102.09,Social Media,26,0,1,0,2848.08,0,10,7,18,156,11,5,0.17,130.93,1,14.49,0,0,9,43.76,99,1,13,Asia,Web
CUST_0874,Education,Enterprise,Basic,111.58,Social Media,35,1,0,1,4251.49,0,2,151,6,151,4,2,0.8,23.59,1,2.8,0,1,13,8.78,27,1,46,Australia,Web
CUST_0875,IT,Small,Pro,58.04,Referral,13,0,1,0,2314.02,0,6,114,20,81,18,1,0.75,52.29,1,8.75,0,0,5,45.78,80,0,50,Europe,Mobile
CUST_0876,Finance,Mid,Enterprise,57.78,Referral,9,0,1,0,6646.63,0,8,113,24,87,24,5,0.36,90.28,0,7.3,0,0,9,40.08,83,0,48,Australia,Web
CUST_0877,IT,Mid,Enterprise,68.13,Organic,36,1,0,1,13823.59,1,5,18,1,49,3,0,0.14,46.54,1,7.91,0,1,4,15.73,91,1,57,Europe,Web
CUST_0878,Healthcare,Small,Enterprise,95.4,Paid Ads,17,1,1,1,4677.45,1,7,140,8,59,11,0,0.82,128.41,0,28.86,0,1,14,37.93,98,1,42,Europe,Web
CUST_0879,Marketing,Small,Enterprise,66.04,Referral,43,1,0,1,149.13,0,7,154,5,170,10,2,0.63,53.1,0,40.9,0,0,14,42.28,49,0,46,Australia,Web
CUST_0880,Healthcare,Mid,Enterprise,48.58,Organic,23,0,1,0,10661.18,0,5,154,8,83,3,0,0.97,96.03,1,25.88,0,0,3,48.89,58,1,50,Asia,Desktop App
CUST_0881,IT,Enterprise,Basic,78.43,Organic,43,0,0,0,6987.64,0,10,63,4,180,30,3,0.26,16.08,0,32.4,0,0,8,10.7,41,1,17,Australia,Desktop App
CUST_0882,Design,Small,Business,117.28,Social Media,20,1,0,1,7780.6,0,7,170,5,120,28,3,0.11,39.09,1,44.19,0,0,10,11.25,35,0,27,Asia,Desktop App
CUST_0883,Healthcare,Mid,Business,11.64,Email,25,1,0,1,6930.76,0,6,165,23,3,6,3,0.81,49.12,0,1.33,0,0,8,21.79,50,0,17,Asia,Web
CUST_0884,Design,Mid,Business,35.46,Organic,27,1,1,0,9110.23,0,3,28,6,118,2,5,0.03,146.45,0,21.66,0,0,1,44.26,7,0,46,Asia,Web
CUST_0885,Healthcare,Enterprise,Business,26.69,Referral,16,0,0,0,759.18,0,5,20,1,170,9,3,0.62,39.89,1,34.47,0,0,12,18.08,27,0,33,Europe,Mobile
CUST_0886,Education,Small,Enterprise,89.23,Referral,29,0,0,0,9393.96,0,10,56,5,185,14,1,0.86,108.18,1,19.08,0,0,5,15.59,65,1,25,Europe,Web
CUST_0887,Education,Small,Enterprise,43.06,Referral,40,1,1,0,10578.6,0,6,83,20,151,13,2,0.13,132.49,1,22.93,0,0,13,15.63,97,1,48,Europe,Web
CUST_0888,Education,Mid,Enterprise,32.31,Paid Ads,49,1,1,1,1215.89,1,2,80,10,97,7,3,0.43,69.07,0,22.43,0,1,7,32.04,100,0,43,Asia,Desktop App
CUST_0889,Finance,Mid,Business,20.37,Paid Ads,24,0,1,0,3997.09,0,9,148,21,145,27,1,0.61,83.86,0,44.4,0,0,8,46.14,50,0,11,Asia,Mobile
CUST_0890,IT,Mid,Enterprise,84.73,Social Media,43,0,1,0,2132.98,0,1,23,6,169,29,3,0.9,80.5,1,41.07,0,0,12,28.64,81,1,39,North America,Web
CUST_0891,Education,Mid,Basic,65.78,Paid Ads,15,0,1,0,4100.33,0,1,114,16,116,18,2,0.9,62.25,0,21.63,0,0,8,32.58,94,1,31,North America,Web
CUST_0892,Education,Small,Basic,97.31,Paid Ads,37,0,1,0,10868.14,0,5,76,14,145,28,4,0.85,60.5,0,29.47,0,0,4,19.18,25,1,45,Asia,Mobile
CUST_0893,Healthcare,Mid,Pro,46.25,Paid Ads,47,0,0,0,7554.17,0,2,100,23,194,9,2,0.66,143.66,0,34.99,0,0,10,37.46,67,1,38,North America,Web
CUST_0894,Design,Enterprise,Business,32.76,Organic,26,1,1,0,5258.17,0,5,34,22,112,2,2,0.94,146.86,1,11.06,0,0,6,29.46,52,1,32,Asia,Mobile
CUST_0895,Education,Enterprise,Basic,19.39,Organic,6,0,1,0,6956.84,0,6,40,25,1,12,1,0.43,10.56,0,25.14,0,0,4,26.63,73,0,48,Europe,Web
CUST_0896,Education,Small,Basic,18.64,Organic,17,0,0,0,9102.56,0,7,84,4,90,29,2,0.38,8.34,0,20.04,0,0,13,0.88,64,0,10,Asia,Web
CUST_0897,Finance,Enterprise,Basic,57.75,Referral,13,0,1,0,9713.32,0,9,80,19,18,25,1,0.97,80.79,0,14.48,0,0,6,17.55,49,1,53,Europe,Web
CUST_0898,Marketing,Small,Enterprise,110.95,Paid Ads,42,1,1,1,6020.52,0,8,117,12,36,1,4,0.34,111.53,1,11.07,1,1,10,40.48,17,0,45,Asia,Web
CUST_0899,Education,Small,Pro,33.3,Paid Ads,4,0,1,0,3822.38,0,4,159,17,189,15,0,0.76,34.14,1,16.65,0,0,8,47.77,10,1,30,Asia,Desktop App
CUST_0900,Finance,Enterprise,Business,35.19,Social Media,25,1,0,0,2647.3,0,6,64,14,120,26,2,0.1,129.4,1,35.76,0,0,3,9.33,84,0,35,North America,Mobile
CUST_0901,IT,Small,Basic,108.03,Organic,47,0,1,0,8191.54,0,2,75,11,5,22,4,0.51,140.34,0,38.98,0,0,8,13.35,42,0,7,Australia,Desktop App
CUST_0902,IT,Small,Pro,51.56,Organic,46,1,0,1,8601.87,1,3,98,12,72,17,4,0.46,25.87,0,9.41,0,1,12,41.41,17,1,37,Asia,Web
CUST_0903,Marketing,Small,Pro,32.11,Email,50,1,0,1,5916.44,0,4,34,14,73,5,3,0.48,111.46,0,23.58,1,1,13,21.7,36,0,13,Australia,Web
CUST_0904,Finance,Enterprise,Enterprise,101.11,Email,21,0,0,0,7695.95,0,8,56,3,98,14,1,0.1,130.94,0,23.52,0,0,8,16.16,93,0,8,Australia,Web
CUST_0905,Design,Mid,Pro,111.92,Referral,8,0,0,0,13070.31,0,3,19,12,32,23,2,0.25,60.07,1,45.44,0,0,1,47.25,9,1,22,Europe,Desktop App
CUST_0906,Design,Small,Pro,112.07,Paid Ads,19,1,1,0,12766.47,0,2,106,19,77,21,2,0.68,19.14,0,17.6,0,0,6,29.78,19,1,44,Australia,Web
CUST_0907,Design,Small,Enterprise,76.25,Referral,24,1,1,0,12743.29,0,4,95,6,23,6,4,0.86,56.63,1,47.45,0,0,1,33.14,83,1,8,Europe,Mobile
CUST_0908,Design,Mid,Basic,114.96,Organic,18,1,0,0,5015.7,0,1,10,9,93,29,0,0.74,48.8,0,18.91,0,0,2,37.7,45,0,12,Asia,Web
CUST_0909,Healthcare,Enterprise,Enterprise,45.82,Email,39,0,0,0,5757.09,0,6,42,9,3,11,5,0.82,142.8,0,47.6,0,0,3,39.52,38,1,56,Asia,Web
CUST_0910,Design,Enterprise,Pro,102.84,Referral,36,0,1,0,11991.54,0,4,88,1,195,8,3,0.44,100.77,0,22.75,0,0,8,11.31,86,0,22,North America,Desktop App
CUST_0911,Marketing,Small,Pro,90.69,Paid Ads,3,0,1,0,3587.6,0,7,76,24,106,14,3,0.16,70.11,0,34.53,0,0,12,5.19,1,1,26,North America,Web
CUST_0912,Finance,Mid,Pro,68.99,Organic,43,1,1,0,2805.12,0,1,29,15,160,17,4,0.91,134.57,0,24.12,0,0,14,19.01,87,0,28,North America,Web
CUST_0913,Finance,Mid,Basic,52.9,Email,26,1,1,1,11209.63,1,6,49,24,49,25,4,0.56,123.32,1,7.43,1,0,1,23.07,78,1,55,North America,Desktop App
CUST_0914,IT,Mid,Business,110.69,Paid Ads,38,1,0,0,9630.88,0,10,49,16,137,12,0,0.85,41.79,1,21.86,0,0,5,18.72,98,0,16,Australia,Web
CUST_0915,Marketing,Enterprise,Enterprise,87.2,Social Media,10,1,0,0,863.15,0,9,37,13,177,14,5,0.28,148.67,1,32.57,0,0,3,19.8,54,1,18,North America,Mobile
CUST_0916,Education,Enterprise,Business,49.39,Referral,47,1,0,1,8214.97,0,6,119,24,65,12,4,0.32,81.04,1,29.45,0,1,13,18.47,83,0,50,Asia,Desktop App
CUST_0917,Education,Enterprise,Enterprise,94.86,Organic,44,1,1,1,14671.92,0,4,148,1,78,12,5,0.84,118.28,1,4.07,1,1,5,1.35,4,1,45,Asia,Web
CUST_0918,IT,Enterprise,Pro,96.07,Email,50,1,1,0,6731.77,0,7,89,5,119,10,5,0.52,75.77,0,16.8,0,0,6,21.42,70,1,59,Australia,Desktop App
CUST_0919,IT,Mid,Enterprise,109.11,Organic,36,1,0,1,4564.96,1,8,143,1,75,5,3,0.6,77.52,1,11.74,0,1,14,40.59,98,1,51,Australia,Desktop App
CUST_0920,IT,Mid,Pro,84.17,Paid Ads,47,0,1,0,14801.02,0,6,154,15,158,11,1,0.21,93,1,16.28,0,0,4,32.43,79,0,36,North America,Web
CUST_0921,Design,Mid,Enterprise,98.07,Paid Ads,24,1,0,0,8101.64,0,9,101,14,2,30,5,0.67,148.5,0,34.39,0,0,6,24.68,51,1,20,Asia,Desktop App
CUST_0922,Design,Small,Enterprise,31.13,Paid Ads,6,0,1,0,4874.49,0,9,179,18,110,8,1,0.94,132.86,1,38.67,0,0,6,41.04,79,0,20,Australia,Desktop App
CUST_0923,Design,Mid,Pro,59.51,Referral,42,1,1,0,8652.7,0,3,57,3,65,23,3,0.9,66.98,0,24.36,0,0,8,14.95,26,1,50,Asia,Mobile
CUST_0924,IT,Small,Pro,83.18,Referral,33,1,0,1,14870.36,0,8,150,2,70,23,5,0.59,136.78,0,33.99,1,1,13,3.09,8,0,32,North America,Desktop App
CUST_0925,Healthcare,Enterprise,Enterprise,45.15,Referral,22,0,0,0,5792.01,0,2,159,6,95,8,2,0.69,44.83,1,16.02,0,0,5,7.81,54,1,18,North America,Web
CUST_0926,Design,Mid,Pro,38.37,Paid Ads,11,1,1,0,4796.9,0,7,81,24,171,25,5,0.95,21.77,1,19.18,0,0,13,37.02,94,0,17,North America,Desktop App
CUST_0927,Finance,Mid,Pro,68.22,Referral,21,1,0,1,9567.45,0,8,64,13,145,26,3,0.56,33.66,1,31.41,0,1,6,2.45,11,1,18,North America,Desktop App
CUST_0928,IT,Small,Enterprise,12.14,Paid Ads,11,0,1,0,7459.02,0,9,162,2,147,4,4,0.14,77.58,0,47.76,0,0,10,43.17,6,1,47,Europe,Web
CUST_0929,Healthcare,Mid,Pro,103.8,Social Media,39,0,0,0,9603.64,0,1,9,12,45,16,5,0.64,112.04,0,22.52,0,0,5,13.31,100,0,51,North America,Desktop App
CUST_0930,Education,Enterprise,Pro,66.93,Paid Ads,22,0,1,0,14347.87,0,2,146,18,103,25,0,0.63,23.1,1,17.62,0,0,2,12.04,92,0,13,Australia,Desktop App
CUST_0931,Healthcare,Mid,Business,20.1,Social Media,22,1,0,0,5307.78,0,3,32,5,41,17,1,0.93,99.68,0,45.09,0,0,3,43.02,75,0,34,Asia,Web
CUST_0932,Healthcare,Mid,Enterprise,118.7,Referral,29,0,1,0,8750.27,0,4,164,15,138,12,5,0.76,26.24,1,1.42,0,0,9,30.55,85,0,33,Asia,Mobile
CUST_0933,Design,Enterprise,Pro,109.02,Email,38,0,0,0,1831.55,0,1,61,7,36,1,2,0.34,46.45,1,5.19,0,0,2,44.14,45,1,20,Asia,Web
CUST_0934,Finance,Small,Pro,26.55,Referral,34,0,1,0,12874.75,0,1,158,3,149,11,0,0.82,117.65,1,22.75,0,0,9,12.78,55,1,20,Asia,Web
CUST_0935,IT,Small,Basic,92.46,Social Media,16,0,0,0,4723.91,0,6,62,13,190,16,2,0.24,78.11,1,11.65,0,0,4,25.16,10,0,43,North America,Desktop App
CUST_0936,Marketing,Small,Pro,27.46,Referral,1,1,1,0,4403.93,0,2,84,20,78,18,1,0.26,26.62,1,14.27,0,0,9,38.01,12,1,11,North America,Mobile
CUST_0937,Design,Mid,Basic,115.22,Email,9,0,1,0,5628.69,0,8,22,15,44,11,1,0.75,145.48,0,0.83,0,0,11,10.24,5,0,55,Asia,Desktop App
CUST_0938,Healthcare,Small,Business,15.99,Paid Ads,30,1,0,0,2212.94,0,4,175,8,185,5,1,0.53,63.21,1,32.45,0,0,11,14.67,73,1,55,Europe,Mobile
CUST_0939,IT,Small,Basic,103.81,Referral,47,0,0,0,8533.57,0,4,145,16,66,23,0,0.84,122.68,0,27.15,0,0,14,1.09,70,1,40,Australia,Web
CUST_0940,Education,Enterprise,Basic,44.98,Organic,22,1,1,1,7911.19,1,8,130,15,91,27,1,0.19,69.09,1,30.44,0,0,4,40.22,95,0,15,Europe,Desktop App
CUST_0941,IT,Enterprise,Business,56.35,Email,11,0,1,0,7732.67,0,3,105,24,131,12,5,0.75,127.65,1,15.07,0,0,5,33.11,77,0,9,Asia,Web
CUST_0942,IT,Mid,Pro,73.62,Email,29,0,1,0,12606.71,0,2,169,16,12,15,4,0.14,102.06,0,21.95,0,0,7,13.52,75,0,34,Australia,Desktop App
CUST_0943,Healthcare,Mid,Pro,83.48,Email,28,1,0,0,9905.02,0,4,174,6,160,24,0,0.52,130.61,1,17.75,0,0,9,36.21,16,1,44,North America,Desktop App
CUST_0944,Education,Small,Business,16.28,Paid Ads,48,1,1,1,149.19,0,3,92,25,25,8,0,0.49,71.92,0,8.62,0,1,5,29.73,36,1,22,Australia,Web
CUST_0945,Education,Small,Pro,111.83,Paid Ads,45,1,0,0,14702.98,0,1,158,19,94,10,5,0.83,149.38,1,6.58,0,0,14,45.2,84,1,35,Australia,Web
CUST_0946,Healthcare,Small,Pro,79.97,Social Media,13,1,1,1,4455.16,1,4,138,18,145,2,5,0.7,68.15,1,42.09,1,0,7,27.16,54,0,6,Australia,Web
CUST_0947,Finance,Mid,Business,75.66,Paid Ads,44,1,0,0,3689.71,0,6,104,7,104,17,2,0.87,141.34,0,19.32,0,0,3,43.51,97,0,56,North America,Desktop App
CUST_0948,IT,Mid,Business,105.42,Paid Ads,44,0,1,0,4828.78,0,3,166,17,191,24,4,0.8,34.27,0,27.75,0,0,7,47.75,24,0,60,North America,Web
CUST_0949,Marketing,Mid,Pro,11.97,Referral,4,0,1,0,12430.41,0,2,10,9,78,9,1,0.82,123.46,1,1.9,0,0,7,25.17,17,0,15,Asia,Desktop App
CUST_0950,Design,Small,Basic,37.18,Referral,7,1,1,0,8746.49,0,10,106,13,65,18,1,0.3,127.09,1,44.72,0,0,7,26.99,25,1,34,Australia,Desktop App
CUST_0951,Marketing,Enterprise,Business,51.55,Referral,45,1,0,1,12300.71,1,7,39,16,78,28,5,0.1,71.44,1,21.7,1,1,1,28.8,44,1,48,Europe,Web
CUST_0952,IT,Enterprise,Basic,36.68,Paid Ads,1,0,1,0,5624.34,0,6,95,23,51,21,4,0.79,112.6,0,7.77,0,0,7,7.28,49,0,36,Asia,Desktop App
CUST_0953,Marketing,Small,Pro,61.56,Referral,15,0,0,0,14559.06,0,10,29,14,13,19,1,0.39,93.39,0,4,0,0,8,16.75,81,0,49,Europe,Web
CUST_0954,Finance,Mid,Basic,49.39,Organic,38,0,1,0,1672.13,0,4,45,12,192,26,4,0.04,96.85,1,16.66,0,0,4,15.85,17,1,59,Asia,Desktop App
CUST_0955,Education,Small,Basic,18.27,Social Media,20,0,0,0,1549.91,0,5,24,5,125,9,2,0.59,21.77,0,49.53,0,0,13,8.15,23,1,4,Australia,Desktop App
CUST_0956,IT,Small,Pro,39.85,Email,27,0,0,0,7226.85,0,2,35,4,112,4,5,0.57,96.34,1,25.25,0,0,10,32.6,86,0,39,Asia,Mobile
CUST_0957,Design,Mid,Business,35.05,Social Media,47,1,0,0,14955,0,4,81,9,107,28,5,0.58,36.6,0,30.64,0,0,6,42.16,7,1,43,Asia,Mobile
CUST_0958,Finance,Mid,Business,79.92,Paid Ads,10,0,0,0,2897,0,2,134,12,149,26,0,0.9,65.01,1,46.09,0,0,14,30.65,91,1,52,Australia,Desktop App
CUST_0959,Marketing,Enterprise,Enterprise,36.8,Organic,44,1,0,0,10088.39,0,4,76,22,182,11,4,0.26,87.22,0,7.05,0,0,13,20.1,98,1,6,Asia,Web
CUST_0960,Design,Mid,Enterprise,74.64,Email,34,0,1,0,10794.27,0,1,85,1,70,28,1,0.46,119.37,0,48.06,0,0,7,24.8,80,1,32,Europe,Desktop App
CUST_0961,Design,Small,Business,116.13,Email,25,1,0,0,12051.3,0,7,43,24,188,15,1,0.81,79.38,0,15.63,0,0,9,19.88,56,0,16,North America,Web
CUST_0962,Design,Small,Basic,12.28,Referral,9,0,0,0,13530.58,0,1,21,14,154,11,5,0.22,102.28,1,28.07,0,0,14,14.87,58,0,0,Australia,Mobile
CUST_0963,Healthcare,Enterprise,Pro,91.55,Email,48,1,1,1,5322.36,0,6,91,16,177,9,2,0.44,109.42,1,42.39,0,0,4,44.05,81,1,50,Australia,Desktop App
CUST_0964,Education,Mid,Business,36.4,Email,41,0,0,0,13751.43,0,3,158,12,129,2,3,0.93,55.65,0,20.87,0,0,14,7.25,23,0,30,Australia,Web
CUST_0965,Education,Mid,Pro,58.56,Organic,44,0,1,0,6507.24,0,5,144,17,38,14,4,0.16,23.49,1,21.56,0,0,3,2.51,73,0,27,Australia,Mobile
CUST_0966,Finance,Small,Business,25.48,Organic,1,0,0,0,11881.2,0,8,85,16,92,8,0,0.79,53.83,0,11.01,0,0,11,27.92,91,0,19,North America,Web
CUST_0967,Education,Enterprise,Pro,14.39,Organic,42,0,1,0,11418.76,0,9,75,6,198,17,0,0.93,72.18,0,20.97,0,0,6,0.83,14,0,47,Europe,Mobile
CUST_0968,Education,Mid,Pro,103.94,Organic,18,1,1,1,8338.74,1,7,104,4,4,22,0,0.5,85.51,0,41.31,0,0,7,14.76,74,0,54,Europe,Mobile
CUST_0969,IT,Enterprise,Pro,56.33,Paid Ads,8,0,1,0,6470.04,0,7,60,22,189,14,5,0.6,111.86,1,20.14,0,0,1,30.46,70,1,10,Europe,Desktop App
CUST_0970,Education,Mid,Enterprise,55.22,Social Media,44,1,0,1,1635.92,0,10,140,12,126,30,2,0.58,69.37,0,47.93,1,0,14,3.26,56,1,52,Australia,Web
CUST_0971,Education,Enterprise,Enterprise,36.24,Referral,27,1,0,1,4962.38,1,9,53,17,128,17,5,0.48,84.97,0,22.62,0,1,14,37.4,30,1,23,North America,Mobile
CUST_0972,Education,Enterprise,Basic,10.83,Email,25,1,0,1,3809.41,1,1,129,20,35,18,1,0.16,74.69,0,19.62,0,0,9,40.72,36,0,1,North America,Desktop App
CUST_0973,Healthcare,Small,Basic,44.99,Email,3,1,0,0,12020.92,0,10,11,2,24,27,2,0.56,143.4,0,42.6,0,0,6,13.91,63,1,35,Australia,Desktop App
CUST_0974,IT,Small,Basic,68.28,Organic,28,1,1,0,10879.54,0,9,173,9,122,11,2,0.05,15.39,0,13.1,0,0,1,16.47,96,0,19,Australia,Web
CUST_0975,Healthcare,Small,Enterprise,52.55,Referral,3,1,0,0,10372.75,0,9,8,1,158,22,4,0.35,57.53,1,10.32,0,0,10,47.02,12,1,49,Europe,Desktop App
CUST_0976,Finance,Enterprise,Pro,61.39,Referral,39,1,1,1,7082.83,0,5,7,18,89,25,5,0.8,12.62,0,25.26,0,0,3,40.73,9,0,30,North America,Desktop App
CUST_0977,Education,Enterprise,Enterprise,112.75,Paid Ads,41,0,1,0,4409.37,0,4,16,21,15,6,5,0.41,30.01,0,18.54,0,0,7,44.02,9,1,40,Australia,Web
CUST_0978,Marketing,Enterprise,Enterprise,44.83,Referral,36,0,0,0,7213.49,0,5,151,4,109,22,2,0.68,48.41,1,36.74,0,0,7,42.03,30,0,25,Australia,Mobile
CUST_0979,Marketing,Enterprise,Enterprise,53.73,Paid Ads,16,1,1,1,10166.61,0,10,53,4,13,22,0,0.98,47.74,1,17.44,0,1,2,11.94,65,0,18,Europe,Web
CUST_0980,IT,Mid,Business,72.16,Social Media,21,1,1,1,14072.97,0,6,64,14,148,21,4,0.19,30.7,1,8.34,0,0,13,27.95,85,0,53,Europe,Mobile
CUST_0981,Healthcare,Mid,Enterprise,98.36,Social Media,43,1,0,0,2738.83,0,10,89,22,26,27,2,0.75,103.39,1,1.16,0,0,10,31.14,2,0,42,Australia,Desktop App
CUST_0982,Education,Small,Business,29.81,Paid Ads,45,0,1,0,3889.08,0,6,138,1,27,21,0,0.68,147.97,1,30.39,0,0,8,40.5,17,0,39,North America,Mobile
CUST_0983,Marketing,Enterprise,Pro,76.62,Email,10,0,0,0,14670.74,0,9,12,24,181,19,2,0.05,36.33,0,26.92,0,0,3,11.9,28,1,31,Europe,Web
CUST_0984,Education,Mid,Business,104.08,Organic,47,1,0,1,9270.6,1,6,79,21,164,21,0,0.04,66.75,0,22.72,0,0,14,31.66,52,0,0,North America,Web
CUST_0985,Healthcare,Enterprise,Business,95.9,Paid Ads,34,1,1,0,11881.45,0,3,100,3,120,25,3,0.91,85.16,0,16.64,0,0,7,31.21,38,0,24,North America,Desktop App
CUST_0986,Finance,Mid,Basic,81.09,Organic,26,1,0,0,14284.9,0,4,126,4,65,21,5,0.98,81.01,0,33.26,0,0,2,40.77,73,1,59,Australia,Web
CUST_0987,Design,Enterprise,Pro,24.71,Referral,32,0,1,0,1906.09,0,2,127,25,32,12,3,0.61,10.18,1,29.68,0,0,12,23.14,80,0,47,Asia,Web
CUST_0988,Education,Small,Enterprise,79.46,Organic,17,0,0,0,13407.11,0,7,43,18,23,27,3,0.52,7.13,1,49.81,0,0,3,21.89,87,1,36,North America,Desktop App
CUST_0989,IT,Enterprise,Enterprise,57.34,Social Media,29,0,0,0,13478.05,0,6,62,18,167,20,3,0.44,87.75,0,39.94,0,0,11,23.18,29,0,25,Europe,Mobile
CUST_0990,Design,Mid,Basic,72.35,Social Media,47,0,0,0,12912.2,0,10,20,17,148,26,3,0.52,101.95,0,13.39,0,0,4,27.38,35,1,7,Asia,Mobile
CUST_0991,Marketing,Mid,Basic,90.24,Social Media,23,0,0,0,5527.99,0,9,30,10,23,23,5,0.51,114.28,0,39.65,0,0,13,16.41,13,1,35,Europe,Desktop App
CUST_0992,Design,Enterprise,Business,25.55,Social Media,47,0,0,0,13060.27,0,9,35,18,161,25,5,0.31,83.11,1,15.91,0,0,12,9.3,60,0,28,North America,Mobile
CUST_0993,Finance,Small,Pro,103.46,Social Media,6,1,1,1,12292.16,0,2,154,19,159,3,0,0.92,96.61,0,23.12,0,1,7,44.8,85,1,35,North America,Desktop App
CUST_0994,Marketing,Mid,Business,93.66,Referral,28,0,0,0,989.83,0,4,97,5,48,30,5,0.35,38.15,1,11.18,0,0,2,29.72,22,1,45,North America,Desktop App
CUST_0995,Finance,Mid,Business,23.42,Referral,16,0,1,0,2202.14,0,3,64,5,170,17,1,0.22,70.53,0,19.33,0,0,14,25.23,92,0,36,Europe,Desktop App
CUST_0996,IT,Enterprise,Business,70.04,Organic,4,0,1,0,8834.91,0,9,180,23,68,2,4,0.64,105.34,0,9.11,0,0,14,49.41,22,0,42,Asia,Web
CUST_0997,Finance,Small,Pro,41.13,Paid Ads,28,1,1,0,5301.79,0,2,116,21,178,9,3,0.27,69.3,1,3.22,0,0,14,33.08,15,1,8,Asia,Web
CUST_0998,Education,Enterprise,Basic,17.51,Referral,31,1,1,1,3617.76,1,1,19,9,61,28,0,0.58,54.41,1,28.06,0,1,10,15.1,57,1,21,Europe,Web
CUST_0999,IT,Mid,Basic,22.5,Social Media,11,0,1,0,4147.66,0,5,139,25,41,27,3,0.42,69.04,1,44.41,0,0,9,25.96,90,1,58,Australia,Mobile
CUST_1000,Education,Mid,Enterprise,106.05,Organic,37,0,1,0,1770.12,0,8,148,7,167,23,1,0.72,29.13,1,21.25,0,0,13,36.57,5,1,45,North America,Web
CUST_1001,Education,Enterprise,Basic,86.72,Social Media,10,1,1,0,5808.01,0,7,92,9,116,23,4,0.52,90.33,0,26.96,0,0,3,30.41,18,0,42,Australia,Mobile
CUST_1002,Finance,Enterprise,Pro,42.35,Organic,26,1,1,0,11290.37,0,7,180,22,68,3,2,0.47,41.25,1,18.56,0,0,5,14.84,11,1,36,Europe,Web
CUST_1003,IT,Small,Basic,72.52,Social Media,4,1,1,1,13350.14,1,3,172,6,169,26,3,0.22,10.12,1,37.38,0,0,9,4.4,22,0,46,Asia,Web
CUST_1004,IT,Enterprise,Pro,21.03,Social Media,10,1,0,0,8711.81,0,4,178,24,195,25,1,0.46,124.33,1,40.78,0,0,11,15.74,79,0,52,Europe,Web
CUST_1005,Healthcare,Small,Enterprise,119.55,Organic,1,1,0,0,8287.39,0,6,123,3,86,3,0,0.17,139.81,1,7.56,0,0,14,3.32,47,1,25,Europe,Desktop App
CUST_1006,Healthcare,Enterprise,Basic,57.67,Organic,44,1,0,0,11150.48,0,10,174,12,179,15,5,0.78,78.63,0,41.41,0,0,11,48.37,30,0,5,Europe,Web
CUST_1007,Finance,Small,Pro,93.86,Organic,2,0,0,0,6646.32,0,2,168,16,117,20,3,0.91,114.71,1,9.06,0,0,5,6.65,64,0,21,Asia,Web
CUST_1008,Finance,Mid,Pro,21.36,Paid Ads,37,1,1,1,5930.22,1,5,46,12,156,26,0,0.96,21.75,0,21.58,0,1,12,21.33,33,0,1,North America,Web
CUST_1009,Design,Mid,Pro,46.33,Paid Ads,16,0,1,0,11047.92,0,3,62,4,20,14,0,0.26,139.65,1,16.65,0,0,6,0.55,54,0,7,Australia,Desktop App
CUST_1010,Healthcare,Mid,Basic,15.04,Organic,45,1,0,1,14067.02,0,6,71,14,2,15,4,0.69,7.23,0,34.5,1,1,9,35.65,34,0,23,North America,Mobile
CUST_1011,IT,Mid,Enterprise,36.5,Paid Ads,28,1,0,1,2568.86,1,8,8,8,136,16,1,0.76,30.66,1,35.88,0,0,3,24.97,2,0,44,Australia,Mobile
CUST_1012,Marketing,Small,Pro,103.46,Paid Ads,5,0,0,0,3577.58,0,2,73,7,144,16,1,0.54,74.14,0,13.11,0,0,3,7.63,67,0,5,Asia,Web
CUST_1013,Marketing,Mid,Business,74.38,Email,9,0,1,0,5575.56,0,7,179,25,99,28,5,0.11,18.28,0,12.09,0,0,3,6.06,65,1,23,Asia,Desktop App
CUST_1014,IT,Small,Basic,76.56,Social Media,4,1,0,1,7865.04,0,3,76,2,120,6,1,0.89,93.82,0,45.45,0,0,12,11.99,90,0,52,North America,Desktop App
CUST_1015,Finance,Small,Enterprise,47.76,Organic,2,0,1,0,6345.23,0,8,94,11,64,8,5,0.99,37.77,1,37.95,0,0,14,9.44,18,0,15,Europe,Web
CUST_1016,Healthcare,Small,Enterprise,19.89,Referral,37,0,0,0,8980.25,0,8,89,20,147,4,2,0.99,66.7,1,48.77,0,0,8,43.75,20,1,44,Australia,Mobile
CUST_1017,Education,Small,Business,61.95,Paid Ads,11,1,1,1,11173.43,0,8,145,21,79,21,4,0.66,92.87,1,48.76,0,1,10,27.25,15,0,34,North America,Mobile
CUST_1018,IT,Enterprise,Basic,63.34,Paid Ads,18,0,0,0,5155.47,0,4,172,13,11,22,2,0.01,80.58,0,20.7,0,0,14,42.64,91,1,53,Europe,Web
CUST_1019,Education,Small,Basic,21.35,Organic,49,0,0,0,3710.27,0,9,131,9,21,26,3,0.39,92.19,1,48.77,0,0,1,7.41,56,0,59,Asia,Desktop App
CUST_1020,Education,Small,Basic,35.78,Paid Ads,4,1,0,0,7236.32,0,10,144,6,102,14,4,0.51,81.4,0,8.41,0,0,14,28.58,53,1,39,Australia,Desktop App
CUST_1021,Design,Enterprise,Enterprise,28.35,Social Media,41,0,1,0,8177.88,0,7,156,15,133,24,5,0.42,148.12,1,32.93,0,0,13,15.25,98,0,47,Europe,Web
CUST_1022,Design,Enterprise,Enterprise,74.78,Social Media,14,0,0,0,4643.13,0,7,84,10,190,12,3,0.85,41.61,1,30.52,0,0,2,43.6,15,0,22,North America,Desktop App
CUST_1023,Healthcare,Small,Basic,91.59,Referral,35,1,1,0,9166.2,0,2,44,20,173,15,4,0.19,11.94,0,16.15,0,0,12,35,22,0,28,North America,Desktop App
CUST_1024,Design,Enterprise,Business,39.31,Organic,26,1,1,1,7517.01,0,10,69,22,37,18,0,0.86,50.25,0,39.9,0,1,9,31.9,18,1,47,North America,Mobile
CUST_1025,Education,Mid,Business,102.55,Email,34,1,1,1,5505.94,0,3,178,4,134,22,0,0.53,57.1,1,16.94,0,1,5,15.49,9,0,7,Asia,Desktop App
CUST_1026,Healthcare,Mid,Enterprise,80.13,Social Media,19,0,0,0,301.27,0,1,48,13,85,24,3,0.85,20.31,0,38.37,0,0,13,27.22,18,0,13,Europe,Web
CUST_1027,Design,Mid,Pro,14.69,Paid Ads,40,1,1,1,14646.87,1,1,108,20,57,16,1,0.57,75.33,0,11.54,0,1,5,40.42,26,0,9,Europe,Desktop App
CUST_1028,IT,Small,Basic,75.62,Email,3,1,0,1,6096.48,1,1,23,5,20,12,5,0.02,71.36,1,46.26,0,0,10,29.4,51,1,24,Australia,Desktop App
CUST_1029,Finance,Enterprise,Basic,31.74,Organic,6,0,0,0,7805.46,0,9,114,21,155,14,5,0.33,32.04,0,6.27,0,0,4,4.69,33,0,37,Asia,Desktop App
CUST_1030,IT,Small,Enterprise,68.23,Referral,20,1,0,0,9027.56,0,2,5,16,194,16,0,0.85,51.3,0,22.28,0,0,7,11.57,46,1,27,Australia,Desktop App
CUST_1031,IT,Mid,Pro,69.91,Social Media,10,1,0,1,14115.8,0,6,37,10,195,7,3,0.94,78.78,0,17.63,0,0,3,16.54,55,0,39,Europe,Mobile
CUST_1032,Healthcare,Small,Pro,83.95,Social Media,41,1,1,1,4598.88,0,3,152,5,173,8,3,0.56,14.76,1,47.88,1,1,1,40.35,23,0,57,North America,Desktop App
CUST_1033,Marketing,Small,Pro,108.65,Organic,4,1,0,0,13013.03,0,1,171,18,190,5,4,0.64,88.52,1,38.25,0,0,12,30.49,50,1,10,Europe,Desktop App
CUST_1034,Education,Mid,Pro,107.31,Paid Ads,7,1,1,0,10756.68,0,10,23,4,200,6,1,0.02,141.28,0,40.18,0,0,14,8.08,2,0,57,Asia,Mobile
CUST_1035,IT,Mid,Business,24.46,Email,36,1,1,1,1535.98,1,10,105,20,44,1,3,0.21,130.27,0,25.15,0,1,6,6.51,62,0,37,Europe,Web
CUST_1036,Healthcare,Enterprise,Business,40.13,Organic,28,1,1,0,9292.54,0,6,133,10,13,5,0,0.46,77.51,0,29.7,0,0,14,24.87,90,1,39,North America,Web
CUST_1037,Education,Mid,Business,82.2,Email,1,1,0,0,8288.52,0,6,178,14,82,24,4,0.86,34.33,0,0.81,0,0,1,38.1,57,1,14,Europe,Desktop App
CUST_1038,IT,Enterprise,Pro,22.98,Social Media,37,1,1,1,321.94,0,10,63,18,170,14,4,0.8,90.36,1,44.09,0,1,11,39.85,76,1,7,Asia,Web
CUST_1039,Finance,Mid,Enterprise,76.68,Social Media,33,0,1,0,14414.4,0,7,178,17,181,19,4,0.45,54.05,0,14.77,0,0,14,42.87,60,0,27,Asia,Desktop App
CUST_1040,Design,Mid,Enterprise,19.89,Referral,17,1,0,1,13989.61,0,3,86,6,2,1,2,0.7,55.74,1,21.89,1,1,4,15.74,96,0,9,Europe,Mobile
CUST_1041,Healthcare,Enterprise,Enterprise,95.58,Referral,18,1,0,1,1616.99,0,4,5,1,183,4,1,0.32,104.47,0,35.6,0,1,3,6.51,75,1,42,Asia,Desktop App
CUST_1042,IT,Mid,Basic,99.62,Referral,3,1,1,0,10408.25,0,2,43,13,3,9,0,0.76,138.32,0,45.29,0,0,2,3.15,53,0,20,North America,Mobile
CUST_1043,Education,Mid,Pro,77.22,Social Media,33,1,1,1,2681.32,1,3,66,2,76,10,3,0.07,32.95,0,38.92,0,0,4,32.37,62,1,6,Australia,Desktop App
CUST_1044,IT,Enterprise,Basic,20.21,Organic,14,1,0,1,14293.2,0,9,104,24,30,7,4,0.59,127.13,0,23.39,0,0,6,32.09,2,1,15,Europe,Desktop App
CUST_1045,Design,Enterprise,Business,115.75,Paid Ads,34,0,0,0,7362.76,0,2,153,22,162,9,0,0.5,113.12,1,2,0,0,11,0.21,11,1,0,Australia,Mobile
CUST_1046,Education,Mid,Pro,117.92,Social Media,14,1,0,0,8713.39,0,1,27,15,5,6,5,0.69,129.2,1,20.02,0,0,8,9.55,75,0,14,North America,Mobile
CUST_1047,Marketing,Enterprise,Basic,65.85,Email,25,0,1,0,7531.35,0,2,172,10,51,28,4,0.43,64.41,0,30.15,0,0,5,26.74,95,1,54,Australia,Web
CUST_1048,Healthcare,Small,Enterprise,50.89,Paid Ads,45,0,0,0,5980.02,0,7,81,6,133,20,5,0.56,147.64,1,23.8,0,0,11,11.76,72,0,14,Australia,Desktop App
CUST_1049,Design,Small,Business,39.03,Email,40,1,0,0,6449.7,0,1,39,23,157,17,5,0.15,60.94,1,12.74,0,0,5,49.51,16,0,45,Asia,Desktop App
CUST_1050,Finance,Mid,Business,115.68,Social Media,14,0,1,0,13002.81,0,9,156,19,24,7,3,0.61,22.2,1,28.31,0,0,14,0.03,98,0,56,Australia,Mobile
CUST_1051,Healthcare,Enterprise,Enterprise,56.97,Referral,41,1,0,1,5640.93,0,7,23,10,46,20,4,0.95,12.76,0,33.22,1,1,5,35.45,50,0,43,Europe,Mobile
CUST_1052,Marketing,Mid,Enterprise,25.52,Organic,19,1,0,0,12125.83,0,3,34,6,99,13,4,0.66,64.17,0,10.99,0,0,1,37.85,23,0,0,Europe,Web
CUST_1053,Education,Small,Business,68.42,Paid Ads,15,0,1,0,12897.64,0,4,176,16,173,18,4,0.32,81.81,1,17.28,0,0,13,22.89,33,0,60,Asia,Web
CUST_1054,Education,Mid,Basic,111.56,Organic,46,0,0,0,232.47,0,10,54,22,110,23,2,0.57,62.16,0,6.25,0,0,2,35.2,53,0,17,Australia,Web
CUST_1055,Education,Mid,Basic,11.9,Paid Ads,27,0,1,0,5777.77,0,10,156,5,175,18,5,0.77,53.54,0,6.74,0,0,3,41.87,73,0,31,Asia,Mobile
CUST_1056,IT,Mid,Enterprise,79.95,Referral,22,0,0,0,4780.77,0,7,113,13,19,7,3,0.82,134.56,1,10.97,0,0,14,31.07,98,1,49,North America,Desktop App
CUST_1057,Design,Enterprise,Basic,33.09,Paid Ads,12,1,1,0,8379.38,0,10,42,24,188,5,3,0.42,118.93,1,17.11,0,0,5,29.22,15,1,44,North America,Web
CUST_1058,Design,Small,Pro,53.39,Paid Ads,34,1,0,1,11199.34,0,5,128,20,164,16,2,0.69,67.13,0,24.71,1,1,10,16.03,15,1,49,North America,Web
CUST_1059,IT,Enterprise,Business,14.8,Social Media,47,0,0,0,11181.9,0,8,179,22,135,9,3,0.58,123.74,1,10.96,0,0,6,9.54,32,0,46,North America,Web
CUST_1060,Education,Enterprise,Pro,91.68,Email,14,0,0,0,468.3,0,6,115,7,176,26,2,0.85,27.83,0,16.5,0,0,12,26.5,21,0,9,Europe,Desktop App
CUST_1061,Education,Enterprise,Pro,101.96,Organic,14,0,1,0,3931.73,0,2,23,6,8,5,0,0.18,9.97,0,11.63,0,0,6,38.71,53,0,43,Europe,Web
CUST_1062,Design,Enterprise,Business,76.16,Email,35,0,0,0,163.67,0,4,176,8,68,4,2,0.89,116.95,0,20.58,0,0,1,16.53,62,1,9,Europe,Mobile
CUST_1063,Healthcare,Mid,Enterprise,83.54,Organic,11,1,1,0,2234.7,0,8,98,17,70,26,5,0.94,97.22,0,23.77,0,0,9,17.45,45,0,27,Asia,Web
CUST_1064,IT,Enterprise,Basic,86.85,Organic,31,1,0,0,7220.8,0,5,150,15,87,10,2,0.41,78.15,1,29.14,0,0,5,37.81,12,0,52,Australia,Desktop App
CUST_1065,Healthcare,Mid,Pro,105.28,Paid Ads,40,0,1,0,7322.74,0,2,75,8,104,11,2,0.66,70.01,1,33.12,0,0,2,25.88,29,1,34,Europe,Desktop App
CUST_1066,Education,Small,Enterprise,15.39,Referral,30,1,0,0,9924.79,0,5,70,19,74,8,0,0.83,9.63,1,34.63,0,0,10,16.04,32,0,56,North America,Desktop App
CUST_1067,Healthcare,Enterprise,Basic,117,Paid Ads,35,1,0,0,1617.4,0,6,137,5,131,20,4,0.45,16.26,1,5.04,0,0,14,34.75,61,0,44,Europe,Desktop App
CUST_1068,Marketing,Enterprise,Pro,26.21,Organic,46,1,1,1,5210.57,0,7,100,15,63,17,1,0.64,84.15,0,27.81,0,0,2,10.38,37,1,49,Australia,Web
CUST_1069,Design,Small,Basic,10.69,Social Media,36,0,1,0,12590.95,0,8,28,25,134,22,5,0.2,23.92,0,25.9,0,0,11,38.99,78,0,17,Europe,Desktop App
CUST_1070,Design,Mid,Business,72.87,Social Media,13,1,0,1,14858.91,0,9,156,24,131,17,0,0.51,149.3,0,47.56,0,0,10,25.69,67,0,3,Asia,Web
CUST_1071,IT,Enterprise,Basic,116.3,Email,24,0,1,0,3186.49,0,5,152,8,6,16,0,0.89,23.09,1,25.34,0,0,14,28.44,58,0,46,Asia,Web
CUST_1072,IT,Small,Business,18.51,Email,5,1,1,0,3686,0,5,95,12,72,4,4,0.03,61.92,0,11.18,0,0,14,20.94,69,1,22,North America,Web
CUST_1073,Marketing,Mid,Pro,10.79,Referral,49,0,0,0,10974.5,0,7,58,4,131,30,2,0.88,62.85,0,28.31,0,0,8,29.14,98,1,34,North America,Desktop App
CUST_1074,IT,Small,Basic,35.21,Paid Ads,10,1,1,1,9128.2,0,1,159,14,26,14,2,0.07,60.75,0,37.58,1,1,10,31.68,36,1,18,Asia,Mobile
CUST_1075,Design,Mid,Enterprise,67.8,Referral,21,1,0,1,9401.25,1,7,33,17,96,8,2,0.61,84.09,1,4.67,0,1,2,23.68,7,1,41,Asia,Mobile
CUST_1076,Finance,Mid,Business,87.45,Social Media,21,1,1,0,14965.03,0,2,71,25,157,15,3,0.15,51.8,0,27.31,0,0,9,18.2,9,0,43,Europe,Web
CUST_1077,IT,Enterprise,Basic,72.22,Paid Ads,1,1,0,0,11977.56,0,8,80,15,142,17,1,0.21,17.7,1,40.91,0,0,4,42.74,20,0,5,North America,Mobile
CUST_1078,Design,Enterprise,Pro,72.39,Organic,14,0,1,0,14985.39,0,6,70,15,142,16,2,0.56,43.9,0,2.63,0,0,4,17.14,85,1,5,Europe,Desktop App
CUST_1079,Finance,Small,Enterprise,27.25,Paid Ads,22,0,0,0,1033.14,0,1,26,12,155,17,4,0.35,125.35,1,47.67,0,0,7,15.83,6,0,44,North America,Desktop App
CUST_1080,Design,Enterprise,Basic,62.32,Referral,14,0,0,0,12827.7,0,2,51,21,13,12,0,0.47,19.13,0,45.27,0,0,9,13.61,24,1,43,Australia,Mobile
CUST_1081,Education,Small,Enterprise,86.77,Paid Ads,18,1,1,1,2074.97,0,2,61,10,164,30,5,0.55,118.94,1,16.05,1,1,6,11.91,48,0,40,Asia,Mobile
CUST_1082,Design,Mid,Business,18.7,Paid Ads,23,1,0,1,12055.16,0,8,8,1,199,7,2,0.23,41.96,1,0.65,0,0,4,32.49,61,0,42,North America,Web
CUST_1083,Design,Small,Enterprise,78.28,Email,13,1,1,1,5684.68,1,9,141,4,124,25,5,0.19,81.26,0,0.7,1,1,12,35.58,4,0,28,North America,Desktop App
CUST_1084,IT,Small,Enterprise,95,Organic,37,1,0,1,8027.59,1,9,174,2,119,16,4,0.67,16.4,1,31.4,0,0,2,49.6,70,1,34,Australia,Web
CUST_1085,IT,Small,Enterprise,35.66,Paid Ads,34,1,1,1,5402.14,1,6,54,21,198,25,2,0.4,31.41,0,44.94,1,0,8,28.87,59,0,37,Australia,Mobile
CUST_1086,IT,Enterprise,Enterprise,28.85,Social Media,46,0,0,0,3990.68,0,1,68,18,152,20,2,0.53,145.2,0,3.48,0,0,13,8.53,52,1,8,Australia,Desktop App
CUST_1087,IT,Mid,Pro,114.19,Social Media,21,1,1,1,11263.04,0,8,161,3,102,15,0,0.75,124.16,1,38.88,0,1,2,23.29,44,1,6,Asia,Mobile
CUST_1088,Education,Enterprise,Enterprise,25.35,Organic,48,0,0,0,5641.95,0,4,23,11,173,25,3,0.48,61.89,0,19.09,0,0,6,24.34,81,1,20,Australia,Web
CUST_1089,Healthcare,Mid,Enterprise,112.87,Referral,21,0,0,0,8180.08,0,10,150,10,53,15,0,0.96,100.75,0,5.82,0,0,4,39.52,4,0,24,North America,Desktop App
CUST_1090,Finance,Mid,Pro,62.67,Organic,42,0,1,0,13779.62,0,1,89,1,77,20,5,0.34,40.24,0,1.01,0,0,14,20.25,90,0,42,Europe,Desktop App
CUST_1091,Finance,Enterprise,Enterprise,67.76,Social Media,9,1,1,0,12257.7,0,6,29,22,5,15,2,0.43,106.95,0,11.72,0,0,1,28.68,13,0,49,Australia,Mobile
CUST_1092,Marketing,Enterprise,Business,60.28,Paid Ads,49,1,1,0,2270.89,0,5,160,6,63,3,3,0.46,84.93,0,13.39,0,0,11,16.49,10,1,20,North America,Web
CUST_1093,Education,Enterprise,Basic,42.85,Paid Ads,10,0,0,0,12803.94,0,9,124,13,38,15,3,0.57,121.76,1,26.76,0,0,14,2.63,85,1,17,Australia,Desktop App
CUST_1094,Design,Mid,Enterprise,20.33,Email,2,0,1,0,9502.96,0,8,113,25,79,15,4,0.09,68.01,0,22.06,0,0,12,27.62,88,1,9,North America,Mobile
CUST_1095,Design,Enterprise,Enterprise,53.33,Email,27,0,0,0,9405.65,0,5,178,7,30,26,2,0.37,19.28,1,20.32,0,0,12,22.24,26,1,10,Australia,Web
CUST_1096,Finance,Small,Basic,62.41,Email,15,0,1,0,6320.37,0,2,115,3,147,1,5,0.85,107.63,1,43.91,0,0,4,9.14,39,0,23,Asia,Mobile
CUST_1097,Healthcare,Mid,Business,60.81,Organic,37,1,1,0,3433.18,0,8,48,11,55,12,5,0.75,96.71,0,49.13,0,0,8,8.06,38,0,4,Europe,Web
CUST_1098,Finance,Mid,Pro,67.26,Social Media,2,0,0,0,10359.07,0,7,87,16,163,10,1,0.14,88.81,0,42.72,0,0,4,18.52,48,0,53,Asia,Mobile
CUST_1099,Education,Mid,Enterprise,33.43,Organic,48,1,1,1,13389.18,1,2,165,17,120,8,4,0.58,6.55,0,1.39,0,1,4,23.24,79,1,47,Australia,Web
CUST_1100,IT,Small,Business,28.18,Email,28,0,0,0,3076.25,0,9,67,18,128,5,3,0.53,147.18,0,21.27,0,0,8,8.65,13,1,48,Asia,Web
CUST_1101,Education,Small,Pro,67.59,Paid Ads,36,0,1,0,273.25,0,7,17,3,72,9,2,0.21,103.28,0,12.13,0,0,5,20.82,90,1,23,Australia,Web
CUST_1102,Design,Small,Enterprise,52.48,Referral,5,0,1,0,461.22,0,1,96,23,160,15,5,0.58,11.01,0,43.8,0,0,5,23.96,32,0,59,Asia,Desktop App
CUST_1103,Design,Small,Business,109.35,Email,14,1,0,1,5222.05,1,4,23,17,178,7,0,0.52,54.17,0,44.79,1,0,7,9.22,92,1,2,North America,Desktop App
CUST_1104,Design,Mid,Basic,25.32,Paid Ads,25,1,0,0,6694.04,0,1,39,15,93,29,4,0.7,91.91,0,26.48,0,0,10,33.91,76,0,43,Australia,Web
CUST_1105,Education,Enterprise,Enterprise,53.85,Social Media,6,0,0,0,701.01,0,4,12,1,183,12,1,0.18,25.27,1,1.51,0,0,13,1.95,51,1,45,Europe,Mobile
CUST_1106,Design,Small,Basic,70.9,Paid Ads,27,1,1,0,8575.76,0,1,42,6,3,29,4,0.53,57.3,1,41.17,0,0,1,12.19,72,0,46,Asia,Mobile
CUST_1107,Education,Enterprise,Business,27.37,Paid Ads,39,0,1,0,1049.51,0,1,98,23,128,21,1,0.68,66.53,0,46.13,0,0,9,49.44,99,0,25,Australia,Web
CUST_1108,Education,Enterprise,Business,117.41,Paid Ads,40,1,1,1,7190.49,1,10,97,11,83,17,1,0.3,43.09,1,18.73,0,0,7,9.69,70,0,15,Europe,Web
CUST_1109,Education,Small,Business,39.9,Social Media,18,1,1,0,6553.81,0,10,99,8,76,1,4,0.12,74.85,0,31.61,0,0,2,42.4,46,0,46,Europe,Mobile
CUST_1110,Marketing,Enterprise,Pro,49.35,Paid Ads,13,0,0,0,14057.56,0,4,41,21,97,15,3,0.06,48.6,1,38.43,0,0,12,46.86,11,1,6,North America,Desktop App
CUST_1111,Education,Small,Business,110.74,Paid Ads,40,0,0,0,278.3,0,6,119,20,9,16,4,0.99,77.59,1,37.15,0,0,14,17.7,25,1,9,North America,Web
CUST_1112,IT,Enterprise,Business,102.44,Organic,2,0,0,0,3317.14,0,8,7,19,42,15,1,0.82,121.79,0,14.68,0,0,7,47.12,35,0,55,North America,Desktop App
CUST_1113,Healthcare,Small,Basic,31.57,Social Media,42,0,1,0,6856.38,0,6,174,1,32,30,1,0.81,124.91,1,19.98,0,0,14,38.97,26,1,43,Europe,Web
CUST_1114,Marketing,Enterprise,Basic,54.25,Referral,22,0,0,0,4963.08,0,5,76,20,192,19,5,0.84,15.65,0,31.26,0,0,2,48.68,62,0,52,North America,Desktop App
CUST_1115,Finance,Small,Pro,104.91,Social Media,38,0,0,0,10834.61,0,3,101,16,62,8,1,0.46,59.48,0,39.46,0,0,2,49.16,97,1,6,North America,Desktop App
CUST_1116,Finance,Small,Enterprise,73.46,Organic,26,0,0,0,12775.31,0,9,101,9,21,12,2,0.57,66.71,0,24.67,0,0,2,12.09,66,0,15,North America,Desktop App
CUST_1117,Education,Small,Pro,65.8,Organic,12,1,1,1,213.16,0,9,168,24,182,7,4,0.73,136.01,0,43.71,1,0,11,35.69,53,1,41,Australia,Mobile
CUST_1118,IT,Enterprise,Basic,97.94,Social Media,49,0,0,0,516.63,0,8,79,23,92,17,5,0.72,134.64,1,15.51,0,0,5,19.52,18,1,8,Australia,Desktop App
CUST_1119,Finance,Mid,Basic,85.75,Paid Ads,28,0,0,0,1204.31,0,2,35,9,130,4,3,0.46,61.81,0,5.47,0,0,8,16.99,68,1,53,Australia,Mobile
CUST_1120,Marketing,Enterprise,Basic,22.77,Referral,43,0,1,0,2820.32,0,8,165,15,148,27,1,0.72,19.83,0,36.72,0,0,5,25.93,31,0,51,Europe,Web
CUST_1121,Marketing,Enterprise,Enterprise,105.72,Social Media,31,0,1,0,7323.19,0,1,137,6,137,7,5,0.26,53.07,0,22.72,0,0,7,48.05,93,1,4,Asia,Mobile
CUST_1122,Design,Enterprise,Pro,68.78,Referral,37,0,0,0,5252.32,0,4,145,15,141,4,4,0.26,20.24,0,17.67,0,0,1,26.47,78,0,25,Europe,Desktop App
CUST_1123,Design,Small,Enterprise,49.24,Email,47,0,0,0,13040.87,0,9,135,1,123,21,2,0.24,9.54,1,12.9,0,0,12,2.06,69,0,8,North America,Desktop App
CUST_1124,Healthcare,Enterprise,Basic,74.9,Social Media,7,1,1,1,9019.25,1,3,70,11,172,18,5,0.8,28.54,1,19.62,1,1,9,43.73,85,1,32,Australia,Desktop App
CUST_1125,Finance,Mid,Pro,37.41,Email,49,1,1,1,3036.36,1,1,24,17,46,2,3,0.8,30.16,0,19.79,0,0,12,39.32,37,0,26,Asia,Mobile
CUST_1126,Design,Small,Pro,49.3,Referral,13,0,1,0,2295.56,0,1,85,6,126,26,4,0.42,56.93,0,47.84,0,0,2,3.33,72,0,2,Europe,Desktop App
CUST_1127,IT,Mid,Enterprise,40.18,Paid Ads,21,0,1,0,4783.68,0,8,69,7,79,21,1,0.88,120.82,0,46.25,0,0,9,25.11,72,0,36,Asia,Desktop App
CUST_1128,Design,Small,Enterprise,94.99,Paid Ads,22,1,1,1,5574.33,0,8,129,6,100,20,5,0.17,34.01,1,22.47,1,0,12,42.37,55,0,30,North America,Desktop App
CUST_1129,Education,Mid,Business,48.25,Social Media,22,0,0,0,12038.27,0,7,160,25,18,4,1,0.79,85.81,1,30.35,0,0,11,24.54,8,0,16,Europe,Web
CUST_1130,Education,Enterprise,Pro,99.55,Paid Ads,27,0,1,0,6649.03,0,5,27,23,41,25,0,0.29,65.8,1,22.26,0,0,13,39.47,64,0,49,Europe,Web
CUST_1131,Healthcare,Mid,Enterprise,77.3,Organic,43,0,1,0,4374.53,0,6,23,18,130,24,2,0.86,89.07,1,27.44,0,0,11,20.56,33,0,42,Asia,Web
CUST_1132,Education,Mid,Enterprise,21.32,Social Media,20,1,1,1,7710.52,0,4,70,20,51,7,1,0.64,110.63,0,13.56,0,0,4,8.98,87,0,24,Europe,Mobile
CUST_1133,Marketing,Mid,Business,33.21,Paid Ads,9,0,0,0,6620.77,0,4,23,3,58,28,5,0.94,89.19,0,39.19,0,0,7,15.39,59,1,41,Asia,Web
CUST_1134,IT,Small,Basic,18.39,Organic,30,1,0,0,7440.92,0,7,139,6,156,9,4,0.53,134.91,1,42.71,0,0,3,34.53,13,0,5,North America,Desktop App
CUST_1135,Marketing,Enterprise,Basic,45.41,Email,39,1,0,1,8421.76,1,7,60,16,157,6,0,0.32,37.18,1,36.01,1,1,8,43.76,68,1,26,Australia,Mobile
CUST_1136,Finance,Small,Enterprise,58.73,Social Media,2,1,0,1,1036.36,0,8,37,5,51,9,2,0.66,6.44,1,35.34,1,1,10,40.51,59,1,39,Europe,Desktop App
CUST_1137,Healthcare,Enterprise,Enterprise,57.64,Paid Ads,48,0,0,0,1119.5,0,4,24,6,1,5,0,0.17,8.82,0,34.21,0,0,6,12.88,36,0,39,Australia,Web
CUST_1138,IT,Small,Pro,102.7,Paid Ads,9,0,1,0,12781.84,0,8,86,25,96,24,2,0.89,8.91,0,2.12,0,0,1,48.52,93,1,0,North America,Desktop App
CUST_1139,IT,Enterprise,Basic,114.76,Organic,49,0,1,0,3606.77,0,2,15,2,114,28,4,0.25,136,1,29.84,0,0,12,23.21,98,1,29,Australia,Desktop App
CUST_1140,Healthcare,Enterprise,Business,104.95,Social Media,42,0,1,0,945.4,0,4,134,8,32,17,3,0.84,12.94,1,49.47,0,0,2,18.36,67,0,17,Asia,Web
CUST_1141,Marketing,Enterprise,Enterprise,61.95,Paid Ads,36,1,1,0,6696.83,0,1,86,16,94,2,2,0.78,93.1,1,0.53,0,0,3,13.4,22,1,31,Asia,Mobile
CUST_1142,Education,Enterprise,Pro,13.56,Paid Ads,30,1,0,1,11755.68,0,5,126,18,47,7,5,0.59,74.93,0,28.68,0,0,14,41.78,87,0,47,Australia,Mobile
CUST_1143,Marketing,Mid,Basic,20.77,Paid Ads,44,1,1,1,745.81,1,1,72,14,141,2,0,0.33,72.96,1,3.83,1,0,5,36.47,2,1,60,Europe,Web
CUST_1144,Marketing,Enterprise,Pro,70.67,Social Media,4,0,1,0,10898.92,0,5,7,12,138,26,0,0.12,19.84,0,9.95,0,0,11,22.4,20,1,8,North America,Mobile
CUST_1145,Finance,Mid,Pro,119.53,Referral,41,0,0,0,2890.73,0,7,162,17,121,10,3,0.28,77.53,0,24.39,0,0,8,6.67,13,0,57,Australia,Mobile
CUST_1146,Design,Enterprise,Pro,40.94,Paid Ads,47,0,0,0,10562.37,0,2,120,5,121,8,0,0.89,47.4,1,41.94,0,0,3,31.95,45,1,3,Australia,Web
CUST_1147,Finance,Mid,Business,84.56,Organic,41,1,1,0,272.02,0,2,112,5,137,5,4,0.75,90.4,0,11.33,0,0,12,44.68,65,1,8,Europe,Mobile
CUST_1148,Education,Small,Enterprise,103.28,Email,35,1,0,1,749.69,0,6,32,24,196,7,4,0.99,89.51,1,15.41,1,1,12,27.06,34,0,13,Europe,Desktop App
CUST_1149,Marketing,Small,Basic,13.14,Email,11,0,1,0,1341.16,0,5,129,1,20,11,0,0.5,126.67,1,12.72,0,0,1,44.15,40,0,0,Australia,Mobile
CUST_1150,Marketing,Small,Basic,85.1,Email,34,1,0,0,9577.21,0,6,14,24,195,26,0,0.71,136.39,1,21.42,0,0,3,49.2,12,1,26,Australia,Mobile
CUST_1151,Healthcare,Enterprise,Business,52.26,Organic,29,0,0,0,5754.45,0,1,114,21,198,29,0,0.17,36.81,0,41.46,0,0,12,23.36,87,1,34,Australia,Mobile
CUST_1152,Healthcare,Enterprise,Basic,17.86,Social Media,22,1,0,0,1509.24,0,4,81,17,186,24,3,0.21,54.96,1,2.32,0,0,13,3.07,67,1,13,North America,Web
CUST_1153,Design,Mid,Pro,50.11,Paid Ads,47,0,1,0,1615.06,0,5,76,10,5,5,5,0.46,108.93,1,31.74,0,0,5,42.3,42,0,36,Europe,Web
CUST_1154,Healthcare,Enterprise,Enterprise,79.07,Email,7,1,0,1,11136.47,0,3,76,2,42,8,2,0.14,19.64,1,49.41,0,0,11,5.21,82,0,36,Australia,Web
CUST_1155,Marketing,Enterprise,Basic,66.53,Social Media,47,0,0,0,11430.7,0,6,14,8,61,27,0,0.17,119.13,1,33.92,0,0,10,13.86,3,1,42,Asia,Mobile
CUST_1156,Design,Mid,Enterprise,45.35,Referral,3,1,0,0,14221.29,0,8,70,20,187,18,2,0.05,62.52,0,26.5,0,0,2,9.05,9,0,23,Europe,Mobile
CUST_1157,Education,Mid,Pro,92.12,Paid Ads,36,0,0,0,4900.53,0,7,68,18,162,27,1,0.11,45.63,0,15.87,0,0,4,14.16,44,0,6,Asia,Web
CUST_1158,Design,Small,Enterprise,118.11,Referral,10,1,1,1,6393.65,1,3,78,10,154,30,1,0.83,91.68,1,38.9,0,1,12,33.44,71,1,8,Asia,Mobile
CUST_1159,Healthcare,Small,Business,104.69,Social Media,30,1,1,0,13101.48,0,6,86,11,20,11,4,0.39,83.1,1,23.46,0,0,12,17.29,65,1,45,Asia,Mobile
CUST_1160,Healthcare,Mid,Pro,74.88,Organic,25,1,1,0,5513.72,0,3,78,23,64,2,3,0.03,60.58,0,39.46,0,0,11,44.61,93,0,14,Europe,Desktop App
CUST_1161,IT,Enterprise,Business,114.94,Referral,46,1,0,0,8950.01,0,3,180,10,140,13,4,0.61,121.18,1,42.61,0,0,14,29.04,10,0,26,Europe,Web
CUST_1162,Design,Mid,Enterprise,117.92,Organic,39,0,1,0,10750.47,0,1,5,9,69,28,0,0.33,149.38,1,40,0,0,14,39.55,27,1,46,Asia,Web
CUST_1163,Healthcare,Mid,Business,69.14,Paid Ads,10,0,0,0,3027.6,0,5,149,12,172,22,3,0.23,59.09,1,42.95,0,0,12,48.95,57,1,48,Australia,Mobile
CUST_1164,Education,Enterprise,Basic,17.24,Paid Ads,33,0,1,0,11501.58,0,7,115,9,29,5,4,0.3,30.66,1,10.8,0,0,6,14.68,68,1,45,Asia,Web
CUST_1165,Marketing,Mid,Business,101.16,Paid Ads,4,1,0,0,10166.21,0,5,124,23,87,5,0,0.7,41.63,0,21.6,0,0,11,5.75,93,1,12,Asia,Mobile
CUST_1166,Design,Enterprise,Business,91.97,Referral,1,0,1,0,1800.13,0,4,123,16,124,24,2,0.97,80.97,0,19.64,0,0,6,41.02,65,0,46,Australia,Web
CUST_1167,Marketing,Small,Business,89.07,Email,31,0,1,0,7785.78,0,10,75,5,76,30,2,0.51,29.91,1,9.61,0,0,9,49.48,82,0,8,North America,Desktop App
CUST_1168,IT,Enterprise,Business,18.77,Referral,49,1,0,1,2881.56,1,3,61,21,121,19,0,0.41,57.52,1,21.71,1,1,4,33.96,32,1,32,North America,Desktop App
CUST_1169,Finance,Mid,Business,92.83,Paid Ads,47,0,1,0,6545.58,0,6,112,1,67,14,2,0.69,45.84,0,49.77,0,0,3,33.1,97,0,53,Europe,Mobile
CUST_1170,IT,Enterprise,Pro,40.16,Referral,42,1,0,0,5860.58,0,9,13,11,156,15,3,0.3,25.61,0,49.33,0,0,13,35.32,59,0,5,Asia,Desktop App
CUST_1171,Finance,Enterprise,Basic,35.22,Email,7,1,1,1,5816.04,0,4,159,8,127,10,1,0.7,52.92,1,7.96,0,0,4,13.64,17,1,10,Asia,Mobile
CUST_1172,Finance,Small,Business,36.71,Paid Ads,37,0,0,0,2945.77,0,9,60,7,79,17,3,0.85,40.42,1,37.8,0,0,12,32.21,59,0,42,Europe,Desktop App
CUST_1173,Healthcare,Small,Pro,24.35,Social Media,36,1,0,1,8677.61,1,4,140,19,36,6,5,0.73,77.16,1,9.21,1,1,4,20.22,8,0,11,Europe,Web
CUST_1174,Design,Mid,Enterprise,51.45,Email,16,0,1,0,5755.04,0,1,57,1,100,6,2,0.44,114.46,0,25.49,0,0,14,7.43,33,1,8,Asia,Mobile
CUST_1175,Education,Small,Basic,47.43,Referral,10,1,0,0,11007.69,0,8,135,5,1,10,5,0.72,9.15,1,45.05,0,0,1,43.5,15,1,47,North America,Web
CUST_1176,Design,Small,Enterprise,97.02,Organic,15,1,0,0,12467.95,0,3,92,12,141,19,4,0.77,139.92,1,48.51,0,0,2,49.96,66,0,13,Australia,Desktop App
CUST_1177,IT,Mid,Enterprise,109.27,Email,43,0,0,0,6652.38,0,8,75,24,117,8,2,0.57,144.58,0,48.83,0,0,1,31.81,23,1,38,Asia,Desktop App
CUST_1178,Education,Enterprise,Enterprise,17.5,Paid Ads,22,1,1,0,11512.38,0,7,52,18,89,10,3,0.82,121.59,1,14.25,0,0,9,7.14,23,1,45,North America,Mobile
CUST_1179,Finance,Small,Pro,31.84,Paid Ads,42,0,1,0,14908.66,0,10,130,24,106,27,1,0.7,144.79,0,29,0,0,11,46.64,27,1,8,Asia,Web
CUST_1180,Marketing,Mid,Enterprise,102.97,Organic,50,1,1,0,935.68,0,5,105,4,186,17,1,0.1,51.3,1,10.73,0,0,12,19.03,5,0,48,Australia,Mobile
CUST_1181,Design,Small,Pro,100.05,Paid Ads,13,0,0,0,10430.99,0,3,127,15,84,4,2,0.16,112.32,1,1.76,0,0,10,16.8,69,0,52,Asia,Mobile
CUST_1182,Design,Small,Pro,86.7,Paid Ads,28,1,0,1,8744.15,1,10,34,9,14,24,3,0.61,20.08,0,20.39,0,1,2,15.01,68,1,46,North America,Desktop App
CUST_1183,Education,Small,Pro,91.92,Social Media,45,1,1,0,11063.94,0,2,52,5,110,4,5,0.76,126.68,1,30.78,0,0,3,21.79,43,1,28,North America,Mobile
CUST_1184,Education,Mid,Enterprise,32.08,Organic,5,0,1,0,12673.7,0,2,87,7,9,11,3,0.05,36.85,0,27.33,0,0,4,28.63,46,1,26,Europe,Mobile
CUST_1185,Design,Mid,Pro,24.62,Referral,29,0,0,0,10120.31,0,4,90,9,92,3,1,0.64,44.11,0,18.82,0,0,2,38.67,80,1,9,Europe,Desktop App
CUST_1186,Finance,Mid,Business,112.4,Email,41,1,1,0,10694.02,0,3,28,9,2,1,3,0.44,137.91,1,21.35,0,0,4,14.34,40,1,52,Asia,Web
CUST_1187,Design,Mid,Basic,63.92,Referral,48,0,1,0,14765.39,0,7,48,10,165,19,4,0.48,62.36,0,34.89,0,0,14,20.26,3,1,46,North America,Web
CUST_1188,Design,Enterprise,Pro,80.46,Email,21,1,0,0,137.55,0,9,26,18,122,20,3,0.57,30.32,0,38.93,0,0,13,25.03,23,1,48,Australia,Web
CUST_1189,Education,Mid,Enterprise,98.23,Organic,25,1,0,0,1990.44,0,2,175,25,174,24,0,0.39,101.63,0,35.13,0,0,14,5.96,90,0,4,Asia,Web
CUST_1190,Education,Small,Basic,101.04,Email,37,0,0,0,1411.31,0,1,149,9,169,26,1,0.03,113.54,0,45.35,0,0,8,37.96,62,1,40,Asia,Web
CUST_1191,Finance,Mid,Pro,63.02,Referral,34,0,1,0,13298.57,0,3,124,17,137,14,3,0.65,72.5,0,7.95,0,0,11,23.29,94,1,58,Australia,Desktop App
CUST_1192,Finance,Small,Basic,65.6,Referral,50,1,0,1,7921.55,0,10,97,3,158,20,1,0.64,17.3,0,30.17,0,1,2,13.16,37,0,34,Europe,Web
CUST_1193,Healthcare,Enterprise,Enterprise,68.39,Email,5,0,0,0,221.23,0,7,113,6,164,11,3,0.83,54.04,1,14.13,0,0,4,1.75,23,0,25,Europe,Mobile
CUST_1194,IT,Enterprise,Business,94.66,Paid Ads,9,1,1,1,2691.85,0,10,42,8,73,11,0,0.58,37.86,0,43.15,0,1,1,37.78,22,0,48,Australia,Mobile
CUST_1195,Healthcare,Small,Basic,90.42,Email,45,0,0,0,7008.66,0,8,172,22,47,19,0,0.14,70.07,1,28.22,0,0,13,9.51,13,0,38,Australia,Desktop App
CUST_1196,Healthcare,Small,Pro,96.55,Referral,45,1,0,0,7868.75,0,2,179,18,165,28,5,0.63,74.19,0,8.61,0,0,9,36.34,7,1,39,North America,Desktop App
CUST_1197,Design,Small,Basic,86.38,Email,48,1,1,1,854.65,0,6,174,12,49,7,1,0.26,9.23,0,14.17,0,1,11,3.41,53,1,2,North America,Web
CUST_1198,Marketing,Small,Business,88.89,Email,48,1,0,0,2427.01,0,4,149,20,188,19,0,0.52,86.31,0,38.39,0,0,2,37.76,12,1,42,North America,Desktop App
CUST_1199,Education,Small,Basic,62.64,Email,46,0,0,0,7753.52,0,1,109,7,174,21,3,0.52,47.14,1,18.19,0,0,3,19.51,41,0,0,North America,Web
CUST_1200,Finance,Enterprise,Basic,18.59,Referral,26,1,0,0,12022.51,0,3,116,22,11,18,3,0.58,136.99,1,36.77,0,0,13,43.49,16,1,13,Europe,Web
CUST_1201,Education,Enterprise,Basic,31.9,Social Media,9,1,1,0,14222.34,0,7,131,24,141,10,1,0.38,133.19,0,32.62,0,0,11,44.11,75,0,32,Asia,Desktop App
CUST_1202,Healthcare,Enterprise,Business,40.28,Paid Ads,43,0,1,0,4511.39,0,5,35,21,28,28,2,0.52,101.57,0,22.98,0,0,14,21.46,16,0,28,Europe,Mobile
CUST_1203,IT,Small,Business,13.99,Referral,24,0,0,0,2402.12,0,3,13,22,105,9,0,0.61,133.47,1,42.68,0,0,9,9.63,29,1,47,Europe,Web
CUST_1204,Education,Mid,Pro,118.45,Social Media,27,1,0,1,1369.02,0,10,160,10,69,15,5,0.63,82.9,0,5.43,1,0,8,36.26,60,0,42,Australia,Web
CUST_1205,Design,Mid,Basic,55.36,Organic,31,1,1,0,1501.46,0,3,56,25,113,3,2,0.21,53.41,1,2.33,0,0,9,11.71,34,1,36,Europe,Mobile
CUST_1206,Design,Enterprise,Enterprise,86.05,Social Media,35,0,0,0,12108.96,0,3,123,12,42,10,0,0.29,84.79,0,10.71,0,0,8,15.4,47,1,20,Australia,Desktop App
CUST_1207,Healthcare,Mid,Basic,83.09,Social Media,31,1,0,1,8514.19,1,3,152,21,174,19,1,0.5,95,0,27.47,1,1,4,37.15,74,1,19,Asia,Web
CUST_1208,Education,Small,Business,112.88,Paid Ads,10,1,1,1,2487.66,1,7,137,10,132,21,3,0.93,77.92,0,23.34,0,1,6,16.17,53,0,46,Asia,Desktop App
CUST_1209,Design,Enterprise,Enterprise,113.9,Social Media,7,0,0,0,3417.24,0,2,64,23,96,9,0,0.32,56.05,0,25.11,0,0,7,38.2,44,0,2,North America,Web
CUST_1210,IT,Small,Pro,31.04,Organic,42,0,1,0,12285.46,0,7,92,4,166,13,3,0.42,131.99,1,36.22,0,0,3,1.03,66,1,14,Europe,Mobile
CUST_1211,Design,Mid,Business,28.19,Paid Ads,10,0,1,0,8552.67,0,4,136,13,68,30,2,0.16,21.03,1,47.27,0,0,12,41.1,76,0,38,Australia,Web
CUST_1212,Education,Enterprise,Business,58.66,Organic,39,0,1,0,9380.55,0,10,15,10,1,20,3,0.14,88.13,0,4.14,0,0,5,14.29,30,1,45,Europe,Mobile
CUST_1213,Education,Mid,Enterprise,42.48,Email,48,1,1,0,3271.7,0,2,88,7,32,20,2,0.42,92.8,0,45.88,0,0,14,34.83,95,1,25,North America,Web
CUST_1214,Design,Small,Basic,88.82,Email,39,0,1,0,723.8,0,8,69,25,118,25,1,0.49,64.32,1,15.98,0,0,14,48.14,52,0,58,North America,Desktop App
CUST_1215,Finance,Small,Pro,101.86,Social Media,24,1,1,0,4756.01,0,7,115,19,102,17,4,0.88,91.01,1,28.58,0,0,12,41.6,41,1,49,Europe,Mobile
CUST_1216,IT,Enterprise,Enterprise,87.42,Paid Ads,4,1,1,1,3526.13,0,2,127,21,122,21,3,0.57,36.82,0,10.64,0,1,1,11.56,91,1,3,Europe,Desktop App
CUST_1217,Healthcare,Small,Pro,105.44,Email,40,0,0,0,13220.92,0,7,135,17,77,10,5,0.68,57.52,1,2.14,0,0,14,26.61,95,1,41,Australia,Web
CUST_1218,Marketing,Enterprise,Pro,113.09,Organic,10,0,1,0,2747.38,0,2,134,18,13,22,5,0.75,70.26,0,48.87,0,0,12,33.35,32,0,33,Europe,Mobile
CUST_1219,Education,Mid,Basic,18.32,Email,50,0,1,0,7240.06,0,1,79,19,148,7,1,0.18,62.7,0,5.66,0,0,9,29.51,4,1,43,Australia,Desktop App
CUST_1220,Finance,Mid,Business,50.76,Organic,29,0,0,0,8157.9,0,8,54,17,58,19,1,0.46,103.35,0,11.48,0,0,10,13.42,27,0,33,Asia,Web
CUST_1221,IT,Enterprise,Business,36.78,Email,2,0,0,0,9003.9,0,9,123,11,34,1,5,0.89,123.69,0,18.27,0,0,5,36.04,22,1,23,Asia,Web
CUST_1222,Healthcare,Small,Pro,67.79,Referral,39,1,1,0,13886.2,0,3,165,25,60,16,3,0.67,35.55,0,6.7,0,0,8,41.45,87,0,41,Australia,Mobile
CUST_1223,IT,Mid,Business,29.9,Referral,7,0,0,0,2203,0,6,128,24,171,9,0,0.65,55.68,0,13.98,0,0,5,23.24,10,0,6,Australia,Desktop App
CUST_1224,Marketing,Enterprise,Enterprise,99.15,Paid Ads,2,1,0,0,12957.09,0,5,17,16,9,21,3,0.56,19.5,1,15.47,0,0,1,46.87,1,1,25,Australia,Mobile
CUST_1225,Healthcare,Enterprise,Business,119.89,Social Media,37,1,1,0,1874.24,0,7,137,6,48,10,1,0.37,142.86,0,18.75,0,0,6,13.75,86,0,19,North America,Web
CUST_1226,Finance,Enterprise,Pro,49.17,Organic,20,1,0,0,13673.2,0,10,124,2,18,8,1,0.09,126.83,0,39.72,0,0,7,4.76,63,0,32,Asia,Web
CUST_1227,Design,Small,Pro,79.31,Referral,23,1,1,0,12547.77,0,8,9,6,3,10,3,0.2,125.38,0,35.67,0,0,6,4.27,73,0,9,Asia,Web
CUST_1228,Finance,Small,Pro,73.59,Social Media,24,0,0,0,9133.55,0,1,30,14,184,20,2,0.87,96.48,1,13.86,0,0,4,23.55,12,0,28,Australia,Mobile
CUST_1229,Healthcare,Mid,Pro,79.91,Paid Ads,38,0,1,0,5576.52,0,3,118,25,153,12,3,0.37,81.39,1,49.56,0,0,12,35.64,14,1,12,Australia,Desktop App
CUST_1230,Marketing,Enterprise,Business,96.22,Email,3,1,0,0,3207.17,0,7,112,22,40,18,0,0.42,45.93,1,38.4,0,0,9,37.06,69,1,48,Europe,Mobile
CUST_1231,Design,Enterprise,Pro,41.21,Organic,39,1,1,1,11684.28,1,8,129,25,195,22,1,0.23,25.66,1,37.91,0,1,1,11.21,65,0,58,North America,Mobile
CUST_1232,Education,Small,Pro,89.72,Referral,16,0,1,0,5547.51,0,3,36,5,9,14,3,0.11,53.71,0,22.09,0,0,2,22.72,88,0,32,North America,Mobile
CUST_1233,Education,Mid,Pro,37.44,Paid Ads,37,0,1,0,2553.51,0,6,149,23,166,20,2,0.73,81.7,1,14.01,0,0,9,25.93,63,0,33,Australia,Desktop App
CUST_1234,IT,Mid,Pro,29.11,Email,8,0,0,0,3604.04,0,9,104,16,66,6,1,0.57,62.79,0,36.32,0,0,2,20.76,9,0,10,Europe,Desktop App
CUST_1235,Design,Mid,Pro,113.62,Organic,34,1,0,1,7345.69,1,10,79,4,87,28,2,0.05,14.3,0,39.45,1,0,12,15.07,33,1,35,Asia,Mobile
CUST_1236,Healthcare,Mid,Enterprise,86.29,Organic,2,1,1,0,4332.79,0,2,162,10,40,27,5,0.53,121.35,1,27.7,0,0,13,31.13,98,1,24,North America,Desktop App
CUST_1237,IT,Enterprise,Business,34.69,Organic,31,0,1,0,1783.91,0,8,87,6,90,13,0,0.59,88.05,0,41.45,0,0,5,40.87,49,0,15,Australia,Desktop App
CUST_1238,Education,Enterprise,Basic,53.08,Social Media,29,0,1,0,4918.99,0,8,146,10,13,6,4,0.23,100.48,1,6.68,0,0,5,44.73,1,0,24,Australia,Mobile
CUST_1239,Finance,Enterprise,Business,30.49,Email,1,1,0,1,13180.56,1,3,71,12,97,19,2,0.7,39.7,0,16.15,0,0,12,45.76,75,0,38,Australia,Desktop App
CUST_1240,Finance,Enterprise,Pro,24.56,Email,48,1,0,0,1311,0,8,115,12,5,30,4,0.27,52.45,1,12.45,0,0,8,49.73,87,1,24,Asia,Desktop App
CUST_1241,Education,Mid,Enterprise,31.49,Email,48,1,1,1,4137.42,1,2,170,12,76,22,2,0.87,45.03,0,48.34,0,1,5,29.85,53,0,0,Asia,Desktop App
CUST_1242,Design,Mid,Pro,14.05,Social Media,45,1,0,1,4760.9,0,6,68,21,10,23,5,0.17,110.99,1,7.27,1,0,9,30.89,63,1,36,Australia,Web
CUST_1243,Marketing,Enterprise,Business,58.07,Email,24,0,1,0,3492.11,0,10,83,11,130,26,5,0.44,23.84,0,5.68,0,0,6,38.51,57,1,41,Europe,Mobile
CUST_1244,Education,Small,Enterprise,24.13,Paid Ads,5,0,0,0,1349.29,0,4,33,22,79,9,2,0.72,104.03,1,20.43,0,0,9,19.91,9,1,5,Europe,Desktop App
CUST_1245,Education,Mid,Pro,114.62,Paid Ads,36,0,1,0,2342.75,0,7,143,1,122,11,2,0.87,73.86,0,2.05,0,0,12,15.36,50,1,6,North America,Desktop App
CUST_1246,Finance,Enterprise,Enterprise,75.64,Organic,35,0,1,0,10882.89,0,7,180,6,18,29,4,0.31,132.16,1,49.51,0,0,14,18.95,66,0,55,Australia,Mobile
CUST_1247,Healthcare,Enterprise,Basic,12.53,Email,48,1,0,1,4461.94,1,6,89,7,55,11,3,0.48,53.94,1,45.03,1,0,7,30.66,81,1,29,Australia,Desktop App
CUST_1248,Marketing,Mid,Business,110.09,Organic,40,0,1,0,9811.62,0,3,73,3,49,1,5,0.53,88.21,1,16.69,0,0,3,24.91,73,1,57,Europe,Desktop App
CUST_1249,Finance,Enterprise,Enterprise,100.66,Organic,28,0,0,0,1139,0,4,92,3,5,25,5,0.29,143.44,1,21.94,0,0,10,23.16,88,0,16,North America,Mobile
CUST_1250,Education,Enterprise,Business,92.32,Email,45,0,0,0,7650.07,0,3,75,21,124,17,0,0.9,33.73,0,7.73,0,0,13,1.91,62,1,49,Australia,Mobile
CUST_1251,IT,Enterprise,Basic,48.5,Email,41,0,1,0,6958.1,0,10,60,11,186,28,2,0.21,106.03,0,15.18,0,0,8,18.51,21,0,46,Asia,Web
CUST_1252,Design,Enterprise,Business,65.21,Referral,22,1,1,0,13535.72,0,10,28,19,83,13,5,0.45,136.68,0,11.69,0,0,3,15.09,4,1,37,North America,Mobile
CUST_1253,Education,Small,Business,19.64,Organic,6,1,1,0,14172.51,0,9,26,6,104,10,5,0.34,77.86,0,45.09,0,0,6,13.34,52,1,27,Europe,Desktop App
CUST_1254,IT,Mid,Basic,119.23,Organic,25,1,0,1,10508.22,0,7,61,25,55,30,3,0.24,5.62,1,42.47,1,1,9,45.36,86,1,20,Australia,Desktop App
CUST_1255,Design,Mid,Business,107.25,Email,42,1,1,1,4148.66,0,6,16,8,92,12,0,0.69,57.15,0,47.74,1,1,2,35.1,22,0,46,Europe,Desktop App
CUST_1256,Marketing,Mid,Pro,47.54,Referral,49,1,0,0,406.4,0,7,62,2,103,2,4,0.31,129.34,0,16.51,0,0,9,44.73,60,1,27,Australia,Mobile
CUST_1257,Finance,Enterprise,Business,101.34,Organic,32,0,1,0,13604.87,0,7,27,1,156,2,0,0.53,134.98,0,45.28,0,0,4,2.16,39,0,43,Asia,Web
CUST_1258,Marketing,Mid,Business,65.99,Paid Ads,20,1,0,0,8619.62,0,10,86,7,2,22,1,0.38,41.44,1,41.91,0,0,8,18.12,81,1,35,Europe,Desktop App
CUST_1259,Marketing,Enterprise,Pro,92.65,Social Media,21,0,1,0,2248.81,0,8,125,25,24,1,4,0.16,27.63,0,2.88,0,0,11,7.51,54,0,44,Asia,Mobile
CUST_1260,Finance,Mid,Basic,75.14,Social Media,10,1,0,1,9152.22,0,9,34,19,3,21,3,0.14,145.13,1,9.57,1,0,2,13.19,18,1,40,Australia,Desktop App
CUST_1261,Education,Mid,Business,36.53,Email,17,1,0,0,512.96,0,6,153,8,115,5,5,0.13,93.32,0,30.59,0,0,13,20.92,51,1,17,Australia,Mobile
CUST_1262,Healthcare,Mid,Enterprise,25.05,Email,24,1,1,1,12839.9,0,8,10,5,182,26,1,0.16,8.56,1,41.02,0,0,8,19.17,17,0,9,Australia,Mobile
CUST_1263,Finance,Mid,Business,49.4,Paid Ads,2,1,0,1,9841.88,0,10,39,1,72,15,2,0.81,94.01,1,31.45,1,0,5,0.73,7,0,49,Europe,Desktop App
CUST_1264,Finance,Small,Pro,40.28,Email,30,1,0,1,13302.61,0,9,78,18,195,1,2,0.39,136.18,0,44.85,1,0,11,43.81,10,0,15,Asia,Web
CUST_1265,Healthcare,Mid,Pro,18.04,Paid Ads,22,1,0,0,4238.57,0,7,13,16,177,6,0,0.18,94.96,1,1.28,0,0,9,34.56,41,0,55,Australia,Web
CUST_1266,Education,Mid,Enterprise,14.85,Social Media,15,1,1,0,4773.99,0,9,106,2,85,24,4,0.95,34.4,0,43.05,0,0,5,12.42,52,1,2,North America,Web
CUST_1267,IT,Small,Pro,83.19,Organic,14,0,0,0,3105.91,0,7,20,21,51,29,1,0.84,29.95,0,26.53,0,0,9,16.27,30,0,10,Europe,Web
CUST_1268,IT,Mid,Enterprise,96.81,Referral,4,0,0,0,11778.91,0,3,121,5,175,17,2,0.06,145.18,0,46.01,0,0,6,16.08,84,1,49,North America,Desktop App
CUST_1269,Marketing,Enterprise,Business,42.77,Email,2,1,0,0,8847.58,0,7,48,13,133,5,2,0.17,145.25,1,1.76,0,0,5,26.49,40,0,7,North America,Web
CUST_1270,Healthcare,Mid,Basic,30.47,Organic,1,1,1,0,13940.99,0,1,11,17,168,13,2,0.06,68.8,1,21.8,0,0,7,31.01,93,1,17,Asia,Mobile
CUST_1271,Design,Enterprise,Business,62.68,Organic,22,1,1,1,11522.05,1,4,179,9,5,2,1,0.71,35.44,1,22.08,1,1,5,14.69,30,0,27,Europe,Desktop App
CUST_1272,Healthcare,Mid,Pro,62.05,Referral,15,1,0,1,10469.28,1,2,80,16,57,7,0,0.83,70.79,0,29.1,1,0,7,8.99,85,1,35,North America,Web
CUST_1273,Design,Enterprise,Pro,101.92,Paid Ads,25,1,1,0,262.31,0,3,62,4,20,19,1,0.33,74.84,0,46.55,0,0,12,20.54,66,0,54,Asia,Desktop App
CUST_1274,IT,Small,Pro,115.11,Organic,21,0,0,0,12275.47,0,1,162,12,37,19,5,0.19,138.72,1,1.68,0,0,7,20.72,55,1,21,Australia,Mobile
CUST_1275,Finance,Enterprise,Basic,32.05,Email,37,0,1,0,7364.05,0,10,157,17,56,5,5,0.88,134.6,1,33.91,0,0,12,14.85,17,0,0,Asia,Desktop App
CUST_1276,Healthcare,Enterprise,Basic,88.44,Paid Ads,18,0,1,0,5045.39,0,5,89,25,161,13,1,0.18,106.18,0,40.56,0,0,4,7.34,27,1,33,Australia,Mobile
CUST_1277,Marketing,Enterprise,Enterprise,63.44,Email,36,1,1,0,4644.33,0,5,89,16,183,26,2,0.63,92,0,4.12,0,0,6,34.96,92,0,0,Australia,Desktop App
CUST_1278,Design,Small,Basic,29.76,Paid Ads,32,0,0,0,771.75,0,8,33,9,110,16,4,0.43,77.54,1,21.82,0,0,7,45.11,29,0,10,North America,Mobile
CUST_1279,IT,Small,Basic,100.31,Paid Ads,12,0,0,0,4693.52,0,9,22,2,39,28,3,0.16,45.38,0,9.66,0,0,13,17.53,35,1,26,North America,Web
CUST_1280,Marketing,Small,Business,38.48,Social Media,8,1,1,1,8235.89,1,7,140,11,56,29,2,0.1,92.58,1,14.03,0,1,14,39.53,6,1,29,North America,Mobile
CUST_1281,Finance,Enterprise,Enterprise,109.82,Referral,24,1,1,1,6735.87,0,2,37,10,119,19,2,0.83,141.33,0,32.39,0,1,8,8.4,62,1,13,Asia,Mobile
CUST_1282,Healthcare,Mid,Basic,31.78,Social Media,22,1,0,1,9366.5,0,9,90,4,134,19,3,0.77,92.74,0,45.49,1,0,3,47.65,23,0,17,Australia,Desktop App
CUST_1283,IT,Mid,Business,19.22,Organic,6,1,1,0,1755.21,0,10,75,11,117,24,3,0.73,61.4,1,3.69,0,0,2,20.65,35,1,3,Europe,Desktop App
CUST_1284,Design,Mid,Basic,94.9,Social Media,45,1,1,0,2341.24,0,5,90,12,100,5,0,0.5,108.15,1,47.84,0,0,12,14.37,89,0,54,Asia,Web
CUST_1285,Finance,Mid,Basic,62.89,Organic,34,0,0,0,242.03,0,8,168,9,175,24,3,0.48,147.9,1,11.48,0,0,8,20.35,87,0,55,Asia,Desktop App
CUST_1286,IT,Mid,Pro,90.65,Referral,5,0,1,0,6041.2,0,1,18,17,115,2,4,0.01,51.46,1,2.74,0,0,14,15.31,90,1,35,Australia,Desktop App
CUST_1287,Healthcare,Mid,Basic,118.87,Referral,20,1,1,0,6617.66,0,3,60,21,184,19,1,0.49,127.54,1,18.83,0,0,10,24.38,83,0,2,Europe,Desktop App
CUST_1288,Finance,Mid,Enterprise,39.24,Organic,16,1,0,1,14518.77,0,2,134,4,91,6,5,0.85,37.23,0,16.63,0,1,2,5.86,11,1,17,Australia,Mobile
CUST_1289,Finance,Enterprise,Enterprise,113.14,Organic,26,1,1,0,1100.26,0,8,103,7,53,13,0,0.07,30.16,1,49.73,0,0,12,25.15,4,0,48,Asia,Web
CUST_1290,Finance,Small,Basic,99.89,Email,35,0,1,0,1184.53,0,3,126,11,90,3,4,0.37,149.9,0,31.65,0,0,7,44.06,4,1,9,Europe,Desktop App
CUST_1291,Finance,Enterprise,Pro,116.84,Paid Ads,30,1,1,1,10459.42,1,8,18,24,181,19,2,0.56,56.63,1,1.96,0,1,8,22.4,77,0,46,Australia,Mobile
CUST_1292,Finance,Enterprise,Basic,112.09,Referral,39,1,1,0,10539.58,0,10,76,24,51,25,5,0.14,5.53,0,2.3,0,0,14,19.46,13,1,25,Australia,Desktop App
CUST_1293,Design,Small,Enterprise,35.29,Organic,22,1,1,0,3710.38,0,6,166,25,96,22,1,0.61,73.43,0,46.11,0,0,6,47.06,11,1,23,North America,Web
CUST_1294,Education,Mid,Pro,114.26,Referral,47,1,1,1,10884.72,0,1,109,21,188,27,4,0.87,59.43,1,15.27,0,1,4,47.76,3,0,37,North America,Desktop App
CUST_1295,Finance,Enterprise,Basic,19.24,Social Media,3,1,1,1,14315.66,0,3,146,22,118,6,5,0.52,31.3,1,1.77,1,1,13,19.77,48,0,44,Australia,Desktop App
CUST_1296,Marketing,Mid,Business,81.33,Organic,18,0,0,0,2453.25,0,10,131,23,82,27,1,0.07,93.03,1,49.06,0,0,10,7.58,38,1,7,Europe,Desktop App
CUST_1297,Healthcare,Small,Business,82.26,Paid Ads,49,1,0,0,14604.03,0,1,8,4,168,6,0,0.73,148.81,0,25.77,0,0,2,5.21,55,0,51,Asia,Desktop App
CUST_1298,IT,Small,Basic,10.14,Social Media,37,1,1,0,13911.31,0,10,178,9,24,28,4,0.41,43.66,1,29.41,0,0,2,45.85,34,1,56,Europe,Web
CUST_1299,Marketing,Mid,Pro,43.37,Organic,30,0,0,0,729.75,0,9,50,14,164,25,4,0.74,26.55,0,28.01,0,0,1,38.41,68,1,58,Australia,Mobile
CUST_1300,Healthcare,Small,Basic,103.76,Email,17,1,1,0,5534.41,0,9,104,12,142,11,4,0.47,53.9,1,28.23,0,0,12,27.04,95,1,59,Australia,Mobile
CUST_1301,Education,Enterprise,Business,41.54,Organic,24,1,0,1,6608.82,0,4,87,23,187,28,3,0.83,125.69,1,12.36,0,1,13,6.34,54,1,29,Asia,Web
CUST_1302,Healthcare,Enterprise,Enterprise,37.23,Social Media,43,0,1,0,13700.63,0,1,106,12,31,13,5,0.92,45.01,1,46.92,0,0,8,22.34,39,1,37,North America,Mobile
CUST_1303,Marketing,Mid,Business,39.84,Paid Ads,28,1,0,1,2073.53,1,10,174,8,71,5,4,0.93,120.03,1,4.35,0,1,11,1.25,13,0,1,Australia,Web
CUST_1304,Marketing,Enterprise,Basic,11.42,Social Media,30,1,0,1,6204.32,0,10,12,23,145,20,3,0.19,12.36,0,12.98,0,0,14,23.66,95,1,43,Asia,Web
CUST_1305,Finance,Small,Business,91.31,Social Media,41,0,0,0,9076.56,0,8,179,6,10,4,1,0.47,122.97,1,48.89,0,0,2,35.41,10,1,24,North America,Desktop App
CUST_1306,Education,Enterprise,Basic,31.32,Social Media,40,0,1,0,7004.04,0,8,14,6,78,29,4,0.63,114.16,1,19.96,0,0,6,2.31,69,0,30,Asia,Web
CUST_1307,Design,Small,Business,11.67,Organic,2,0,0,0,5378.06,0,6,165,6,193,4,0,0.33,103,0,26.61,0,0,8,44.41,49,0,43,North America,Mobile
CUST_1308,IT,Small,Pro,30.23,Organic,25,1,0,1,5083.19,0,3,135,19,122,24,1,0.55,60.89,1,44.46,0,0,13,42.52,82,1,58,Australia,Web
CUST_1309,Marketing,Small,Basic,74.75,Referral,45,1,0,1,5945.68,1,1,43,21,100,26,1,0.28,116.84,0,4.65,1,0,4,9.07,43,1,48,Asia,Mobile
CUST_1310,Marketing,Mid,Pro,55.05,Social Media,14,0,1,0,12102.37,0,5,61,5,6,10,5,0.83,22.14,1,29.82,0,0,12,14.37,59,1,37,Asia,Desktop App
CUST_1311,Healthcare,Small,Enterprise,31.13,Organic,1,1,0,1,555.83,1,8,18,20,33,18,1,0.68,123.37,0,14.52,0,0,9,24.83,8,1,59,North America,Mobile
CUST_1312,Healthcare,Mid,Business,21.72,Paid Ads,34,1,0,0,4993.62,0,8,152,23,86,13,1,0.05,139.24,1,39.79,0,0,6,46.58,95,1,37,Europe,Web
CUST_1313,Marketing,Small,Enterprise,46.39,Email,2,1,1,1,10729.14,0,1,79,8,161,6,1,0.86,79.81,1,45.99,1,0,12,15.13,58,0,2,Australia,Web
CUST_1314,Education,Small,Business,31.27,Paid Ads,37,1,0,0,10592.96,0,9,61,7,177,16,1,0.26,114.21,0,15.59,0,0,9,39.68,23,0,14,Asia,Mobile
CUST_1315,Education,Enterprise,Basic,37.17,Social Media,40,1,0,0,7738.73,0,3,11,1,33,5,5,0.19,140.79,0,22.64,0,0,1,47.77,28,1,51,North America,Mobile
CUST_1316,IT,Enterprise,Basic,95.02,Social Media,27,0,1,0,7421.77,0,10,141,22,120,27,1,0.84,50.29,1,43.44,0,0,4,6.93,18,0,24,Europe,Mobile
CUST_1317,Education,Enterprise,Business,85.57,Email,47,1,1,1,11579.14,1,2,115,16,167,13,0,0.53,96.55,0,38.01,0,1,12,49.53,16,0,6,North America,Desktop App
CUST_1318,Education,Small,Pro,29.08,Organic,43,1,1,0,14040.66,0,7,33,2,19,16,2,0.05,90.42,0,16.8,0,0,8,7.98,25,1,7,Asia,Desktop App
CUST_1319,Design,Enterprise,Pro,114.76,Paid Ads,25,0,1,0,1711.9,0,1,101,6,180,5,2,0.75,78.19,0,23.09,0,0,14,8.99,16,1,22,Asia,Desktop App
CUST_1320,Marketing,Mid,Basic,67.4,Referral,24,1,0,1,9982.3,0,3,23,10,75,14,3,0.6,13.49,1,43.95,1,0,6,36.56,14,0,9,Europe,Mobile
CUST_1321,Finance,Small,Business,24.13,Email,30,0,1,0,13913.64,0,2,163,11,55,13,5,0.35,57.33,1,10.03,0,0,12,8.76,82,1,42,North America,Mobile
CUST_1322,IT,Mid,Enterprise,52.28,Paid Ads,14,0,0,0,14916.1,0,2,104,14,136,2,3,0.68,5.36,0,35.22,0,0,11,9.73,24,0,23,North America,Desktop App
CUST_1323,Finance,Small,Business,115.17,Social Media,12,1,0,0,9855.85,0,3,59,8,150,27,3,0.52,100.6,0,27.42,0,0,14,13.61,99,0,34,North America,Web
CUST_1324,Marketing,Enterprise,Business,42.54,Paid Ads,45,1,0,1,3380.29,1,9,171,13,56,7,2,0.39,86.01,1,10.85,1,0,1,8.85,75,0,22,Asia,Web
CUST_1325,Finance,Small,Basic,56.81,Social Media,45,1,1,0,13541.43,0,5,59,21,81,4,1,0.08,128.52,1,36.89,0,0,5,44.41,4,0,35,Australia,Web
CUST_1326,Education,Enterprise,Basic,113.24,Organic,29,0,0,0,1607.24,0,3,14,10,43,20,1,0.74,129.82,0,0.56,0,0,5,19.08,67,1,12,Australia,Mobile
CUST_1327,Marketing,Enterprise,Pro,98.99,Paid Ads,38,1,1,1,314.82,1,10,98,19,30,16,2,0.71,75.76,1,20.61,0,1,7,19.03,88,0,37,North America,Mobile
CUST_1328,Design,Small,Pro,71.92,Organic,46,0,0,0,14762.87,0,10,36,19,118,11,4,0.28,28.45,0,30.37,0,0,3,27.96,81,0,54,Australia,Mobile
CUST_1329,Education,Small,Pro,43.27,Organic,16,1,0,1,11873.47,1,8,174,16,113,8,3,0.66,35.57,1,40.39,0,0,7,28.98,79,1,40,Asia,Desktop App
CUST_1330,Design,Mid,Business,82.5,Email,23,0,1,0,12334.52,0,8,143,3,79,20,5,0.99,19.53,0,6.54,0,0,8,31.31,96,1,32,North America,Desktop App
CUST_1331,Design,Mid,Enterprise,97.52,Social Media,29,0,1,0,13058.96,0,10,113,2,157,17,2,0.79,68.63,1,27.98,0,0,3,39.42,32,0,9,North America,Desktop App
CUST_1332,Healthcare,Mid,Business,61.85,Social Media,43,1,0,1,12222.99,0,8,84,18,33,16,0,0.94,13.97,1,40.43,0,0,13,35.52,96,1,40,Europe,Web
CUST_1333,Finance,Mid,Enterprise,73.67,Social Media,4,0,0,0,7817.12,0,10,149,5,124,16,5,0.79,79.74,1,40.98,0,0,4,15.96,12,1,57,Australia,Mobile
CUST_1334,Marketing,Mid,Enterprise,58.16,Referral,48,0,0,0,3281.78,0,1,26,22,200,23,2,0.75,47.43,0,16.26,0,0,11,34.08,57,0,60,North America,Desktop App
CUST_1335,Healthcare,Enterprise,Basic,64.42,Referral,35,1,0,0,4082.65,0,8,74,7,134,23,0,0.34,6.14,1,33.15,0,0,14,44.45,15,0,23,Australia,Mobile
CUST_1336,Education,Small,Pro,99.62,Email,7,1,1,1,8164.98,0,8,135,23,46,16,5,0.17,122.72,1,43.54,0,1,10,45.07,25,1,36,North America,Desktop App
CUST_1337,Finance,Small,Enterprise,81.88,Referral,32,0,0,0,7811.09,0,4,74,10,134,10,5,0.78,81.63,0,23.03,0,0,11,29.42,96,0,43,Europe,Mobile
CUST_1338,Education,Enterprise,Business,91.71,Organic,16,0,0,0,12795.21,0,2,23,21,133,11,4,0.9,42.4,1,33.09,0,0,8,17.48,37,0,28,Australia,Web
CUST_1339,IT,Mid,Enterprise,42.39,Referral,3,1,0,1,10821.55,1,4,36,11,127,3,4,0.31,21.18,0,25.96,1,1,12,30.56,4,0,0,Europe,Desktop App
CUST_1340,Finance,Enterprise,Business,101.3,Email,37,0,1,0,12113.53,0,9,82,25,56,25,2,0.9,81.95,1,20.59,0,0,4,47.34,47,1,7,North America,Mobile
CUST_1341,Design,Enterprise,Enterprise,11.16,Email,36,1,0,0,3558,0,5,95,15,89,8,1,0.82,24.72,1,10.53,0,0,7,4.2,75,0,23,North America,Web
CUST_1342,IT,Mid,Pro,64.27,Paid Ads,2,1,1,1,4869.42,0,10,118,9,159,4,5,0.1,85.01,1,15.84,0,0,1,32.66,81,0,33,Asia,Desktop App
CUST_1343,Design,Enterprise,Basic,47.6,Email,48,0,1,0,13142.9,0,4,31,17,199,18,3,0.73,105.46,0,29.5,0,0,11,44.47,81,1,19,Europe,Desktop App
CUST_1344,Healthcare,Enterprise,Business,39.15,Organic,38,1,0,1,4463.28,1,5,52,9,117,14,5,0.16,95.6,1,28.85,0,0,4,43.67,61,1,52,Australia,Desktop App
CUST_1345,Finance,Small,Business,50.12,Social Media,16,1,0,0,11735.15,0,7,151,19,10,20,1,0.02,132.47,0,47.17,0,0,8,9.62,97,0,22,Asia,Web
CUST_1346,Marketing,Enterprise,Pro,13.62,Referral,1,1,1,1,3158.17,0,8,150,23,199,21,4,0.62,85.76,0,45.9,0,0,1,6.31,7,1,29,North America,Desktop App
CUST_1347,Healthcare,Enterprise,Pro,89,Email,45,1,0,0,14663.92,0,2,13,19,17,15,4,0.88,129.52,1,15.73,0,0,10,42.57,60,1,43,Europe,Web
CUST_1348,Finance,Small,Business,69.91,Email,21,1,0,1,109.07,1,8,11,21,74,9,5,0.05,44.74,1,30.22,0,0,11,3.35,42,0,8,Asia,Desktop App
CUST_1349,IT,Enterprise,Basic,90.38,Organic,43,1,1,0,2299.54,0,10,179,22,107,18,5,0.39,132.9,1,49.87,0,0,8,6.01,60,0,24,Australia,Web
CUST_1350,Design,Enterprise,Business,113.42,Referral,13,0,0,0,3299.5,0,2,10,5,103,21,2,0.69,36.75,1,30.87,0,0,13,14.25,56,1,43,Europe,Mobile
CUST_1351,Education,Small,Basic,66.42,Referral,4,0,0,0,3040.88,0,6,116,25,11,13,4,0.39,16.43,1,2.76,0,0,8,14.54,96,1,14,Asia,Web
CUST_1352,Healthcare,Enterprise,Pro,48.67,Social Media,40,0,1,0,7157.17,0,4,81,1,97,10,5,0.6,35.97,0,41.03,0,0,4,36.61,30,0,42,Australia,Web
CUST_1353,Design,Mid,Business,105.36,Social Media,46,0,0,0,13928.76,0,10,113,17,53,29,2,0.58,49.46,1,30.08,0,0,2,15.41,64,1,7,Australia,Mobile
CUST_1354,IT,Enterprise,Business,113.11,Social Media,13,0,1,0,9750.12,0,3,130,7,146,10,0,0.65,59.39,0,32.49,0,0,13,24.88,55,0,5,Europe,Web
CUST_1355,Education,Enterprise,Basic,117.46,Paid Ads,5,1,1,1,2529.79,1,8,66,21,148,12,2,0.92,104.66,1,30.4,1,1,5,29.95,30,0,42,Europe,Mobile
CUST_1356,IT,Enterprise,Business,87.73,Paid Ads,7,0,1,0,1670.05,0,6,127,14,197,5,4,0.22,99.25,0,0.88,0,0,5,16.52,92,0,11,North America,Web
CUST_1357,Education,Small,Basic,102.97,Paid Ads,45,1,0,1,13293.16,1,5,73,11,40,6,5,0.5,127.7,1,19.29,1,1,5,48.69,62,1,38,Australia,Mobile
CUST_1358,Marketing,Enterprise,Business,13.34,Referral,43,1,0,1,9182.88,1,9,141,17,42,29,4,0.15,138.36,1,41.52,0,0,5,9.24,85,0,55,Asia,Web
CUST_1359,Healthcare,Small,Pro,17.42,Paid Ads,41,0,0,0,13285.41,0,7,40,17,154,1,0,0.97,13.31,1,14.16,0,0,4,2.46,69,1,21,North America,Mobile
CUST_1360,Healthcare,Small,Enterprise,103.74,Paid Ads,24,0,0,0,5897.93,0,5,172,11,88,5,2,0.21,21.57,1,37.91,0,0,11,40.7,70,0,21,Asia,Web
CUST_1361,Design,Small,Enterprise,50.21,Email,39,1,1,1,896.45,0,4,54,23,144,21,1,0.88,85.44,1,10.04,0,1,4,7.81,59,0,60,Asia,Web
CUST_1362,Marketing,Small,Enterprise,43.01,Referral,14,0,0,0,972.88,0,5,124,12,198,10,1,0.64,83.84,0,3.75,0,0,10,2.42,27,0,3,North America,Desktop App
CUST_1363,Marketing,Enterprise,Pro,88.19,Social Media,46,1,0,0,4826.06,0,8,29,14,48,24,0,0.36,147.55,0,6.79,0,0,4,28.55,93,0,14,Asia,Web
CUST_1364,Finance,Mid,Enterprise,92.27,Referral,38,1,0,0,2908.73,0,9,174,20,3,3,4,0.07,144.76,1,38.32,0,0,4,5.81,86,1,47,Asia,Web
CUST_1365,Design,Enterprise,Business,31.93,Paid Ads,13,0,1,0,210.8,0,6,149,11,194,24,3,0.38,90.29,1,45.25,0,0,12,8.32,71,1,53,Australia,Web
CUST_1366,Marketing,Small,Business,59.54,Organic,37,1,1,0,1225.5,0,9,154,16,162,14,2,0.93,147.66,1,35.25,0,0,6,24.33,27,1,3,Australia,Web
CUST_1367,Marketing,Mid,Pro,25.81,Paid Ads,15,1,1,0,9834.66,0,3,64,9,56,13,5,0.02,20.12,1,43.89,0,0,6,31.18,32,0,31,Asia,Desktop App
CUST_1368,IT,Enterprise,Enterprise,115.79,Email,20,0,1,0,6453.45,0,8,80,24,75,26,3,0.73,100.57,1,15.39,0,0,5,25.25,84,0,22,Asia,Web
CUST_1369,Design,Mid,Business,18.26,Paid Ads,23,0,0,0,10159.91,0,7,53,1,38,4,1,0.78,128.78,0,13.51,0,0,5,23.11,78,1,12,North America,Web
CUST_1370,Education,Mid,Business,53.46,Paid Ads,19,1,0,0,8483.78,0,7,85,4,119,3,0,0.33,23.18,0,29.19,0,0,10,22.64,46,1,37,Europe,Mobile
CUST_1371,Design,Mid,Basic,119.1,Email,5,0,0,0,7887.36,0,1,57,24,41,9,1,0.7,42.02,0,9.25,0,0,2,2.48,21,0,42,Australia,Desktop App
CUST_1372,Marketing,Small,Basic,63.18,Referral,44,1,1,1,2629.23,1,1,79,2,156,28,2,0.83,103.31,1,1.84,1,1,14,47.74,18,1,13,North America,Mobile
CUST_1373,Design,Mid,Business,91.58,Paid Ads,23,0,0,0,14519.26,0,4,37,4,93,14,2,0.34,90.46,0,19.25,0,0,7,35.91,11,1,42,Asia,Mobile
CUST_1374,Finance,Enterprise,Pro,105.03,Email,15,0,0,0,1211.54,0,7,71,1,69,6,2,0.23,25.12,1,23.66,0,0,9,22.35,78,0,17,Europe,Desktop App
CUST_1375,Healthcare,Mid,Pro,55.25,Email,31,0,1,0,6974.16,0,9,46,11,186,16,1,0.2,83.41,0,27.78,0,0,7,9.8,44,0,46,Europe,Web
CUST_1376,Design,Small,Pro,99.63,Organic,39,1,1,1,11748.29,0,5,89,11,13,15,1,0.22,50.65,0,12.76,1,1,12,9.22,7,1,26,Europe,Desktop App
CUST_1377,Education,Small,Basic,68.59,Email,43,0,0,0,9062.75,0,4,155,17,55,28,0,0.98,92.47,1,26.51,0,0,7,30.87,79,1,31,Asia,Desktop App
CUST_1378,Education,Enterprise,Pro,82.2,Referral,49,0,0,0,9385.98,0,5,134,9,93,6,2,0.85,112.97,0,40.77,0,0,12,31.88,1,0,4,Europe,Mobile
CUST_1379,Marketing,Enterprise,Basic,52.34,Organic,42,0,1,0,5982.4,0,1,177,23,139,23,4,0.73,67.3,1,33.89,0,0,5,19.53,73,0,45,North America,Web
CUST_1380,Education,Small,Business,69.07,Paid Ads,49,0,0,0,10744.95,0,10,62,16,120,26,1,0.81,92.1,0,43.94,0,0,12,31.76,10,1,16,Asia,Desktop App
CUST_1381,Finance,Enterprise,Business,47.41,Referral,36,1,0,0,11878.79,0,3,168,7,63,11,2,0.93,30.87,0,2.49,0,0,1,16.16,28,0,9,Asia,Desktop App
CUST_1382,IT,Mid,Enterprise,99.3,Organic,5,1,0,0,11495.4,0,2,29,5,172,1,5,0.79,94.08,0,43.81,0,0,2,43.94,5,1,6,Australia,Mobile
CUST_1383,Design,Small,Basic,26.5,Organic,44,0,0,0,6231.42,0,8,47,3,32,8,1,0.97,42.67,0,38.5,0,0,11,21.2,66,1,29,North America,Desktop App
CUST_1384,Healthcare,Small,Basic,104.5,Email,31,1,0,1,3609.98,0,2,87,20,32,21,0,0.24,89.8,0,7.91,0,0,2,32.71,4,1,6,North America,Desktop App
CUST_1385,Design,Small,Business,99.72,Organic,6,0,1,0,2315.66,0,9,155,18,12,23,5,0.55,12.34,0,40.89,0,0,6,41.73,48,0,8,Asia,Desktop App
CUST_1386,Marketing,Enterprise,Basic,16.72,Email,34,1,0,0,14781.59,0,8,21,17,57,27,0,0.75,110.26,0,1.6,0,0,5,24.15,100,1,0,Australia,Web
CUST_1387,Finance,Enterprise,Basic,114.44,Paid Ads,49,1,0,1,10362.39,1,5,12,13,108,16,5,0.72,12.72,1,25.41,0,0,6,49.99,24,0,43,North America,Desktop App
CUST_1388,Education,Small,Enterprise,103.12,Email,36,0,0,0,13391.86,0,3,95,14,162,30,3,0.4,68.68,0,19.32,0,0,6,43.28,68,0,46,Asia,Web
CUST_1389,Education,Enterprise,Pro,75.47,Paid Ads,2,1,0,0,12577.97,0,10,132,15,173,20,3,0.15,39.45,0,21.06,0,0,9,11.06,28,0,47,Australia,Desktop App
CUST_1390,Design,Mid,Pro,15.29,Social Media,30,1,1,1,3956.65,0,10,114,19,138,22,5,0.8,5.51,0,26.49,0,0,4,36.8,50,0,18,Europe,Desktop App
CUST_1391,Marketing,Small,Enterprise,47.91,Social Media,6,1,0,0,4011.03,0,9,88,1,199,3,0,0.91,68.79,1,5.9,0,0,9,38,58,0,18,Europe,Web
CUST_1392,Marketing,Mid,Business,34.7,Paid Ads,32,1,0,1,9650.29,1,4,167,22,134,1,1,0.63,59.09,1,26.5,1,0,4,29.91,58,1,49,Asia,Web
CUST_1393,IT,Enterprise,Basic,82.23,Social Media,18,0,1,0,6444.27,0,7,138,15,70,1,4,0.39,99.38,0,19.55,0,0,7,33.93,9,1,46,Europe,Mobile
CUST_1394,Design,Enterprise,Enterprise,87,Paid Ads,6,0,1,0,9779.57,0,5,158,21,4,12,4,0.42,97.54,1,10.18,0,0,8,14.65,83,0,3,Asia,Web
CUST_1395,Healthcare,Mid,Basic,104.71,Email,26,1,1,1,14393.03,1,3,32,22,168,6,5,0.5,104.14,1,18.5,1,1,2,46.37,36,0,57,North America,Mobile
CUST_1396,Education,Mid,Business,79.99,Email,20,1,0,0,9637.08,0,7,101,2,95,19,2,0.46,13.24,0,28.31,0,0,8,49.9,32,1,40,North America,Desktop App
CUST_1397,Design,Enterprise,Enterprise,78.69,Referral,25,1,0,1,12534.81,1,5,84,17,186,4,1,0.23,45.82,1,44.92,0,0,12,2.28,65,0,4,Europe,Web
CUST_1398,Finance,Enterprise,Pro,111.53,Paid Ads,4,1,1,1,4335.74,0,6,63,15,105,25,2,0.69,28.47,1,45.74,1,1,7,21.51,47,1,47,Asia,Web
CUST_1399,Finance,Enterprise,Basic,50.85,Organic,8,0,1,0,13219.41,0,4,158,10,81,15,0,0.15,18.54,0,43.78,0,0,6,36.27,56,1,18,Europe,Mobile
CUST_1400,Design,Enterprise,Pro,42.71,Paid Ads,23,0,0,0,9664.84,0,2,71,23,90,18,4,0.51,136.61,0,44.73,0,0,10,36.74,100,1,53,North America,Mobile
CUST_1401,Healthcare,Mid,Basic,30.26,Social Media,22,0,1,0,4188.45,0,5,124,16,195,22,1,0.22,48.62,0,32,0,0,10,13.08,16,0,12,Asia,Desktop App
CUST_1402,Healthcare,Enterprise,Enterprise,55.06,Organic,19,1,1,0,10390.75,0,5,144,22,14,18,0,0.65,140.27,0,42.46,0,0,4,7.45,24,1,6,North America,Web
CUST_1403,Finance,Small,Enterprise,70.55,Email,45,1,0,1,10068.7,1,2,144,13,112,19,1,0.55,47.11,1,36.17,0,0,14,34.63,41,1,16,North America,Web
CUST_1404,Healthcare,Enterprise,Basic,74.92,Social Media,13,0,0,0,5729.32,0,1,28,11,53,11,5,0.9,39.8,1,1.66,0,0,10,26.09,56,0,13,Australia,Web
CUST_1405,Design,Mid,Enterprise,43.09,Paid Ads,39,0,1,0,11696.8,0,2,111,24,62,7,1,0.92,123.39,1,9.63,0,0,13,16.48,94,0,59,Australia,Mobile
CUST_1406,Education,Small,Enterprise,96.3,Email,2,0,1,0,1948.12,0,9,68,1,133,22,2,0.37,126.06,1,5.3,0,0,5,29.07,44,0,14,North America,Web
CUST_1407,IT,Mid,Pro,73.93,Social Media,48,0,1,0,1233.19,0,6,155,21,196,27,2,0.45,95.64,0,8.35,0,0,1,38.77,16,1,8,North America,Mobile
CUST_1408,Marketing,Mid,Basic,42.92,Email,46,1,1,1,9310.79,1,8,143,2,189,30,2,0.77,74.77,0,16.77,0,0,11,45.5,61,1,29,North America,Mobile
CUST_1409,Education,Mid,Enterprise,101.42,Social Media,33,0,0,0,6741.71,0,4,87,7,142,15,4,0.27,119.92,1,14.75,0,0,3,48.81,48,0,23,Europe,Web
CUST_1410,Education,Enterprise,Enterprise,99.57,Paid Ads,31,1,0,1,7950.74,1,5,44,11,155,21,2,0.56,112.36,0,31.39,1,0,6,49.12,16,1,50,Europe,Web
CUST_1411,Education,Small,Business,68.98,Paid Ads,47,1,0,1,13460.1,1,1,164,15,173,24,5,0.4,96.54,1,43.32,0,0,5,41.88,34,0,0,Europe,Desktop App
CUST_1412,Finance,Mid,Basic,100.8,Social Media,8,1,0,1,11751.92,0,10,58,14,57,6,2,0.6,138.56,1,32.02,1,0,2,27.33,1,0,28,Europe,Mobile
CUST_1413,Marketing,Mid,Enterprise,108.72,Referral,9,1,0,0,5228.91,0,3,82,3,34,23,2,0.63,42.94,0,3.67,0,0,12,14.96,23,0,41,Asia,Web
CUST_1414,Design,Enterprise,Enterprise,46.66,Organic,38,1,1,1,13633.81,0,10,17,11,66,23,1,0.66,11.67,1,5.5,0,1,8,23.22,74,1,16,Europe,Desktop App
CUST_1415,Finance,Enterprise,Basic,26.37,Paid Ads,30,1,0,0,789.41,0,10,44,25,58,9,0,0.49,28.9,0,8.54,0,0,5,36.62,35,1,6,Asia,Web
CUST_1416,Marketing,Enterprise,Pro,99.76,Paid Ads,13,0,0,0,10601.51,0,9,101,7,62,14,5,0.32,130.41,0,5.45,0,0,9,44.13,92,1,29,Asia,Mobile
CUST_1417,Finance,Small,Basic,45.93,Social Media,46,1,1,1,2802.09,1,1,99,4,193,1,0,0.09,27.79,1,7.2,1,1,7,10.75,53,0,21,North America,Mobile
CUST_1418,Design,Mid,Basic,104.46,Referral,24,1,0,0,11815.07,0,3,77,13,74,19,5,0.27,23.45,1,28.82,0,0,3,27.82,48,1,33,Europe,Web
CUST_1419,Design,Mid,Basic,10.09,Paid Ads,18,0,1,0,5367.6,0,9,62,13,41,8,1,0.07,142.08,1,39.85,0,0,3,2.85,27,1,35,North America,Web
CUST_1420,Finance,Small,Pro,109.64,Social Media,12,1,1,0,5294.15,0,7,66,11,62,25,5,0.24,132.41,0,28.9,0,0,7,25.86,85,0,23,Australia,Web
CUST_1421,IT,Mid,Business,112.66,Email,28,1,1,1,767.9,1,10,77,2,55,20,1,0.57,11.12,0,30.85,1,0,11,27.08,68,1,51,North America,Desktop App
CUST_1422,Education,Enterprise,Pro,55.01,Paid Ads,40,1,0,1,1727.18,0,4,125,25,171,15,1,0.76,37.5,0,47.25,0,1,12,40.31,56,1,7,Europe,Mobile
CUST_1423,Marketing,Small,Business,22.92,Email,38,0,1,0,8834.09,0,4,54,25,116,5,2,0.12,46.04,1,13,0,0,7,27.18,22,1,41,North America,Desktop App
CUST_1424,Healthcare,Small,Business,17.48,Organic,28,1,1,0,10898.67,0,4,165,5,81,11,2,0.69,18.23,0,30.07,0,0,8,31.9,77,0,3,North America,Mobile
CUST_1425,Healthcare,Small,Enterprise,43.55,Social Media,20,1,1,1,5064.71,0,1,179,1,89,6,4,0.8,93.04,1,24.24,0,0,14,1.51,34,1,40,North America,Desktop App
CUST_1426,Design,Enterprise,Pro,59.82,Referral,27,1,1,0,4560.06,0,9,5,25,180,16,1,0.02,145.53,0,7.12,0,0,4,20.04,21,1,18,Australia,Web
CUST_1427,Healthcare,Mid,Enterprise,23.44,Referral,39,1,0,0,7315.59,0,1,18,17,138,24,3,0.23,83.5,0,15.48,0,0,5,31.59,7,0,16,Europe,Desktop App
CUST_1428,Education,Mid,Pro,100.17,Social Media,41,1,1,1,13056.31,0,10,122,11,175,4,1,0.11,96.5,0,32.81,1,0,8,43.53,12,0,46,Europe,Desktop App
CUST_1429,Marketing,Enterprise,Pro,75.17,Paid Ads,5,1,0,1,10001.34,0,1,101,5,144,30,0,0.44,110.24,0,4.61,0,1,6,27.76,73,0,43,North America,Web
CUST_1430,Design,Mid,Enterprise,79.83,Referral,15,1,1,0,7570.43,0,7,32,12,51,8,5,0.67,54.17,1,17.35,0,0,10,41.84,37,0,55,North America,Web
CUST_1431,Marketing,Enterprise,Enterprise,21.28,Referral,44,0,0,0,1197.82,0,2,59,10,116,19,4,0.5,50.96,1,36.98,0,0,11,35.07,42,1,30,Asia,Mobile
CUST_1432,Education,Mid,Basic,101.92,Paid Ads,9,0,0,0,8864.02,0,3,51,15,56,16,1,0.63,42.09,1,33.38,0,0,1,46.19,85,0,17,Asia,Desktop App
CUST_1433,Finance,Mid,Enterprise,17.99,Referral,47,0,0,0,13566.09,0,6,63,3,32,25,2,0.54,102.91,1,1.53,0,0,9,47.06,36,0,58,Europe,Web
CUST_1434,Design,Mid,Pro,83.98,Referral,34,1,1,0,3204.48,0,8,112,20,16,23,3,0.58,143.57,0,25.58,0,0,14,23.71,34,1,14,Asia,Web
CUST_1435,Finance,Enterprise,Basic,105.69,Referral,47,1,1,0,1030.85,0,9,164,24,35,25,0,0.1,73.35,0,12.62,0,0,4,24.9,84,0,51,North America,Mobile
CUST_1436,Finance,Small,Business,87.08,Social Media,26,0,1,0,1309.17,0,7,18,23,118,18,5,0.54,32.39,0,37.92,0,0,2,7.86,75,0,5,Europe,Web
CUST_1437,Marketing,Small,Pro,30.72,Social Media,41,1,1,1,8762.76,1,9,78,5,50,30,1,0.97,49.47,0,9.33,0,1,4,35.2,56,0,35,North America,Desktop App
CUST_1438,IT,Enterprise,Basic,98.12,Organic,16,0,0,0,14639.18,0,5,45,1,103,25,4,0.63,99.97,1,37.07,0,0,13,3.42,10,1,55,Australia,Desktop App
CUST_1439,Education,Small,Basic,86.89,Email,42,1,1,0,3244.93,0,1,117,8,164,3,3,0.59,65.67,0,6.95,0,0,3,0.85,33,1,0,Australia,Desktop App
CUST_1440,Education,Mid,Business,63.17,Social Media,10,0,0,0,14458.42,0,7,151,19,107,19,2,0.31,54.5,1,16.43,0,0,5,28.36,64,1,27,North America,Desktop App
CUST_1441,Education,Mid,Basic,22.77,Referral,49,1,0,0,7460.83,0,10,169,19,71,17,0,0.26,108.93,1,19.63,0,0,12,49,16,0,36,Australia,Web
CUST_1442,Finance,Small,Pro,65.82,Organic,23,1,1,0,2300.96,0,9,60,18,43,30,4,0.72,119.46,1,44.96,0,0,8,35.79,49,0,15,Asia,Web
CUST_1443,Education,Small,Pro,98.87,Referral,20,0,1,0,3061.75,0,6,77,22,11,18,1,0.26,110.85,1,29.19,0,0,11,24.65,22,1,35,North America,Web
CUST_1444,Healthcare,Enterprise,Enterprise,37.7,Social Media,23,1,0,0,14248.78,0,2,101,21,95,2,3,0.47,146.46,1,44.96,0,0,14,0.8,55,0,21,Asia,Mobile
CUST_1445,Design,Small,Business,13.13,Organic,35,0,1,0,12386.71,0,4,155,13,131,13,4,0.67,13.63,0,40.65,0,0,8,0.3,9,0,35,Asia,Desktop App
CUST_1446,Marketing,Small,Basic,102.68,Paid Ads,23,0,1,0,5305.47,0,7,22,7,67,10,5,0.84,67.78,1,45.86,0,0,4,30.63,21,0,47,Australia,Mobile
CUST_1447,Design,Enterprise,Basic,68.99,Referral,20,1,1,1,9999.96,1,10,77,15,115,30,4,0.06,78.5,0,27.95,1,0,10,2.9,7,0,42,Europe,Desktop App
CUST_1448,Marketing,Enterprise,Enterprise,32.94,Organic,15,0,0,0,7718.18,0,9,57,10,170,28,3,0.03,104.27,1,31.79,0,0,8,33.63,7,1,39,Australia,Mobile
CUST_1449,IT,Small,Business,87.12,Organic,9,0,0,0,5486.86,0,3,126,13,26,22,0,0.05,38.45,1,8.03,0,0,8,47.95,27,1,53,Asia,Web
CUST_1450,Healthcare,Enterprise,Enterprise,76,Social Media,18,0,0,0,293.07,0,5,145,24,175,5,5,0.3,36.43,0,5.95,0,0,5,20.27,95,0,37,Asia,Mobile
CUST_1451,IT,Small,Basic,27.11,Paid Ads,43,1,1,1,14472.67,1,5,110,22,48,21,0,0.99,113.1,0,12.17,0,1,1,31.73,45,0,46,Asia,Web
CUST_1452,IT,Small,Pro,104.42,Social Media,19,0,1,0,13262.54,0,10,148,25,113,2,4,0.54,100.15,1,11.99,0,0,10,38.79,44,0,8,North America,Web
CUST_1453,Finance,Enterprise,Enterprise,46.79,Paid Ads,6,1,1,0,5386.07,0,4,139,24,133,12,1,0.3,59.57,1,48.05,0,0,9,27.01,61,0,5,North America,Mobile
CUST_1454,Design,Small,Business,39.62,Social Media,47,0,0,0,9071.6,0,1,162,17,150,29,3,0.69,135.54,1,39.71,0,0,11,3.97,77,1,42,Europe,Desktop App
CUST_1455,Finance,Enterprise,Enterprise,56.81,Referral,49,0,1,0,6175.33,0,4,22,20,93,6,1,0.62,79.97,1,25.08,0,0,4,35.91,44,0,43,Australia,Web
CUST_1456,Design,Mid,Basic,11,Paid Ads,31,0,1,0,12905.59,0,9,165,11,152,3,1,0.12,82.61,1,29.39,0,0,8,44.77,91,1,55,Europe,Desktop App
CUST_1457,Finance,Mid,Basic,69.21,Organic,8,1,1,1,3056.83,1,9,154,3,158,20,1,0.82,103.57,0,44.2,0,1,12,45.31,4,0,6,Europe,Mobile
CUST_1458,IT,Small,Enterprise,15.33,Organic,28,0,0,0,12646.02,0,1,132,21,97,19,5,0.17,99,0,23.62,0,0,12,25.46,10,0,8,North America,Mobile
CUST_1459,Finance,Mid,Basic,81.67,Referral,49,1,0,1,2578.23,1,7,16,23,57,23,2,0.27,94.6,0,37.93,1,1,10,4.85,24,0,29,Asia,Desktop App
CUST_1460,Design,Mid,Pro,97.14,Email,18,1,1,0,5274.41,0,5,153,16,117,3,5,0.7,39.8,1,19.8,0,0,4,1.08,61,0,52,Europe,Web
CUST_1461,Design,Mid,Enterprise,100.81,Social Media,15,0,0,0,6513.54,0,4,82,10,72,26,3,0.88,81.34,1,21.52,0,0,7,4,98,0,16,Asia,Mobile
CUST_1462,IT,Mid,Business,60.89,Social Media,26,1,0,0,10278.62,0,8,174,5,30,23,5,0.12,71.64,1,7.42,0,0,8,40.83,47,0,53,Europe,Desktop App
CUST_1463,Healthcare,Mid,Basic,116.99,Organic,20,1,0,0,10057.85,0,3,173,13,73,3,1,0.41,67.83,1,17.1,0,0,5,23.83,8,1,18,North America,Web
CUST_1464,Healthcare,Mid,Pro,50.68,Referral,24,1,1,0,1461.1,0,5,110,22,115,7,5,0.16,35.12,0,46.23,0,0,12,43.79,3,1,30,Asia,Web
CUST_1465,Finance,Mid,Enterprise,36.01,Organic,35,0,0,0,13975.97,0,10,16,19,183,11,5,0.63,95.95,0,5.94,0,0,12,3.97,97,0,27,North America,Mobile
CUST_1466,Education,Enterprise,Basic,86.97,Organic,10,0,0,0,5515.24,0,3,61,9,183,26,1,0.04,39.75,0,15.3,0,0,2,35.68,45,0,31,Australia,Desktop App
CUST_1467,Education,Small,Enterprise,34.64,Social Media,16,0,1,0,5347.24,0,10,70,13,46,15,3,0.35,7.4,1,20.76,0,0,2,4.54,70,0,27,Europe,Desktop App
CUST_1468,Healthcare,Small,Basic,115.25,Paid Ads,6,1,0,1,10484.83,0,6,153,14,9,11,1,0.44,98.69,0,39.66,1,0,13,9.14,20,1,23,Europe,Web
CUST_1469,Finance,Small,Basic,40.08,Social Media,47,0,0,0,1920.57,0,5,55,25,163,22,1,0.41,60.03,1,43.42,0,0,1,33.3,4,1,20,Asia,Mobile
CUST_1470,IT,Small,Enterprise,13.41,Organic,33,1,1,0,8985.7,0,5,163,24,80,6,1,0.54,97.86,1,20.72,0,0,13,25.75,97,1,60,North America,Mobile
CUST_1471,Healthcare,Enterprise,Basic,41.57,Social Media,47,0,1,0,1468.24,0,4,24,8,172,19,0,0.66,77.49,0,34.12,0,0,14,42.65,11,0,31,Australia,Web
CUST_1472,Marketing,Small,Business,116.84,Organic,40,0,0,0,745.83,0,5,60,17,167,16,2,0.2,90.43,0,12.18,0,0,2,13.26,23,1,41,North America,Web
CUST_1473,Marketing,Small,Business,81.71,Email,30,1,0,1,7042.49,0,3,69,18,177,7,2,0.31,20.26,0,8.85,1,1,7,24.98,22,1,29,Australia,Mobile
CUST_1474,Education,Enterprise,Business,73.23,Social Media,28,0,0,0,13111.23,0,4,121,13,174,27,1,0.47,68.71,1,6.43,0,0,3,19.58,54,0,33,Europe,Web
CUST_1475,Finance,Mid,Enterprise,86.1,Social Media,42,0,0,0,2115.85,0,2,63,7,135,2,0,0.29,43.04,0,21.84,0,0,12,43.78,42,0,8,Australia,Web
CUST_1476,Finance,Small,Pro,29.87,Email,15,1,0,1,3329.23,1,10,84,17,96,24,3,0.64,59.72,0,7.18,1,0,6,2.93,32,0,15,Europe,Web
CUST_1477,Healthcare,Small,Business,66.84,Paid Ads,21,1,1,0,6775.53,0,4,46,21,18,6,0,0.74,114.54,0,14.96,0,0,6,4.61,35,1,56,Asia,Mobile
CUST_1478,Finance,Enterprise,Basic,85.34,Paid Ads,33,1,0,1,6352.45,1,6,115,9,66,30,2,0.85,69.86,0,30.41,1,0,10,17.4,70,1,51,Europe,Mobile
CUST_1479,IT,Enterprise,Pro,26.25,Paid Ads,16,1,1,0,7298.01,0,10,172,7,122,11,0,0.86,97.12,0,42.35,0,0,1,48.01,61,0,38,North America,Mobile
CUST_1480,Design,Enterprise,Enterprise,76.11,Social Media,4,0,1,0,14869.86,0,2,11,7,125,23,2,0.31,42.96,0,11.84,0,0,4,48.01,9,1,20,Australia,Mobile
CUST_1481,IT,Mid,Enterprise,17.8,Paid Ads,37,1,0,1,949.2,1,7,87,18,197,5,5,0.06,27.81,0,28.79,1,0,1,21.71,28,1,7,Australia,Mobile
CUST_1482,Education,Enterprise,Enterprise,112.36,Organic,13,0,1,0,6449.34,0,9,134,11,127,20,4,0.2,7.99,0,27.99,0,0,12,49.76,80,1,48,Europe,Mobile
CUST_1483,Finance,Mid,Enterprise,65.41,Email,1,0,0,0,7921.18,0,4,52,6,139,21,1,0.48,95.87,0,23.11,0,0,1,6.44,63,0,26,Australia,Web
CUST_1484,Marketing,Mid,Business,57.6,Email,25,0,0,0,3092.32,0,8,172,9,138,7,4,0.85,21.28,1,21.41,0,0,1,11.13,28,0,57,Europe,Desktop App
CUST_1485,Marketing,Mid,Enterprise,63.07,Email,27,0,0,0,13503.66,0,4,70,5,156,17,2,0.52,81.27,1,34.14,0,0,9,19.4,30,1,27,Australia,Mobile
CUST_1486,Education,Enterprise,Pro,104.62,Organic,15,0,0,0,9021.59,0,8,93,1,94,30,0,0.06,40.59,0,33.27,0,0,11,16.23,75,1,1,North America,Web
CUST_1487,Finance,Small,Basic,31.92,Paid Ads,44,0,1,0,9388.64,0,8,71,21,85,3,0,0.61,45.15,1,6.26,0,0,11,32.93,9,0,13,Europe,Web
CUST_1488,Marketing,Mid,Basic,97.66,Social Media,15,1,1,0,3903.46,0,5,125,25,50,11,1,0.01,32.08,0,3.79,0,0,8,24.01,79,1,33,Australia,Web
CUST_1489,Finance,Mid,Business,46.56,Paid Ads,48,1,0,0,8422.35,0,4,118,8,102,2,4,0.16,107.13,1,39.01,0,0,6,29.73,26,0,43,Europe,Mobile
CUST_1490,Education,Enterprise,Pro,42.61,Email,38,1,1,0,2394.48,0,2,59,19,50,24,3,0.48,15.91,0,21.75,0,0,1,33.32,100,1,17,Asia,Web
CUST_1491,Finance,Small,Pro,13.63,Email,17,1,1,1,9700.42,1,7,20,7,188,18,3,0.07,130.86,1,36.97,1,0,7,34.24,76,1,38,Asia,Web
CUST_1492,Education,Enterprise,Basic,18.68,Email,43,0,0,0,11394.74,0,6,129,13,132,28,0,0.99,34.76,1,33.33,0,0,11,25.77,76,0,34,Asia,Desktop App
CUST_1493,Education,Enterprise,Business,10.28,Email,34,0,1,0,10423.55,0,10,52,11,50,7,4,0.56,58.99,1,46.37,0,0,6,28.34,54,1,38,North America,Desktop App
CUST_1494,Design,Enterprise,Pro,86.26,Referral,38,0,1,0,14183.88,0,5,123,23,62,6,1,0.87,94.23,0,23.63,0,0,11,45.28,69,0,14,Australia,Desktop App
CUST_1495,IT,Enterprise,Pro,95.19,Paid Ads,9,1,0,0,4012.92,0,2,6,8,128,30,1,0.69,106.18,0,7.78,0,0,13,11.64,76,0,1,North America,Web
CUST_1496,Marketing,Enterprise,Enterprise,48.32,Email,34,1,0,1,10952.61,0,5,121,11,52,7,2,0.44,14.92,1,45.26,0,1,6,5.95,96,0,48,North America,Desktop App
CUST_1497,Healthcare,Small,Enterprise,65.78,Organic,15,0,0,0,6087.39,0,3,118,8,110,20,0,0.41,134.79,0,15.94,0,0,6,33.46,56,1,33,North America,Web
CUST_1498,Healthcare,Enterprise,Business,74.84,Paid Ads,31,0,0,0,8429.42,0,6,121,1,36,27,5,0.67,100.53,1,31.38,0,0,5,47.9,4,0,23,Europe,Desktop App
CUST_1499,Healthcare,Enterprise,Business,95.21,Social Media,36,1,0,0,13453.65,0,5,92,11,187,7,3,0.97,19.24,0,22.37,0,0,8,38.83,22,0,1,Asia,Desktop App
CUST_1500,Healthcare,Enterprise,Pro,22.89,Social Media,36,0,1,0,3078.09,0,4,22,6,89,5,4,0.59,15.32,0,22.4,0,0,4,20.88,13,0,22,Australia,Mobile
CUST_1501,Marketing,Mid,Basic,114.92,Social Media,7,1,1,0,6404.1,0,8,68,23,157,25,3,0.49,46.42,1,32.48,0,0,13,3.25,73,0,17,Europe,Web
CUST_1502,Education,Mid,Enterprise,13.37,Paid Ads,9,0,0,0,10506.68,0,10,13,6,45,27,3,0.92,39.69,1,6.44,0,0,3,19.96,14,0,54,Australia,Desktop App
CUST_1503,Finance,Small,Basic,80.44,Social Media,49,1,1,0,11340.81,0,2,89,10,5,4,4,0.68,83.32,0,14.15,0,0,4,3.33,72,0,36,Asia,Web
CUST_1504,Healthcare,Small,Pro,54.22,Organic,33,0,0,0,8378.95,0,7,119,19,19,14,3,0.77,29.9,0,43.64,0,0,1,45.59,51,0,32,Asia,Mobile
CUST_1505,Design,Mid,Pro,13.36,Social Media,40,0,0,0,4571.08,0,10,164,4,182,2,5,0.07,54.72,0,0.55,0,0,10,19.41,41,1,19,Europe,Desktop App
CUST_1506,Finance,Small,Business,93.02,Referral,6,1,1,0,12045.53,0,8,40,18,39,9,3,0.19,61.8,1,25.8,0,0,7,29.72,36,1,32,Asia,Web
CUST_1507,Design,Mid,Business,107.71,Social Media,49,1,0,0,8417.47,0,1,114,16,184,14,4,0.97,24.38,1,41.89,0,0,12,4.59,79,1,57,Asia,Web
CUST_1508,IT,Enterprise,Pro,53.13,Email,36,0,1,0,12816.3,0,8,104,20,38,24,0,0.82,84.2,0,42.03,0,0,12,22.15,67,1,39,North America,Mobile
CUST_1509,Healthcare,Small,Business,92.45,Paid Ads,6,0,1,0,12022.13,0,9,149,17,53,17,3,0.01,90.57,1,6.05,0,0,6,4.99,35,0,27,Australia,Mobile
CUST_1510,Finance,Small,Enterprise,41.24,Social Media,4,0,1,0,10125.85,0,2,6,8,124,2,3,0.6,82.02,0,21.71,0,0,13,23.62,91,0,57,North America,Desktop App
CUST_1511,IT,Mid,Business,42.2,Social Media,30,1,1,0,11947.65,0,7,115,12,33,12,2,0.82,11.08,1,35.68,0,0,14,13.6,80,1,27,North America,Web
CUST_1512,Design,Enterprise,Basic,33.14,Organic,33,1,0,1,14671.73,0,3,138,9,174,23,3,0.16,100.77,1,6.36,1,1,10,45.29,35,1,15,Australia,Web
CUST_1513,Design,Small,Basic,21.91,Email,21,1,0,0,6291.51,0,8,57,16,92,2,2,0.84,57.29,0,29.71,0,0,6,17.09,78,1,3,Europe,Mobile
CUST_1514,Marketing,Enterprise,Enterprise,87.94,Paid Ads,34,1,1,1,2617.82,0,9,55,22,107,21,3,0.2,34.65,0,44.86,1,0,9,6.11,33,1,32,Australia,Desktop App
CUST_1515,IT,Small,Basic,54.25,Paid Ads,20,1,0,0,11110.27,0,6,67,18,127,29,2,0.21,37.72,0,49.03,0,0,3,6.11,55,1,54,Australia,Web
CUST_1516,Education,Small,Pro,114.86,Social Media,45,1,0,0,3540.53,0,3,114,21,112,21,4,0.34,30,0,17.74,0,0,6,17.14,32,1,14,Asia,Mobile
CUST_1517,Design,Small,Basic,61.55,Organic,41,1,1,0,12300.66,0,1,17,2,86,10,2,0.49,77.75,1,42.5,0,0,9,23.26,96,0,39,North America,Mobile
CUST_1518,Education,Mid,Business,89.22,Social Media,43,1,0,0,12488.43,0,6,89,16,51,30,0,0.34,44.65,1,19.01,0,0,12,27.84,41,0,21,Australia,Web
CUST_1519,Finance,Small,Business,45.89,Referral,43,0,0,0,2539.45,0,8,96,23,74,16,0,0.25,52.36,0,3.71,0,0,3,41.99,53,0,23,Europe,Desktop App
CUST_1520,Design,Enterprise,Basic,50.36,Paid Ads,10,1,1,0,4163.69,0,9,103,14,16,17,3,0.76,112.07,1,25.33,0,0,13,10,19,1,59,Australia,Web
CUST_1521,Design,Mid,Pro,100.04,Paid Ads,43,1,0,0,3620.67,0,2,107,8,182,7,3,0.12,73.07,0,30.13,0,0,14,33.08,100,0,26,North America,Web
CUST_1522,Design,Small,Enterprise,64.9,Paid Ads,6,1,1,0,14502.53,0,3,37,2,10,17,3,0.24,59.44,0,46.9,0,0,11,35.24,18,1,19,Australia,Desktop App
CUST_1523,Finance,Mid,Enterprise,96.13,Referral,37,0,1,0,7893.06,0,10,92,20,107,25,2,0.93,69.8,0,13.13,0,0,12,42.49,93,0,2,Australia,Desktop App
CUST_1524,Finance,Small,Business,91.97,Social Media,28,1,0,1,1435.23,1,7,98,6,36,15,1,0.61,69.71,0,42.1,0,1,5,10.64,81,1,48,North America,Desktop App
CUST_1525,Marketing,Enterprise,Pro,67.23,Organic,41,0,0,0,555.4,0,1,44,11,159,17,3,0.75,67.88,1,28.25,0,0,8,1.2,15,0,4,Australia,Mobile
CUST_1526,Healthcare,Small,Enterprise,71.06,Organic,17,1,1,1,7484.26,1,5,160,15,164,30,3,0.32,19.95,0,7.24,1,1,1,11.92,38,0,20,Asia,Mobile
CUST_1527,Marketing,Enterprise,Enterprise,105.95,Email,7,0,0,0,9239.93,0,9,92,14,173,8,3,0.62,13.56,1,31.5,0,0,7,39.75,90,1,56,Europe,Web
CUST_1528,Healthcare,Small,Enterprise,37.5,Organic,44,1,0,1,10782.83,1,5,133,4,103,27,5,0.92,58.47,0,36.93,1,0,11,10.56,89,0,52,Europe,Desktop App
CUST_1529,Finance,Mid,Business,93.23,Email,18,0,0,0,8286.84,0,1,154,10,100,27,1,0.8,122.18,1,29,0,0,5,36.86,98,1,48,North America,Desktop App
CUST_1530,Finance,Mid,Enterprise,81.57,Paid Ads,22,0,0,0,8844.11,0,9,128,20,99,14,5,0.53,77.02,1,40.6,0,0,3,2.6,95,1,40,North America,Web
CUST_1531,Marketing,Enterprise,Business,93.48,Organic,8,0,1,0,14241.37,0,6,102,8,87,8,5,0.83,22.45,0,27.25,0,0,12,39.22,84,1,18,North America,Web
CUST_1532,IT,Mid,Pro,46.07,Paid Ads,19,1,1,1,11477.93,0,10,156,23,119,12,1,0.91,142.99,1,19.21,0,0,5,37.7,9,0,54,North America,Mobile
CUST_1533,Design,Mid,Business,45.51,Organic,35,1,1,0,13875.72,0,2,88,9,119,21,0,0.71,72.97,0,37.64,0,0,13,46.88,71,0,7,Asia,Web
CUST_1534,Marketing,Enterprise,Pro,104.92,Paid Ads,16,0,1,0,9134.85,0,10,118,7,92,27,1,0.56,32.24,1,38.19,0,0,8,41.26,65,1,40,Europe,Web
CUST_1535,Healthcare,Small,Enterprise,119.9,Referral,15,0,1,0,8272.08,0,10,42,11,137,26,4,0.54,80.43,1,42.3,0,0,4,34.07,93,0,11,North America,Mobile
CUST_1536,Education,Small,Business,84.64,Paid Ads,43,1,0,0,3243.55,0,3,154,12,68,13,0,0.42,113.27,1,45.26,0,0,4,3.37,30,0,44,Europe,Mobile
CUST_1537,IT,Mid,Basic,65.25,Referral,15,1,1,1,5399.8,0,2,166,21,35,20,0,0.54,33.8,1,20.92,0,0,5,23.07,46,1,11,Australia,Mobile
CUST_1538,Education,Small,Pro,115.81,Email,1,0,1,0,7997.38,0,10,49,21,110,4,4,0.65,94.66,1,4.8,0,0,11,31.05,67,0,45,North America,Mobile
CUST_1539,IT,Enterprise,Basic,84.01,Social Media,7,0,0,0,3251.16,0,5,117,24,88,15,5,0.88,99.73,0,17.75,0,0,11,36.82,32,1,45,Australia,Web
CUST_1540,Design,Small,Enterprise,28.14,Email,15,0,0,0,13764.73,0,2,142,25,110,4,0,0.75,87,1,11.17,0,0,6,46.44,88,0,18,North America,Mobile
CUST_1541,Design,Mid,Basic,100.37,Referral,19,1,0,1,3738.04,1,1,8,15,98,18,4,0.7,110.22,1,7.68,1,1,7,10.27,89,1,11,Asia,Web
CUST_1542,Healthcare,Small,Business,45.25,Referral,12,0,1,0,2682.02,0,6,45,14,200,24,4,0.96,39.69,1,21.37,0,0,1,4.81,78,1,28,Australia,Mobile
CUST_1543,Finance,Small,Basic,38.19,Social Media,1,1,0,1,9468.21,1,5,94,17,35,19,4,0.12,80.36,0,29.88,1,1,3,30.26,100,0,30,Asia,Desktop App
CUST_1544,Marketing,Small,Pro,35.98,Email,14,1,1,1,8937.34,0,3,142,13,139,19,3,0.43,25.87,0,4.56,0,1,11,14.75,20,1,22,Europe,Desktop App
CUST_1545,Education,Small,Pro,31.84,Social Media,11,0,1,0,3529.89,0,10,35,5,196,2,3,0.67,114.29,1,16.89,0,0,9,16.37,35,0,48,North America,Web
CUST_1546,Finance,Small,Pro,43.12,Paid Ads,8,1,1,1,12260.1,1,3,142,21,171,5,1,0.84,66.16,1,24.48,0,0,11,23.04,65,1,0,North America,Desktop App
CUST_1547,Design,Mid,Pro,103.5,Organic,30,1,0,1,3704.61,1,2,56,1,87,6,1,0.01,78.9,1,28.36,0,0,8,31.66,87,1,42,Europe,Mobile
CUST_1548,Marketing,Enterprise,Enterprise,48.95,Email,20,0,0,0,10702.5,0,9,87,21,122,7,5,0.97,113.39,1,32.54,0,0,3,8.1,93,0,29,Asia,Web
CUST_1549,Finance,Small,Business,88.14,Referral,22,1,1,0,11724.18,0,2,71,24,184,23,2,0.61,117.02,1,35.06,0,0,9,27.33,11,0,51,Asia,Mobile
CUST_1550,Healthcare,Enterprise,Business,93.41,Paid Ads,24,1,1,0,13303.03,0,6,110,15,131,16,4,0.76,19.68,1,37.57,0,0,10,7.94,95,1,34,Asia,Desktop App
CUST_1551,Marketing,Enterprise,Basic,115.06,Organic,36,0,0,0,661.19,0,1,6,23,93,26,3,0.5,67.3,1,9.43,0,0,12,23.47,20,1,32,Europe,Web
CUST_1552,Education,Mid,Enterprise,114.57,Social Media,2,1,1,1,10424.57,1,3,103,9,196,16,5,0.8,97.37,0,33.19,1,0,12,15.4,31,1,40,North America,Mobile
CUST_1553,Healthcare,Enterprise,Enterprise,86.13,Email,46,0,0,0,5229.51,0,7,110,1,193,29,0,0.29,57.78,1,30.6,0,0,11,21.97,59,0,46,Europe,Desktop App
CUST_1554,Education,Enterprise,Enterprise,32,Social Media,16,1,0,1,9638.7,1,10,53,3,71,7,2,0.54,119.63,0,31.01,0,0,12,40.48,70,1,28,Asia,Mobile
CUST_1555,Finance,Enterprise,Enterprise,108.1,Organic,23,1,0,1,5271.44,1,2,102,13,8,26,3,0.19,9.79,1,20.4,1,0,13,13.99,69,0,35,Australia,Web
CUST_1556,Healthcare,Small,Business,24.04,Social Media,35,1,1,1,10433.31,1,6,26,23,18,27,4,0.48,106.95,1,38.57,0,0,13,23.95,61,0,20,Australia,Mobile
CUST_1557,Design,Enterprise,Enterprise,62.94,Paid Ads,19,0,1,0,12988.86,0,7,51,12,2,26,0,0.1,94.29,1,23.92,0,0,7,34.92,97,1,48,Asia,Desktop App
CUST_1558,Marketing,Small,Business,14.52,Social Media,28,1,1,0,1256.38,0,10,161,19,11,4,4,0.64,26.49,1,9.93,0,0,2,4.73,93,0,35,Europe,Desktop App
CUST_1559,Marketing,Mid,Business,31.89,Paid Ads,48,0,0,0,9300.19,0,6,84,10,128,27,1,0.87,23.08,1,33.36,0,0,5,35.47,31,1,31,North America,Web
CUST_1560,Healthcare,Small,Enterprise,41.44,Referral,18,1,1,0,1993.75,0,5,32,3,36,14,2,0.37,132.39,1,36.58,0,0,9,5.8,12,1,38,Asia,Web
CUST_1561,IT,Mid,Enterprise,70.16,Email,42,0,0,0,7067.29,0,9,18,10,32,6,0,0.92,9.34,1,41.94,0,0,11,6.09,10,1,34,Asia,Web
CUST_1562,Education,Small,Enterprise,86.07,Referral,30,1,1,0,4116.24,0,10,91,15,154,28,4,0.57,78.92,1,26.94,0,0,6,12.65,37,1,28,Asia,Web
CUST_1563,Finance,Small,Pro,109.35,Organic,4,1,0,0,7359.99,0,6,105,17,184,5,1,0.82,64.38,1,8.41,0,0,7,36.97,36,0,52,Europe,Mobile
CUST_1564,Healthcare,Mid,Pro,52.53,Social Media,48,0,0,0,14591.6,0,6,131,12,130,25,2,0.11,53.22,1,1.11,0,0,6,14.95,55,1,6,Asia,Desktop App
CUST_1565,Finance,Small,Basic,93.12,Email,43,0,1,0,1114.78,0,8,16,25,113,5,0,0.48,29.38,0,34.09,0,0,2,26.5,7,0,40,Asia,Mobile
CUST_1566,Education,Enterprise,Enterprise,50.97,Paid Ads,2,0,1,0,796.23,0,9,104,3,78,12,1,0.25,109.29,0,42.98,0,0,9,44.44,5,1,27,Australia,Web
CUST_1567,Education,Small,Pro,53.37,Organic,4,0,0,0,2214.71,0,3,45,8,161,4,2,0.58,60.64,0,44.95,0,0,10,34.45,35,1,46,North America,Mobile
CUST_1568,Design,Small,Enterprise,93.98,Paid Ads,23,1,1,1,14743.47,1,1,92,23,121,18,3,0.42,12.35,0,7.42,0,0,10,38.46,72,0,60,Australia,Web
CUST_1569,IT,Mid,Enterprise,113.18,Email,36,0,0,0,5008.74,0,5,58,9,192,11,3,0.4,105.62,0,2.95,0,0,3,8.98,21,1,24,Australia,Mobile
CUST_1570,Design,Small,Enterprise,53.33,Social Media,33,1,1,0,14533.27,0,7,153,15,28,5,5,0.09,40.88,1,47.36,0,0,11,7.39,42,1,55,Europe,Desktop App
CUST_1571,Design,Mid,Pro,103.66,Social Media,49,1,1,0,2268.61,0,8,17,17,21,23,2,0.72,129.95,0,20.03,0,0,8,20.89,42,1,47,Australia,Desktop App
CUST_1572,Design,Small,Basic,99.97,Referral,23,0,0,0,3577.67,0,4,72,1,172,29,1,0.05,48.34,1,26.43,0,0,14,32.66,89,1,26,Asia,Web
CUST_1573,Marketing,Enterprise,Basic,97.05,Organic,25,0,1,0,9204.23,0,8,109,12,90,20,2,0.74,67.56,1,24.72,0,0,8,31.01,38,0,10,Asia,Web
CUST_1574,Education,Enterprise,Enterprise,39.28,Email,31,1,0,0,9393.08,0,9,12,9,58,18,4,0.71,86.27,1,7.92,0,0,14,0.07,1,1,24,Asia,Desktop App
CUST_1575,Marketing,Enterprise,Basic,118.18,Referral,49,0,1,0,11144.45,0,8,161,13,99,1,5,0.93,101.79,0,29.92,0,0,13,14.79,3,1,60,Asia,Mobile
CUST_1576,Healthcare,Enterprise,Business,71.6,Social Media,45,0,0,0,2109.47,0,10,35,6,41,21,1,0.29,104.82,0,47.11,0,0,1,47.24,59,1,14,North America,Mobile
CUST_1577,Education,Small,Basic,101.99,Referral,11,0,0,0,1180.84,0,1,13,15,183,29,4,0.62,63.32,0,35.78,0,0,6,19.05,59,1,8,North America,Web
CUST_1578,Finance,Mid,Pro,22.8,Organic,9,1,1,0,13757.98,0,7,153,8,35,18,0,0.35,86.45,0,11.92,0,0,6,36.47,69,0,3,North America,Web
CUST_1579,Education,Enterprise,Pro,31.36,Social Media,11,1,1,0,12637.18,0,2,91,25,29,15,5,0.13,70.33,0,3.06,0,0,10,1.67,36,0,39,North America,Web
CUST_1580,Finance,Enterprise,Pro,94.34,Email,19,1,1,0,9428.89,0,4,67,22,129,18,1,0.12,37.42,0,20.43,0,0,5,20.41,92,1,44,Asia,Web
CUST_1581,IT,Mid,Basic,94.3,Social Media,17,0,0,0,2197.49,0,3,127,7,171,16,2,0.32,15.92,1,48.36,0,0,6,23.04,47,0,48,North America,Mobile
CUST_1582,Design,Small,Pro,102.18,Referral,46,0,0,0,910.17,0,7,135,18,21,10,2,0.48,38.47,1,37.82,0,0,14,40.86,77,0,48,Europe,Web
CUST_1583,Marketing,Enterprise,Enterprise,12.11,Paid Ads,13,0,1,0,11313.64,0,4,26,9,126,7,5,0.2,33.03,1,22.57,0,0,6,22.94,99,0,6,Australia,Web
CUST_1584,Finance,Small,Basic,116.43,Email,32,1,1,0,1282.6,0,4,68,15,158,24,3,0.13,58.41,1,19.92,0,0,1,25.01,39,1,49,Asia,Mobile
CUST_1585,IT,Small,Basic,110.78,Social Media,21,1,0,0,10217.96,0,1,77,23,178,29,5,0.29,128.92,0,18.76,0,0,7,44.84,23,0,44,North America,Web
CUST_1586,IT,Mid,Business,58.24,Referral,19,0,0,0,2368.52,0,4,142,17,37,5,5,0.32,19.26,1,32.44,0,0,12,44.75,60,0,53,North America,Web
CUST_1587,Education,Small,Enterprise,111.88,Organic,37,0,1,0,13612.41,0,5,58,3,98,7,0,0.22,82.8,1,31.59,0,0,12,34.99,96,1,17,Europe,Web
CUST_1588,Finance,Enterprise,Enterprise,99.44,Referral,38,1,0,0,10734.47,0,8,37,24,193,8,5,0.05,88.88,1,44.41,0,0,11,23.15,23,0,56,Australia,Mobile
CUST_1589,Design,Mid,Business,109.06,Paid Ads,40,0,1,0,10552.79,0,1,159,13,15,30,2,0.56,106.45,1,13.06,0,0,14,17.89,22,0,11,Australia,Mobile
CUST_1590,Education,Small,Enterprise,69.28,Paid Ads,20,0,0,0,3773.97,0,2,98,19,188,6,2,0.66,111.63,0,32.89,0,0,10,6.41,64,0,28,Australia,Mobile
CUST_1591,Design,Enterprise,Business,15.95,Social Media,23,0,1,0,9148.34,0,6,78,10,156,23,2,0.38,93.98,1,17.82,0,0,6,29.24,13,1,27,Australia,Desktop App
CUST_1592,Design,Mid,Basic,63.42,Referral,48,1,1,1,115.75,1,9,95,13,71,14,2,0.79,72.1,0,37.49,0,0,12,44.4,87,1,54,North America,Desktop App
CUST_1593,Marketing,Mid,Basic,34.67,Social Media,10,1,1,0,9445.91,0,8,79,1,24,20,3,0.67,49.6,0,46.1,0,0,14,19.77,97,0,55,North America,Web
CUST_1594,Design,Mid,Pro,42.03,Social Media,38,1,0,0,8043.51,0,5,53,1,171,27,4,0.09,142.33,0,49.16,0,0,1,31.92,19,0,15,Australia,Desktop App
CUST_1595,IT,Enterprise,Pro,29.89,Social Media,5,1,1,0,13007.83,0,5,75,16,66,22,2,0.17,77.93,1,15.83,0,0,6,9.7,46,0,38,Europe,Desktop App
CUST_1596,Marketing,Enterprise,Enterprise,55.29,Email,25,1,1,0,14150.86,0,10,93,9,33,9,4,0.49,108.97,1,15.25,0,0,3,43.38,9,1,52,Asia,Web
CUST_1597,Marketing,Small,Basic,84.63,Referral,20,1,0,1,11643.9,0,8,128,20,200,15,2,0.92,19.78,1,29.88,1,1,11,33.19,17,1,55,Asia,Web
CUST_1598,IT,Enterprise,Pro,67.38,Referral,5,0,1,0,13806.04,0,7,102,14,12,18,2,0.24,53.72,1,23.24,0,0,1,21.54,84,0,8,Europe,Web
CUST_1599,Finance,Enterprise,Pro,52.11,Organic,18,1,1,0,6894.61,0,5,129,9,141,6,4,0.93,27.41,1,48.67,0,0,3,19.18,58,1,53,Europe,Desktop App
CUST_1600,Design,Small,Pro,74.61,Email,36,0,0,0,4542.36,0,6,96,13,148,23,3,0.85,31.34,1,7.84,0,0,8,21.76,85,0,17,Asia,Mobile
CUST_1601,Healthcare,Mid,Enterprise,60.53,Email,48,0,0,0,13618.44,0,6,154,21,185,22,0,0.26,8.72,0,42.78,0,0,9,41.73,28,0,29,Europe,Desktop App
CUST_1602,Design,Small,Business,33.89,Email,46,1,1,1,2532.34,1,2,61,23,167,12,5,0.76,33,0,27.73,1,0,2,7.19,13,1,57,North America,Mobile
CUST_1603,Education,Mid,Basic,118.01,Email,38,1,1,0,6502.28,0,2,52,7,176,12,5,0.61,114.86,0,15.79,0,0,13,19.19,69,0,20,Australia,Mobile
CUST_1604,Marketing,Small,Enterprise,55.01,Email,1,0,1,0,10623.03,0,4,46,2,61,7,0,0.33,98.93,1,13.95,0,0,12,38.36,9,0,42,Asia,Mobile
CUST_1605,Design,Small,Pro,105.08,Organic,1,1,1,0,4941.34,0,7,36,10,158,16,2,0.4,21.44,1,48.75,0,0,7,34.78,34,1,8,Asia,Web
CUST_1606,Design,Mid,Basic,24.8,Referral,45,1,0,0,9307.5,0,10,8,3,8,6,4,0.77,115.82,0,2.47,0,0,11,12.07,32,0,12,North America,Mobile
CUST_1607,IT,Small,Basic,72,Paid Ads,34,0,1,0,3773.06,0,4,54,22,49,2,1,0.1,104.11,1,32.83,0,0,13,19.44,13,0,9,North America,Mobile
CUST_1608,Healthcare,Small,Pro,102.63,Referral,17,1,1,1,8734.18,0,10,93,17,3,9,4,0.14,83.96,0,27.27,0,1,3,15.4,29,1,42,North America,Mobile
CUST_1609,IT,Small,Enterprise,37.82,Paid Ads,26,0,0,0,13778.06,0,9,60,15,23,1,5,0.43,31.94,1,17,0,0,9,13.85,50,1,5,Australia,Mobile
CUST_1610,Design,Small,Business,43.64,Email,14,1,0,0,14844.64,0,7,40,16,91,21,3,0.45,101.06,0,45.17,0,0,9,4.66,68,1,53,Asia,Web
CUST_1611,Design,Small,Business,88.89,Social Media,2,0,0,0,14162.98,0,3,86,6,153,8,3,0.36,81.41,0,17.1,0,0,4,49.77,81,1,54,Australia,Mobile
CUST_1612,Education,Mid,Pro,107.55,Email,3,0,0,0,11004.25,0,8,110,22,44,4,3,0.1,111.63,0,45.45,0,0,14,24.49,51,1,41,North America,Web
CUST_1613,Education,Enterprise,Basic,116.89,Organic,44,1,0,1,14213.81,0,6,174,19,111,15,4,0.43,85.87,0,32.05,0,1,5,29.77,17,0,53,North America,Desktop App
CUST_1614,Finance,Small,Pro,63.94,Social Media,22,0,0,0,14823.49,0,7,166,4,116,23,4,0.09,141.52,1,15.72,0,0,9,20.71,78,0,43,Europe,Web
CUST_1615,Healthcare,Enterprise,Enterprise,101.14,Social Media,42,0,1,0,6037.9,0,2,62,4,40,15,2,0.04,49.52,0,47.48,0,0,12,40.4,19,0,46,Asia,Mobile
CUST_1616,Healthcare,Mid,Enterprise,28.05,Email,33,0,1,0,533.64,0,10,48,19,133,19,0,0.86,106.17,0,49.13,0,0,1,24.45,82,1,22,Asia,Web
CUST_1617,Design,Mid,Pro,35.63,Paid Ads,44,0,1,0,427.39,0,10,120,14,137,30,4,0.52,149.38,1,30.93,0,0,11,33.02,45,0,44,Australia,Desktop App
CUST_1618,Education,Enterprise,Business,39.24,Email,30,1,0,0,6242.36,0,1,101,9,119,17,3,0.45,123.25,1,18.7,0,0,8,17.41,91,1,24,Asia,Mobile
CUST_1619,IT,Mid,Basic,106.62,Social Media,43,0,0,0,3931.79,0,10,50,4,39,16,0,0.73,12.96,1,18.65,0,0,6,19.42,97,0,9,Australia,Web
CUST_1620,Design,Enterprise,Basic,50.76,Social Media,3,1,0,1,7058.4,0,2,154,9,36,27,5,0.58,94.32,1,15.91,1,0,2,35.82,23,0,19,Asia,Web
CUST_1621,Design,Mid,Pro,61.1,Paid Ads,37,1,1,0,1041.12,0,10,79,3,200,13,2,0.91,47.22,0,4.06,0,0,6,26.08,75,1,39,Asia,Mobile
CUST_1622,Design,Small,Business,82.54,Paid Ads,49,0,0,0,7540.35,0,4,115,19,200,6,5,0.57,19.06,0,40.25,0,0,6,35.37,39,0,57,Asia,Desktop App
CUST_1623,Finance,Small,Basic,72.7,Organic,15,0,0,0,11439.49,0,1,40,19,110,25,2,0.78,42.54,0,25.14,0,0,9,22.53,32,0,39,Asia,Mobile
CUST_1624,Healthcare,Small,Enterprise,108.34,Paid Ads,42,0,0,0,14444.49,0,10,157,15,92,9,3,0.37,82.29,0,46.08,0,0,1,39.38,71,1,13,North America,Desktop App
CUST_1625,Healthcare,Small,Basic,117.2,Email,6,1,1,0,6099.55,0,7,45,22,110,21,1,0.52,11.73,0,2.42,0,0,14,0.18,79,1,7,North America,Mobile
CUST_1626,Healthcare,Enterprise,Basic,73.66,Paid Ads,44,0,1,0,6689.95,0,5,130,6,9,16,1,0.76,110,1,39.03,0,0,4,37.52,89,1,33,Europe,Desktop App
CUST_1627,Marketing,Enterprise,Enterprise,96.76,Referral,48,1,0,0,5650.47,0,10,167,25,186,11,3,0.54,75.74,0,33.01,0,0,4,30.4,58,0,35,North America,Mobile
CUST_1628,IT,Small,Pro,73.39,Social Media,32,0,1,0,8527.03,0,3,164,24,38,13,5,0.44,63.66,0,0.63,0,0,5,33.51,5,1,9,Asia,Desktop App
CUST_1629,Education,Small,Pro,49.05,Paid Ads,10,0,0,0,964.15,0,10,103,20,20,28,3,0.56,65,1,26.86,0,0,7,1.39,31,1,20,Australia,Mobile
CUST_1630,Design,Enterprise,Pro,110.87,Email,42,1,1,1,3524.4,1,4,151,23,37,18,2,0.37,67.9,1,9.36,0,0,11,31.27,41,0,42,Asia,Web
CUST_1631,Design,Enterprise,Business,65.5,Email,35,0,1,0,9118.09,0,10,97,9,81,6,0,0.44,115.3,0,36.05,0,0,12,5.46,81,1,26,Asia,Desktop App
CUST_1632,IT,Small,Basic,39.25,Organic,34,1,1,1,2489.28,1,3,56,8,78,28,5,0.58,124.29,1,2.28,1,1,11,1.58,97,1,5,Australia,Web
CUST_1633,Design,Enterprise,Basic,92.83,Organic,1,1,1,1,4632.92,0,1,179,24,195,13,1,0.29,44.57,1,3.87,0,1,4,11.49,40,0,6,Australia,Desktop App
CUST_1634,Finance,Mid,Basic,83.17,Social Media,6,0,0,0,7782.41,0,3,156,4,177,12,2,0.21,118.14,1,25.99,0,0,2,45.2,18,0,53,North America,Mobile
CUST_1635,Healthcare,Mid,Pro,79.22,Social Media,23,1,0,0,12743.31,0,5,39,1,45,8,4,0.4,115.37,0,20.95,0,0,8,49.44,86,0,33,North America,Web
CUST_1636,Finance,Small,Business,99.81,Referral,32,1,0,0,9686.92,0,6,106,17,133,3,5,0.54,57.27,0,21.22,0,0,4,44.19,92,1,57,Australia,Desktop App
CUST_1637,Healthcare,Small,Enterprise,55.05,Social Media,8,0,0,0,4475.94,0,2,42,14,91,30,2,0.41,73.85,1,13.06,0,0,10,14.91,4,1,57,North America,Mobile
CUST_1638,Education,Enterprise,Business,12.42,Paid Ads,50,1,0,1,10317.06,1,9,119,4,75,13,0,0.57,128.2,1,47.58,1,1,12,3.58,38,0,14,Asia,Desktop App
CUST_1639,Finance,Mid,Pro,87.12,Referral,50,0,1,0,5102.95,0,6,87,11,48,13,1,0.44,125.49,0,18.39,0,0,9,41.73,72,1,25,Europe,Mobile
CUST_1640,IT,Mid,Business,64.54,Referral,25,1,1,0,14916.34,0,10,5,1,156,3,0,0.39,126.52,1,11.9,0,0,8,42.23,27,0,16,North America,Desktop App
CUST_1641,Education,Enterprise,Enterprise,85.28,Social Media,48,1,1,0,3795.98,0,3,145,22,121,11,4,0.83,25.85,1,18.35,0,0,13,6,95,0,13,North America,Web
CUST_1642,Healthcare,Enterprise,Basic,89.65,Paid Ads,47,1,0,1,10817.78,1,9,75,14,163,2,4,0.41,68.85,0,24.75,0,1,7,24.36,94,0,2,Europe,Web
CUST_1643,Design,Mid,Business,58.04,Referral,6,0,0,0,4556.04,0,10,102,12,143,28,0,0.42,131.57,0,27.52,0,0,11,30.65,83,0,42,Europe,Mobile
CUST_1644,Healthcare,Small,Business,113.32,Referral,28,0,1,0,13590.38,0,8,31,17,19,27,5,0.96,108.86,0,36.4,0,0,3,24.21,59,1,3,Asia,Desktop App
CUST_1645,IT,Small,Business,92.12,Organic,37,1,0,0,13698.77,0,3,169,22,135,13,1,0.18,96.66,0,47.53,0,0,8,47.29,72,0,17,Australia,Mobile
CUST_1646,Marketing,Mid,Business,105.46,Organic,14,0,1,0,1043.22,0,3,5,23,102,25,3,0.27,134.42,0,25.45,0,0,4,48.56,27,0,21,Europe,Web
CUST_1647,Design,Enterprise,Business,55.75,Social Media,37,0,0,0,6183.94,0,10,62,8,145,5,0,0.31,86.68,1,9.15,0,0,11,2.68,93,1,14,Asia,Desktop App
CUST_1648,Education,Small,Basic,100.64,Organic,43,0,1,0,13684.53,0,3,96,18,116,25,4,0.36,110.45,0,39.71,0,0,5,22.83,52,0,52,Australia,Mobile
CUST_1649,IT,Mid,Pro,22.99,Social Media,47,1,1,1,14976.75,1,5,104,12,125,5,5,0.07,80.28,1,23.03,0,1,2,24.84,45,1,28,Asia,Web
CUST_1650,Marketing,Enterprise,Pro,108.28,Social Media,16,1,1,0,9866.93,0,5,62,14,68,18,5,0.18,99.3,1,44.21,0,0,10,22.47,82,0,18,Australia,Web
CUST_1651,IT,Mid,Pro,64.33,Organic,36,1,1,1,2331.34,1,2,28,9,64,30,5,0.07,85.59,0,49.83,1,1,13,35.75,73,0,39,North America,Mobile
CUST_1652,IT,Small,Enterprise,33.34,Email,25,1,1,0,6355.61,0,10,9,2,102,14,5,0.95,53.2,1,9.6,0,0,14,5.47,21,0,50,North America,Web
CUST_1653,Healthcare,Small,Business,89.63,Organic,45,1,1,0,7524.65,0,3,153,9,104,7,1,0.75,52.07,0,39.79,0,0,2,3.34,54,1,0,Australia,Web
CUST_1654,Marketing,Small,Basic,27.53,Email,23,1,0,0,3402.51,0,1,83,19,156,17,1,0.11,119.94,1,20.7,0,0,4,10.44,51,0,44,North America,Desktop App
CUST_1655,Education,Enterprise,Business,18.86,Referral,4,1,0,1,8260.71,1,10,56,2,9,15,5,0.53,59.6,0,30.1,0,0,6,1.08,65,0,5,North America,Mobile
CUST_1656,Healthcare,Small,Basic,36.61,Paid Ads,6,0,0,0,4358.48,0,5,179,25,20,6,4,0.87,21.16,1,20.01,0,0,10,41.49,48,0,59,North America,Web
CUST_1657,Healthcare,Small,Enterprise,38.05,Email,6,0,0,0,1021.13,0,4,26,2,11,27,5,0.78,79.81,1,27.33,0,0,10,17.08,76,0,19,Australia,Mobile
CUST_1658,IT,Small,Enterprise,72.25,Referral,34,0,1,0,9869.95,0,8,160,19,109,25,3,0.21,43.95,0,31.36,0,0,4,35.83,19,1,42,Europe,Desktop App
CUST_1659,Education,Enterprise,Basic,30.23,Social Media,37,0,1,0,9663.35,0,4,118,10,176,29,2,0.26,22.19,0,6.61,0,0,3,47.06,20,0,30,North America,Web
CUST_1660,Healthcare,Enterprise,Pro,73.57,Email,36,1,1,0,13455.27,0,1,13,15,134,22,5,0.12,49.21,0,42.78,0,0,3,3.33,62,1,39,Australia,Mobile
CUST_1661,IT,Enterprise,Pro,40,Social Media,38,1,1,1,13316.84,1,6,13,1,89,20,3,0.81,147.31,0,39.79,0,1,13,10.36,75,0,5,North America,Web
CUST_1662,IT,Small,Basic,117.75,Organic,47,1,1,1,10175.77,1,8,58,6,33,27,0,0.76,51.19,0,7.92,1,1,12,15.38,75,1,25,North America,Mobile
CUST_1663,Design,Enterprise,Business,106.01,Paid Ads,23,0,1,0,13689.33,0,8,179,12,161,20,1,0.73,139.65,0,36.25,0,0,3,20.87,82,1,20,Europe,Web
CUST_1664,IT,Mid,Enterprise,94.27,Paid Ads,9,1,0,0,13548.12,0,8,114,4,67,26,2,0.56,36.23,0,21.3,0,0,7,40.92,65,0,47,Europe,Mobile
CUST_1665,Healthcare,Small,Enterprise,92.21,Email,30,0,1,0,5434.5,0,10,171,12,37,11,2,0.37,5.12,1,0.86,0,0,4,39.29,87,1,10,Europe,Mobile
CUST_1666,Design,Mid,Basic,81.81,Social Media,48,0,1,0,8794.5,0,1,52,23,100,27,0,0.47,80.17,1,1.45,0,0,6,36.89,9,0,1,North America,Mobile
CUST_1667,Healthcare,Enterprise,Enterprise,41.8,Email,46,1,0,0,11358.88,0,7,172,15,130,9,5,0.79,11.68,0,13.83,0,0,5,23.15,83,0,42,North America,Desktop App
CUST_1668,Education,Enterprise,Basic,114.46,Referral,4,1,1,1,13150.18,1,1,154,24,97,14,0,0.26,51.99,0,7.54,1,0,8,25.73,100,0,55,Europe,Mobile
CUST_1669,Design,Small,Pro,18.94,Email,26,0,1,0,1836.13,0,5,126,4,6,7,0,0.53,140.98,0,15.87,0,0,4,28.05,85,1,24,North America,Desktop App
CUST_1670,IT,Enterprise,Business,60.78,Social Media,32,0,1,0,7879.58,0,10,118,23,53,19,1,0.72,79.83,0,7.02,0,0,2,29.51,91,0,15,North America,Web
CUST_1671,Finance,Enterprise,Business,118.92,Paid Ads,41,1,1,1,4536.05,1,4,61,1,34,9,2,0.8,7.61,0,21.57,0,1,4,30.03,99,0,58,North America,Web
CUST_1672,Education,Mid,Enterprise,118.98,Email,14,0,0,0,14883.75,0,3,22,25,168,23,5,0.4,105.97,1,10.19,0,0,3,3.71,93,0,3,Australia,Web
CUST_1673,Finance,Mid,Basic,79.27,Paid Ads,11,1,1,1,810.17,1,5,78,24,96,22,4,0.75,13.95,1,7.66,1,0,7,16.79,33,0,4,Asia,Mobile
CUST_1674,Education,Mid,Enterprise,35.04,Email,30,0,0,0,9396.84,0,9,5,8,50,25,3,0.97,131.86,1,12.22,0,0,1,40.06,4,1,16,North America,Mobile
CUST_1675,Marketing,Small,Enterprise,73.98,Social Media,41,1,1,1,8383.8,1,9,177,23,72,25,4,0.15,76.19,0,10.38,1,0,1,0.54,59,1,18,Europe,Desktop App
CUST_1676,Healthcare,Small,Basic,104.78,Organic,3,0,1,0,11277.27,0,6,36,10,70,6,1,0.99,99.47,0,28.3,0,0,12,27.28,64,1,0,Australia,Mobile
CUST_1677,Finance,Enterprise,Enterprise,16.88,Organic,28,0,0,0,12952.17,0,10,172,11,126,1,5,0.65,17.81,0,23,0,0,5,45.17,62,0,13,Asia,Mobile
CUST_1678,Design,Small,Basic,86.03,Paid Ads,22,1,1,0,4306.08,0,4,102,20,166,7,2,0.53,75.45,0,37.53,0,0,12,29.37,23,0,17,Europe,Desktop App
CUST_1679,Design,Mid,Enterprise,69.39,Email,26,1,1,0,1986.68,0,4,130,21,26,22,2,0.24,14.3,0,27.16,0,0,11,29.14,69,0,57,Australia,Web
CUST_1680,Finance,Enterprise,Basic,88.17,Paid Ads,14,0,0,0,6695.52,0,5,101,5,147,22,2,0.33,131.9,0,19.18,0,0,4,1.29,19,0,45,Europe,Mobile
CUST_1681,Finance,Enterprise,Pro,29.53,Organic,44,1,1,1,12733.87,1,2,53,7,144,22,2,0.16,48.23,0,12.38,1,0,2,20.6,86,0,0,Australia,Mobile
CUST_1682,Finance,Enterprise,Basic,68.09,Organic,7,1,1,0,1194.81,0,9,104,12,63,26,5,0.07,42.92,0,32.22,0,0,5,5.08,73,1,18,Europe,Mobile
CUST_1683,Finance,Enterprise,Business,41.69,Organic,33,1,1,1,7983.84,1,9,168,4,172,24,1,0.37,106.99,1,34.77,0,1,10,18.27,40,1,42,Australia,Desktop App
CUST_1684,Finance,Enterprise,Basic,23.06,Referral,39,0,1,0,986.26,0,4,157,4,59,1,5,0.87,65.38,0,12.23,0,0,4,17.16,87,0,43,North America,Desktop App
CUST_1685,Design,Mid,Business,98.99,Paid Ads,20,1,1,1,5260.85,0,3,86,12,90,11,2,0.2,37.68,1,45.09,0,1,13,18.56,83,1,39,Europe,Mobile
CUST_1686,Finance,Enterprise,Basic,25.81,Referral,47,1,0,0,4860.29,0,2,37,6,5,28,2,0.26,30.92,1,46.16,0,0,11,30.83,27,0,46,Asia,Web
CUST_1687,Marketing,Small,Pro,61.86,Social Media,40,1,0,1,880.65,0,1,83,5,149,2,1,0.07,52.93,0,27.25,0,1,9,22.02,10,0,19,Asia,Web
CUST_1688,Finance,Enterprise,Basic,88.99,Social Media,48,1,1,0,13451.49,0,9,137,18,131,27,5,0.05,145.6,1,21.69,0,0,7,26.77,2,0,34,Australia,Web
CUST_1689,Design,Enterprise,Pro,105.19,Organic,2,1,1,0,7181.78,0,4,102,13,118,1,0,0.14,41.39,1,25.38,0,0,8,33.27,92,0,26,Australia,Web
CUST_1690,Finance,Mid,Basic,108.06,Social Media,44,0,0,0,5542.46,0,3,129,16,21,20,4,0.06,133.94,0,8.64,0,0,2,2.68,24,1,51,North America,Web
CUST_1691,Finance,Enterprise,Enterprise,90.29,Paid Ads,2,0,1,0,9520.65,0,7,61,15,80,23,1,0.86,50.86,0,25.58,0,0,3,38.17,80,1,49,Europe,Mobile
CUST_1692,Design,Mid,Business,46.58,Social Media,42,0,1,0,7925.43,0,1,103,9,100,7,4,0.01,147.79,0,26.43,0,0,14,31.68,83,1,33,Europe,Mobile
CUST_1693,Education,Enterprise,Business,119.31,Email,21,1,1,0,13196.7,0,4,87,20,1,19,1,0.54,77.1,0,32.18,0,0,8,3.86,4,1,48,North America,Web
CUST_1694,Design,Small,Basic,90.3,Paid Ads,25,1,1,1,3049.4,0,3,78,8,83,18,3,0.27,107.02,0,21.58,0,0,1,13.16,67,0,47,North America,Web
CUST_1695,IT,Mid,Business,37.28,Paid Ads,50,0,0,0,5323.54,0,1,11,24,75,14,5,0.52,144.02,1,21.06,0,0,1,0.24,3,0,31,Australia,Web
CUST_1696,Design,Small,Business,111.55,Social Media,3,0,0,0,12909.87,0,6,162,15,14,6,4,0.26,86.95,0,38.59,0,0,3,39.55,15,1,27,Australia,Web
CUST_1697,Finance,Small,Enterprise,100.06,Organic,16,1,1,1,9621.42,1,4,153,8,189,21,4,0.05,129.37,0,20.31,1,0,12,11.58,11,1,25,Europe,Mobile
CUST_1698,IT,Enterprise,Basic,54.26,Organic,42,1,1,1,1896.05,1,2,41,2,12,10,1,0.94,88.55,1,17.02,0,1,4,11.14,55,1,11,Asia,Desktop App
CUST_1699,Marketing,Small,Enterprise,30.91,Paid Ads,48,1,1,0,1423.88,0,4,29,23,101,5,3,0.24,40.36,1,18.87,0,0,14,47.19,67,0,58,Asia,Web
CUST_1700,Finance,Small,Pro,80.41,Social Media,11,0,1,0,7988.35,0,7,160,2,73,7,1,0.58,100.63,1,49.76,0,0,6,24.73,92,0,49,North America,Web
CUST_1701,IT,Mid,Pro,62.86,Social Media,39,1,0,0,9378.31,0,1,20,15,119,15,2,0.8,19.98,0,25.04,0,0,6,10.17,43,0,8,Asia,Mobile
CUST_1702,IT,Enterprise,Business,101.49,Email,19,1,0,0,6987.42,0,5,11,6,64,4,4,0.84,54.47,0,6.32,0,0,12,41.88,61,0,38,Europe,Web
CUST_1703,Design,Small,Enterprise,64.22,Organic,23,1,0,1,14011.21,1,9,15,5,99,2,5,0.05,110.63,1,3.39,0,1,7,13.34,36,1,46,Australia,Desktop App
CUST_1704,Design,Mid,Basic,51.36,Email,17,1,0,1,7379.08,1,6,29,25,141,4,2,0.5,98.38,1,11.09,0,1,7,24.79,16,1,11,Europe,Mobile
CUST_1705,Finance,Small,Pro,61.27,Email,24,1,1,0,1521.7,0,8,57,11,143,6,0,0.97,105.8,0,35.8,0,0,4,18.8,69,1,47,Asia,Web
CUST_1706,Marketing,Enterprise,Pro,53.93,Referral,9,0,0,0,14383.39,0,3,113,2,159,29,0,0.8,63.77,0,8.62,0,0,2,34.88,9,0,24,Europe,Desktop App
CUST_1707,Finance,Mid,Business,90.18,Paid Ads,23,1,0,0,9481.2,0,8,154,23,142,20,3,0.98,128.31,1,44.01,0,0,9,1.09,3,1,54,Australia,Desktop App
CUST_1708,Healthcare,Small,Pro,119.06,Email,7,0,0,0,1652.87,0,3,84,9,61,22,4,0.41,11.11,1,6.4,0,0,1,45.03,45,0,9,North America,Mobile
CUST_1709,Finance,Small,Basic,100.22,Referral,5,1,0,1,3037.97,0,4,107,23,1,23,2,0.13,127.21,0,13.75,1,1,12,8.16,74,1,38,Asia,Desktop App
CUST_1710,IT,Mid,Pro,89.15,Referral,22,1,0,0,5423.37,0,8,107,9,83,18,5,0.16,108.24,0,34.64,0,0,9,19.56,60,0,43,Europe,Mobile
CUST_1711,Finance,Small,Enterprise,46.69,Email,15,1,0,1,12223.7,1,10,35,17,138,6,5,0.49,136.25,1,31.5,1,1,8,32.21,40,1,49,Asia,Web
CUST_1712,IT,Mid,Basic,83.81,Social Media,38,1,0,1,11866.96,1,5,37,6,15,23,0,0.97,35.24,0,48.03,0,1,5,0.93,54,1,6,Asia,Desktop App
CUST_1713,Finance,Small,Business,37.85,Social Media,18,1,0,0,5380.92,0,3,146,5,137,25,2,0.02,37.24,1,28.15,0,0,3,2.28,52,1,24,Asia,Mobile
CUST_1714,Education,Enterprise,Business,54.55,Referral,26,1,1,1,13591.02,0,6,44,1,30,5,4,0.13,14.91,0,17.17,0,0,1,26.07,46,1,53,Europe,Mobile
CUST_1715,Design,Enterprise,Enterprise,33.82,Email,47,1,0,1,8000.19,0,4,148,24,144,7,1,0.08,30.79,0,49.32,0,1,14,11.07,83,0,54,Asia,Desktop App
CUST_1716,Healthcare,Enterprise,Business,107.21,Email,12,1,1,1,11986.31,1,8,105,22,161,21,5,0.17,38.52,0,5.04,1,1,6,37.85,88,1,58,Asia,Mobile
CUST_1717,Design,Enterprise,Basic,35.5,Referral,43,0,0,0,3721.24,0,1,82,5,31,12,3,0.93,88.96,1,42.73,0,0,4,28.85,26,1,49,Asia,Web
CUST_1718,IT,Small,Enterprise,46.8,Paid Ads,31,1,0,1,10481.71,0,6,142,13,102,24,3,0.09,71.2,0,48.83,0,1,2,40.54,2,0,54,North America,Mobile
CUST_1719,Design,Mid,Basic,119.43,Referral,5,0,1,0,6485.11,0,3,6,20,95,5,3,0.15,26.82,1,22.55,0,0,7,41.88,87,1,23,Australia,Desktop App
CUST_1720,Healthcare,Mid,Pro,83.11,Referral,12,1,0,1,8314.28,1,4,15,12,137,27,0,0.41,105.32,1,31.14,1,0,4,16.22,78,0,38,Asia,Mobile
CUST_1721,Healthcare,Mid,Business,43.34,Paid Ads,13,1,0,0,532.03,0,4,57,23,38,22,1,0.63,111.4,0,8.42,0,0,14,25.63,32,1,53,North America,Mobile
CUST_1722,Education,Small,Basic,83.11,Organic,44,0,0,0,5999.51,0,2,166,9,58,23,0,0.94,127.62,1,38.07,0,0,9,1.77,72,0,26,Australia,Mobile
CUST_1723,Marketing,Mid,Enterprise,49.27,Email,28,1,1,1,7707.18,1,4,43,2,151,1,2,0.07,53.53,1,29.62,0,1,13,40.29,2,0,44,North America,Mobile
CUST_1724,Finance,Mid,Enterprise,12.62,Organic,44,0,0,0,10722.01,0,8,66,11,78,10,0,0.93,100.4,0,9.81,0,0,9,39.28,98,0,1,Asia,Mobile
CUST_1725,Education,Enterprise,Basic,107.91,Social Media,16,1,1,1,12969.36,1,8,13,15,13,28,4,0.85,130.12,0,36.78,1,0,14,13.87,18,1,57,Asia,Desktop App
CUST_1726,Healthcare,Small,Basic,73.59,Social Media,6,0,0,0,14615.23,0,5,9,23,114,16,5,0.54,38.99,0,43.94,0,0,9,20.23,34,1,36,Europe,Mobile
CUST_1727,Marketing,Mid,Enterprise,23.52,Paid Ads,5,1,1,1,9700.91,1,10,166,21,189,25,1,0.74,140.14,0,9.04,0,0,4,23.6,57,0,59,Australia,Mobile
CUST_1728,Finance,Small,Basic,63.59,Referral,18,1,1,1,8068.86,0,7,106,24,155,4,0,0.21,19.49,1,30.08,1,1,10,27.39,42,0,42,Australia,Desktop App
CUST_1729,Healthcare,Mid,Enterprise,119.12,Email,42,0,0,0,2014.79,0,9,97,24,23,16,3,0.25,80.4,1,24.79,0,0,2,32.92,56,0,38,Australia,Web
CUST_1730,Healthcare,Enterprise,Enterprise,21.86,Organic,17,1,1,0,3856.39,0,5,94,14,182,1,5,0.83,92.65,0,22.26,0,0,5,1.48,76,1,28,Asia,Web
CUST_1731,Finance,Enterprise,Enterprise,38.53,Paid Ads,8,0,1,0,10567.37,0,1,133,11,177,20,5,0.37,130.96,1,34.36,0,0,14,0.55,18,0,21,Australia,Desktop App
CUST_1732,IT,Mid,Enterprise,96.35,Organic,42,0,0,0,12515.65,0,7,145,18,172,25,0,0.96,145.11,1,1.57,0,0,4,45.15,2,1,12,Australia,Web
CUST_1733,Healthcare,Mid,Enterprise,52.24,Organic,9,1,1,1,8606.4,1,9,52,19,123,12,3,0.4,10.9,1,18.56,1,1,7,29.58,92,0,27,Asia,Mobile
CUST_1734,Finance,Small,Enterprise,46.56,Social Media,45,1,1,1,4536.44,1,3,142,6,34,3,1,0.99,32.6,0,9.04,1,1,11,47.2,51,0,48,Asia,Desktop App
CUST_1735,Marketing,Mid,Enterprise,32.98,Social Media,7,0,1,0,6925.85,0,10,56,19,87,14,2,0.79,39.58,0,24.98,0,0,10,14.17,95,1,33,Europe,Web
CUST_1736,Education,Mid,Pro,84.88,Organic,33,0,0,0,8390.33,0,5,17,18,140,14,1,0.54,120.22,0,48.9,0,0,5,25.2,44,0,37,Europe,Mobile
CUST_1737,Education,Enterprise,Enterprise,106.42,Paid Ads,41,0,0,0,11509.46,0,9,32,1,121,4,0,0.54,84.28,0,1.61,0,0,7,16.84,67,1,39,North America,Mobile
CUST_1738,Finance,Mid,Business,17.46,Social Media,11,1,1,1,426.59,1,10,148,5,100,14,3,0.5,59.96,0,10.07,1,0,4,15.45,35,0,43,Europe,Mobile
CUST_1739,Finance,Small,Enterprise,75.04,Email,43,1,1,1,1985.17,0,3,48,8,3,4,2,0.04,137.73,1,30.14,1,1,3,37.89,9,0,28,Asia,Web
CUST_1740,Healthcare,Mid,Business,61.64,Social Media,14,0,0,0,7209.36,0,7,123,20,133,4,5,0.24,98.55,1,31.35,0,0,2,8.38,78,0,30,North America,Web
CUST_1741,Design,Enterprise,Business,50.09,Paid Ads,32,1,0,0,8756.09,0,7,83,12,28,23,0,0.19,50.59,0,24.84,0,0,5,29.83,37,0,34,Europe,Web
CUST_1742,Education,Mid,Basic,112.03,Referral,26,1,0,1,11571.87,0,6,125,8,151,11,1,0.07,131,0,37.53,0,0,10,41.01,32,1,38,Europe,Mobile
CUST_1743,IT,Enterprise,Business,38.34,Social Media,18,1,0,1,7678.65,0,3,37,5,47,8,0,0.35,102.79,0,27.4,1,1,7,19.36,83,0,1,North America,Mobile
CUST_1744,Finance,Small,Basic,29.82,Social Media,22,0,0,0,12223.26,0,10,120,19,65,15,1,0.87,98.8,1,29.5,0,0,2,6.25,58,0,8,Europe,Web
CUST_1745,Marketing,Mid,Business,80.72,Referral,41,0,1,0,9365.82,0,4,51,8,169,3,2,0.17,139.44,1,15.26,0,0,8,44.76,10,0,17,Asia,Mobile
CUST_1746,Finance,Enterprise,Basic,35.11,Organic,17,0,0,0,3436.05,0,2,118,14,62,9,1,0.47,102.55,0,3.56,0,0,12,26.38,61,1,7,Australia,Desktop App
CUST_1747,Marketing,Mid,Enterprise,33.39,Paid Ads,4,1,0,0,6782.2,0,6,72,16,156,20,4,0.58,145.69,0,24.15,0,0,2,32.39,83,0,0,Europe,Web
CUST_1748,Finance,Enterprise,Pro,15.47,Paid Ads,7,0,0,0,13806.25,0,1,150,15,198,10,3,0.62,111.37,0,17.48,0,0,12,11.52,69,0,16,Asia,Mobile
CUST_1749,Design,Small,Business,20.22,Referral,49,0,1,0,13980.45,0,4,112,8,93,1,3,0.19,15.36,1,28.67,0,0,6,0.85,83,0,40,Australia,Web
CUST_1750,Healthcare,Enterprise,Basic,37.22,Email,30,0,0,0,12969.96,0,4,21,25,191,15,1,0.82,66.11,1,35.54,0,0,9,44.34,74,0,59,Europe,Mobile
CUST_1751,Marketing,Enterprise,Basic,25.24,Organic,37,1,1,1,6482.35,1,10,48,5,90,7,3,0.81,12.24,0,32.6,1,1,7,6.59,55,0,52,Asia,Desktop App
CUST_1752,Finance,Enterprise,Enterprise,52.65,Organic,40,0,1,0,2868.54,0,2,148,6,113,9,4,0.71,26.01,1,17.84,0,0,4,49.03,58,1,56,North America,Mobile
CUST_1753,Design,Enterprise,Enterprise,87.72,Paid Ads,3,0,1,0,2660.48,0,1,21,22,196,18,3,0.1,37.37,0,36.48,0,0,12,31.53,42,1,47,Australia,Web
CUST_1754,Healthcare,Small,Pro,107.75,Paid Ads,41,1,0,0,12354.17,0,9,178,10,26,15,0,0.33,111.07,1,31.03,0,0,3,40.54,80,0,40,North America,Mobile
CUST_1755,Design,Enterprise,Enterprise,97.38,Paid Ads,17,1,1,1,12004.35,0,5,51,24,70,18,5,0.65,80.84,0,37.24,0,0,6,24.22,44,0,46,Australia,Web
CUST_1756,Healthcare,Mid,Business,89.54,Social Media,34,1,1,1,2654.25,0,3,62,16,59,18,1,0.48,137.01,0,42.53,0,0,10,14.29,52,0,4,Australia,Web
CUST_1757,IT,Enterprise,Enterprise,22.08,Email,38,1,0,0,13682.72,0,10,51,21,137,5,4,0.26,104.14,1,40.03,0,0,3,37.62,66,0,28,Europe,Desktop App
CUST_1758,Design,Mid,Business,16.81,Organic,24,1,0,1,14573.54,1,1,115,11,173,3,0,0.91,76.82,0,8.32,0,1,1,22.17,79,1,17,North America,Web
CUST_1759,IT,Enterprise,Basic,97.7,Organic,30,1,0,0,705.72,0,1,135,12,9,7,0,0.83,114.53,1,7.59,0,0,10,40.25,67,1,42,Europe,Desktop App
CUST_1760,Design,Mid,Basic,110.58,Paid Ads,31,0,0,0,5763.22,0,2,96,1,12,24,3,0.47,10.23,1,47.09,0,0,7,28.68,11,1,1,Australia,Mobile
CUST_1761,Marketing,Small,Enterprise,10.54,Organic,32,1,0,1,5857.56,0,9,50,10,12,5,5,0.55,138.31,0,20.14,1,1,11,11.35,4,0,33,Australia,Mobile
CUST_1762,Education,Mid,Pro,58.18,Social Media,4,0,0,0,1786.31,0,6,58,17,57,6,4,0.6,27.4,1,46.42,0,0,14,45.47,100,1,53,Australia,Desktop App
CUST_1763,Healthcare,Enterprise,Pro,87.2,Organic,12,0,0,0,14897.57,0,9,84,9,39,10,5,0.97,105.19,0,9.45,0,0,12,10.49,87,1,55,Europe,Web
CUST_1764,Design,Mid,Pro,73.05,Referral,7,1,0,0,7833.1,0,8,55,6,89,22,4,0.57,44.57,1,13.3,0,0,12,35.92,79,0,59,Europe,Mobile
CUST_1765,Design,Mid,Basic,101.76,Email,18,0,0,0,2029.82,0,5,48,25,27,9,2,0.88,24.79,1,14.01,0,0,12,16.37,71,0,42,Europe,Desktop App
CUST_1766,Marketing,Small,Enterprise,35.37,Email,11,1,1,1,14222.83,0,9,71,15,98,25,5,0.56,13.76,0,40.4,1,1,8,12.59,9,0,45,Australia,Web
CUST_1767,Design,Enterprise,Basic,81.74,Paid Ads,20,1,1,1,10770.74,0,9,10,4,124,25,1,0.17,71.1,0,29.65,0,1,5,8.98,75,0,6,Europe,Mobile
CUST_1768,Healthcare,Mid,Pro,51.5,Organic,26,0,0,0,8182.76,0,5,130,6,33,16,4,0.01,139.64,1,49.52,0,0,4,46.14,85,0,11,Europe,Mobile
CUST_1769,Design,Enterprise,Pro,19.99,Referral,14,0,1,0,9109.51,0,10,117,18,99,12,1,0.8,31.06,1,25.08,0,0,11,30.12,24,0,35,Asia,Mobile
CUST_1770,Design,Enterprise,Enterprise,77.15,Organic,40,1,1,0,2736.53,0,10,84,17,117,11,3,0.51,71.65,1,23.02,0,0,12,14.38,12,0,30,Australia,Mobile
CUST_1771,Finance,Enterprise,Business,83.41,Email,21,1,1,0,134.73,0,8,35,12,41,16,0,0.18,62.15,0,32.85,0,0,6,4.52,63,0,6,Europe,Web
CUST_1772,IT,Enterprise,Business,85.55,Email,5,0,0,0,2700.32,0,8,77,7,148,24,1,0.26,122.06,0,43.06,0,0,7,8.29,7,1,54,Europe,Desktop App
CUST_1773,Design,Enterprise,Pro,70.7,Referral,43,1,0,1,3452.83,1,9,121,22,156,6,2,0.07,5.74,1,5.43,0,1,11,31.75,73,0,28,Asia,Mobile
CUST_1774,Marketing,Mid,Enterprise,81.74,Email,48,0,0,0,6309.71,0,9,64,10,33,9,3,0.5,116.75,1,26.34,0,0,7,6.28,66,1,22,Australia,Desktop App
CUST_1775,Education,Mid,Business,82.88,Paid Ads,6,1,0,0,14797.33,0,7,36,12,19,2,1,0.45,50.01,1,16.2,0,0,13,10.08,90,1,14,Australia,Mobile
CUST_1776,Healthcare,Mid,Pro,93.73,Email,7,1,0,1,3588.03,1,5,128,15,174,24,3,0.55,11.4,1,10.96,0,0,8,16.82,43,0,26,Europe,Web
CUST_1777,Marketing,Enterprise,Basic,102.79,Email,13,0,0,0,4722.33,0,10,64,22,127,18,5,0.61,74.46,0,38.54,0,0,9,9.84,85,1,46,North America,Desktop App
CUST_1778,Education,Small,Business,31.12,Social Media,5,0,0,0,7388.86,0,5,125,16,147,3,2,0.51,9.83,0,27.88,0,0,13,16.44,56,0,50,Europe,Web
CUST_1779,Healthcare,Mid,Enterprise,36.28,Email,24,0,1,0,14092.9,0,7,50,13,118,2,1,0.93,133.28,1,42.2,0,0,3,42.05,50,0,11,Europe,Web
CUST_1780,Design,Enterprise,Pro,22.39,Referral,22,0,1,0,1596.96,0,1,82,23,147,14,0,0.62,7.2,0,48.68,0,0,1,14.27,16,0,3,North America,Web
CUST_1781,Education,Enterprise,Basic,50.8,Email,45,0,0,0,12258.82,0,9,155,10,24,25,5,0.17,89.25,0,17.42,0,0,14,26.79,20,0,39,Europe,Web
CUST_1782,Design,Mid,Business,69.71,Social Media,28,1,1,1,13591.49,0,1,57,1,192,29,2,0.46,51.23,0,33.87,0,0,3,35.14,16,0,1,Asia,Web
CUST_1783,Healthcare,Enterprise,Basic,106.16,Referral,33,1,1,0,9859.05,0,5,162,6,52,5,0,0.49,64.7,0,30.46,0,0,2,27.79,51,0,49,Australia,Mobile
CUST_1784,Finance,Mid,Enterprise,40.18,Referral,41,1,1,0,10587.74,0,1,101,24,198,22,2,0.83,70.73,1,48.5,0,0,4,25.06,1,0,7,North America,Desktop App
CUST_1785,Finance,Enterprise,Business,40.2,Referral,34,1,1,0,7220.11,0,4,141,21,129,28,5,0.18,46.84,0,49.77,0,0,13,15.39,71,1,31,Europe,Desktop App
CUST_1786,Finance,Mid,Basic,22.54,Email,1,1,0,0,11751.14,0,9,103,25,113,28,2,0.32,79.18,0,4.89,0,0,12,9.1,70,0,21,Asia,Desktop App
CUST_1787,Design,Small,Pro,70.71,Organic,27,1,1,1,2249.77,1,5,28,6,70,4,0,0.74,106.2,0,21.59,1,1,1,13.68,80,1,42,Europe,Web
CUST_1788,Marketing,Enterprise,Basic,75.11,Organic,32,0,1,0,11368.92,0,4,97,23,122,25,0,0.13,81.96,1,46.46,0,0,8,2.18,91,1,1,North America,Web
CUST_1789,Healthcare,Small,Pro,51.27,Social Media,39,0,0,0,11063.82,0,6,172,25,96,1,0,0.39,132.57,0,0.71,0,0,9,41.92,25,1,9,Europe,Web
CUST_1790,IT,Mid,Pro,45.64,Email,23,1,0,0,11358.01,0,7,47,13,34,20,0,0.85,109.05,1,41.08,0,0,3,30.43,5,0,2,Asia,Web
CUST_1791,Marketing,Mid,Enterprise,61.92,Paid Ads,5,1,1,1,5626.45,1,3,5,9,21,1,1,0.78,78.41,0,8.79,1,0,11,24.95,46,0,28,North America,Mobile
CUST_1792,Marketing,Small,Basic,116.18,Email,27,0,1,0,13720.22,0,4,33,9,50,1,2,0.89,26.88,0,23.28,0,0,2,10.86,1,0,26,Europe,Web
CUST_1793,IT,Enterprise,Pro,10.3,Email,1,0,1,0,10847.78,0,5,157,25,136,7,0,0.11,134.97,0,25.77,0,0,5,27.21,53,1,0,Asia,Desktop App
CUST_1794,IT,Mid,Business,15.25,Organic,28,1,1,0,13321.5,0,8,21,6,166,5,3,0.14,32.16,0,15.97,0,0,13,17.99,88,0,48,Australia,Desktop App
CUST_1795,IT,Enterprise,Business,38.79,Paid Ads,3,1,0,1,11887.3,1,5,57,23,197,29,3,0.23,86.65,1,38.79,1,1,5,38.45,13,0,35,Europe,Desktop App
CUST_1796,Healthcare,Enterprise,Enterprise,116.85,Social Media,17,0,0,0,1128.14,0,8,35,15,48,4,1,0.3,118.72,0,40.48,0,0,13,46.43,64,0,35,North America,Mobile
CUST_1797,Design,Mid,Pro,90.89,Referral,1,0,0,0,10851.21,0,4,72,4,176,17,3,0.02,126.74,1,32.2,0,0,8,42.42,6,0,39,Asia,Mobile
CUST_1798,Education,Enterprise,Enterprise,67.8,Social Media,23,0,0,0,5402.1,0,10,43,17,11,15,5,0.58,138.92,1,39.94,0,0,14,33.27,98,0,40,Asia,Desktop App
CUST_1799,Finance,Enterprise,Pro,10.69,Paid Ads,33,0,0,0,4797.67,0,4,99,14,182,11,2,0.06,66.8,0,25.31,0,0,4,17.44,49,1,51,Europe,Web
CUST_1800,Marketing,Small,Basic,65.82,Email,22,1,0,0,13461.21,0,5,166,15,167,29,3,0.29,131.33,0,9.71,0,0,10,33.22,77,0,30,Asia,Web
CUST_1801,Marketing,Enterprise,Basic,15.99,Social Media,13,1,0,1,2648.41,0,8,139,3,149,4,1,0.6,63.35,1,27.84,1,1,2,44.14,88,1,22,Australia,Web
CUST_1802,Education,Small,Pro,26.41,Email,39,0,0,0,1676.76,0,5,29,10,187,4,4,0.27,41.78,1,19.67,0,0,5,2.97,46,0,28,Asia,Desktop App
CUST_1803,Education,Mid,Basic,72.03,Paid Ads,30,0,0,0,14685.99,0,8,93,3,124,2,1,0.51,53.59,0,45.62,0,0,11,24.09,56,1,41,North America,Desktop App
CUST_1804,Finance,Mid,Enterprise,50.91,Social Media,33,0,0,0,3255.1,0,3,78,23,116,9,2,0.12,57.82,1,30.31,0,0,6,10.26,94,0,46,Asia,Desktop App
CUST_1805,Design,Small,Pro,53.35,Email,8,0,0,0,1665.99,0,8,116,25,159,13,4,0.9,74.04,1,4,0,0,8,33.43,47,0,21,Europe,Desktop App
CUST_1806,IT,Enterprise,Business,40.15,Organic,15,1,1,1,4781.31,0,10,159,15,11,18,0,0.41,86.58,1,28.46,0,1,7,25.21,76,0,38,Europe,Web
CUST_1807,Finance,Enterprise,Basic,26.07,Social Media,33,1,1,0,8260.03,0,5,27,4,67,19,5,0.63,142.11,1,29.42,0,0,5,24.98,82,0,6,Europe,Web
CUST_1808,IT,Enterprise,Basic,25.02,Paid Ads,41,1,0,1,4483.32,1,1,127,16,59,7,3,0.94,30.11,1,29.26,1,0,9,10.13,56,1,55,North America,Web
CUST_1809,Healthcare,Mid,Pro,89.49,Referral,35,0,0,0,13705.52,0,3,100,11,69,21,2,0.18,34,0,5.58,0,0,7,22,40,1,33,Europe,Desktop App
CUST_1810,Education,Small,Pro,76.47,Social Media,35,0,1,0,4001.53,0,2,33,8,60,8,4,0.79,8.09,0,34.47,0,0,2,4.57,86,0,25,Europe,Desktop App
CUST_1811,Design,Mid,Enterprise,72.96,Email,31,0,0,0,11925.32,0,6,74,6,30,23,4,0.36,89.27,0,27.05,0,0,9,0.21,95,1,51,Australia,Mobile
CUST_1812,Marketing,Small,Business,103.89,Social Media,12,0,1,0,10394.24,0,5,128,13,182,29,3,0.7,37.7,1,37.41,0,0,14,4.96,75,0,59,Europe,Web
CUST_1813,Design,Enterprise,Pro,34.52,Social Media,3,1,1,1,8098.54,0,10,157,2,60,14,5,0.79,107.27,0,36.24,1,0,12,7.81,74,1,41,Asia,Web
CUST_1814,Education,Enterprise,Enterprise,18.23,Referral,37,0,1,0,5732.92,0,10,81,15,173,19,2,0.69,57.04,1,7.28,0,0,2,27.02,13,1,57,Asia,Desktop App
CUST_1815,Education,Mid,Basic,51.29,Social Media,13,1,0,0,788.85,0,7,121,10,34,2,5,0.15,109.63,0,41.8,0,0,9,41.57,71,1,22,North America,Mobile
CUST_1816,Education,Mid,Basic,64.75,Organic,28,1,1,0,8697.45,0,2,34,14,7,29,4,0.86,10.58,0,43.96,0,0,2,44.8,12,0,13,Asia,Mobile
CUST_1817,Design,Small,Basic,109.97,Paid Ads,32,0,0,0,9049.97,0,10,60,14,56,29,1,0.18,127.53,1,7.4,0,0,10,0.12,11,0,35,North America,Mobile
CUST_1818,Design,Mid,Pro,95.9,Paid Ads,40,1,1,0,6262.9,0,7,30,20,180,10,3,0.5,24.73,0,45.23,0,0,14,17.79,55,0,37,Europe,Web
CUST_1819,Design,Small,Basic,73.16,Paid Ads,31,1,1,0,8621.28,0,1,37,9,180,21,3,0.63,75.71,0,36.04,0,0,2,49.93,86,0,36,Australia,Desktop App
CUST_1820,IT,Enterprise,Basic,54.78,Paid Ads,26,1,0,1,8118.88,0,5,81,20,129,19,4,0.52,24.15,0,4.77,0,0,6,18.98,43,0,32,Australia,Desktop App
CUST_1821,Marketing,Mid,Pro,68.77,Referral,15,1,1,0,2148.19,0,10,90,8,174,1,2,0.46,12.46,0,23.7,0,0,11,18,54,0,46,Europe,Mobile
CUST_1822,Healthcare,Small,Pro,25.04,Organic,46,1,1,0,4409.28,0,1,60,14,89,10,1,0.48,85.11,0,4.94,0,0,12,7.81,94,1,42,North America,Mobile
CUST_1823,Healthcare,Enterprise,Pro,19.55,Referral,15,1,1,1,514.39,1,3,105,7,98,18,0,0.69,80.35,1,14.57,1,0,6,4.74,33,1,19,Australia,Mobile
CUST_1824,IT,Mid,Basic,74.37,Social Media,45,0,0,0,1445.84,0,8,157,7,93,19,2,0.13,29.46,0,22.22,0,0,1,35.08,82,1,60,Europe,Web
CUST_1825,Healthcare,Enterprise,Basic,42.22,Organic,49,1,0,1,11144.78,1,1,136,9,185,28,4,0.35,129.81,0,26.84,0,1,10,20.71,19,0,59,Australia,Desktop App
CUST_1826,Healthcare,Small,Business,75.88,Social Media,31,0,1,0,9798.68,0,5,100,19,78,19,5,0.21,17.15,0,38.06,0,0,5,12.82,23,1,54,North America,Mobile
CUST_1827,Healthcare,Mid,Basic,51.88,Organic,6,0,1,0,12909.75,0,9,171,23,6,13,0,0.79,87.59,1,34.91,0,0,5,44.88,55,0,57,North America,Mobile
CUST_1828,Finance,Mid,Business,66.32,Social Media,16,1,0,0,6072.79,0,6,165,15,137,2,2,0.84,147.95,1,6.65,0,0,8,48.71,25,0,60,North America,Web
CUST_1829,Design,Mid,Pro,119.17,Social Media,30,1,1,1,9546.52,0,9,17,2,140,18,0,0.45,123.29,1,24.33,0,1,13,13.89,71,1,44,Australia,Desktop App
CUST_1830,Marketing,Enterprise,Enterprise,15.29,Social Media,14,1,0,1,2643.58,0,8,140,1,135,25,5,0.66,80.01,0,45.74,1,1,6,37.06,84,0,36,Europe,Web
CUST_1831,IT,Enterprise,Enterprise,107.73,Email,30,0,1,0,6576.5,0,1,28,8,177,14,1,0.46,16.73,0,42.74,0,0,8,7.73,84,0,30,Europe,Web
CUST_1832,IT,Mid,Pro,47.3,Referral,5,0,1,0,1060.84,0,3,96,2,2,5,2,0.44,145.25,1,43.17,0,0,5,10.64,57,1,55,Australia,Web
CUST_1833,Marketing,Enterprise,Pro,95.53,Email,11,1,0,1,9938.2,0,5,29,24,100,16,5,0.65,92.61,1,49.16,1,0,4,23.95,50,1,48,Europe,Mobile
CUST_1834,Design,Mid,Basic,108.94,Social Media,46,0,0,0,10574.9,0,1,15,11,190,4,5,0.44,138.18,0,19.24,0,0,10,44.85,77,0,29,Australia,Web
CUST_1835,IT,Enterprise,Pro,41.97,Social Media,26,1,0,1,128.25,0,6,29,7,86,4,1,0.98,78.44,0,29.11,1,0,5,47.65,94,0,3,Australia,Web
CUST_1836,Marketing,Small,Business,118.53,Social Media,17,0,1,0,9889.93,0,4,85,7,128,1,3,0.03,128.86,1,25.6,0,0,11,39.29,27,1,24,Europe,Mobile
CUST_1837,IT,Small,Basic,91.24,Email,13,0,0,0,13434.69,0,5,14,21,107,30,3,0.86,146.37,1,33.61,0,0,2,4.52,42,1,54,Australia,Mobile
CUST_1838,Education,Mid,Enterprise,90.76,Email,5,1,1,0,7767.22,0,9,116,6,83,15,2,0.72,12.79,1,49.14,0,0,13,44.82,94,0,30,Asia,Mobile
CUST_1839,IT,Enterprise,Pro,23.86,Social Media,41,1,0,0,8863.44,0,10,42,7,165,26,5,0.59,15.23,0,20.02,0,0,10,5.59,16,0,46,Europe,Mobile
CUST_1840,Healthcare,Small,Business,90.19,Paid Ads,36,0,1,0,6650.05,0,7,23,4,77,25,4,0.85,124.37,1,3.34,0,0,13,28.74,36,1,49,Europe,Desktop App
CUST_1841,IT,Mid,Business,52.77,Referral,15,0,1,0,4538.27,0,10,42,8,8,10,5,0.03,147.13,0,14.03,0,0,12,22.5,42,0,33,North America,Desktop App
CUST_1842,Finance,Mid,Pro,45.51,Social Media,15,1,0,0,770.52,0,5,158,16,29,17,3,0.87,67.94,0,6.61,0,0,1,33.28,45,1,21,North America,Web
CUST_1843,Healthcare,Enterprise,Basic,45.53,Paid Ads,25,1,1,0,4275.27,0,6,127,17,74,17,3,0.67,67.96,1,6.76,0,0,8,3.91,71,1,42,North America,Desktop App
CUST_1844,Finance,Mid,Enterprise,37.98,Social Media,46,0,1,0,795.85,0,3,45,12,82,10,1,0.16,142.24,0,44.25,0,0,9,12.62,14,0,38,North America,Desktop App
CUST_1845,IT,Mid,Pro,85.24,Organic,20,1,1,1,4559.83,0,5,144,13,108,30,1,0.45,86.03,1,29,0,1,3,40.55,1,0,28,North America,Desktop App
CUST_1846,Healthcare,Enterprise,Enterprise,119.56,Paid Ads,10,0,0,0,2376.56,0,4,92,3,156,7,0,0.47,24.85,1,30.82,0,0,14,42.46,96,0,35,Australia,Desktop App
CUST_1847,Finance,Small,Basic,52.49,Email,35,0,1,0,10381.95,0,9,49,18,95,27,0,0.09,39.9,0,35.38,0,0,8,44.92,21,0,58,North America,Desktop App
CUST_1848,Healthcare,Enterprise,Pro,53.4,Referral,44,0,1,0,2586.49,0,5,127,9,18,24,5,0.93,55.32,1,9.45,0,0,11,30.44,87,1,55,Asia,Web
CUST_1849,Marketing,Mid,Business,55.85,Paid Ads,13,1,0,1,7881.04,1,5,104,8,181,6,3,0.63,7.17,0,21.09,0,1,11,5.27,70,0,5,Europe,Desktop App
CUST_1850,Healthcare,Mid,Business,92.65,Paid Ads,44,1,1,1,1126.94,1,10,105,23,123,11,3,0.35,95.79,1,36.57,1,1,11,0.3,61,0,35,North America,Web
CUST_1851,Design,Mid,Business,91.14,Organic,1,1,1,0,11811.82,0,6,164,24,88,8,4,0.74,77.95,1,48.49,0,0,11,1.86,74,1,4,Europe,Mobile
CUST_1852,IT,Mid,Pro,56.31,Referral,43,0,0,0,14204.4,0,1,143,21,28,6,1,0.95,148.9,0,15.92,0,0,6,32.11,30,1,17,Europe,Web
CUST_1853,Finance,Mid,Pro,74.01,Email,13,1,0,0,1561.56,0,2,103,17,124,21,1,0.07,107.44,0,13.02,0,0,12,4.01,6,1,23,Europe,Mobile
CUST_1854,Education,Mid,Business,63.94,Social Media,14,1,1,1,4599.68,0,9,122,20,153,19,5,0.33,37.5,0,5.09,0,0,4,26.48,61,1,3,Asia,Mobile
CUST_1855,Healthcare,Enterprise,Enterprise,29.17,Social Media,17,0,1,0,10576.36,0,9,58,20,54,28,2,0.69,66.38,1,9.8,0,0,11,0.22,48,0,59,Australia,Mobile
CUST_1856,Finance,Mid,Enterprise,55.47,Referral,22,1,1,1,13567.1,1,2,49,25,146,9,4,0.3,105.09,1,24.46,1,1,2,5.39,35,1,13,Europe,Desktop App
CUST_1857,IT,Small,Enterprise,77.15,Social Media,12,1,0,1,14515.78,1,1,89,4,40,12,0,0.06,72.5,1,23.59,0,1,7,40.06,71,0,6,Europe,Desktop App
CUST_1858,Healthcare,Enterprise,Business,45.71,Referral,25,1,1,0,1683.64,0,1,170,15,74,2,0,0.62,106.54,0,34.23,0,0,12,39.02,17,0,25,Asia,Desktop App
CUST_1859,Healthcare,Small,Enterprise,11.67,Email,13,0,0,0,4596.65,0,6,145,23,71,18,5,0.38,124.81,0,45.23,0,0,6,27.27,45,1,9,Australia,Mobile
CUST_1860,Finance,Mid,Enterprise,22.57,Organic,3,0,1,0,1600.84,0,1,52,11,18,15,1,0.81,10.91,1,38.62,0,0,5,36.74,99,0,29,Asia,Mobile
CUST_1861,IT,Small,Enterprise,73.21,Referral,15,0,0,0,9258.59,0,5,102,19,95,25,3,0.11,139,0,43.5,0,0,11,5.43,50,1,22,Asia,Web
CUST_1862,Finance,Enterprise,Basic,77.57,Email,46,0,0,0,12887.09,0,2,101,15,167,29,5,0.65,145.42,0,42.57,0,0,6,22.77,94,1,39,Europe,Desktop App
CUST_1863,IT,Enterprise,Enterprise,17.26,Paid Ads,44,0,1,0,10098.57,0,2,45,21,18,12,3,0.26,43.36,1,2.73,0,0,8,40.4,7,1,23,Australia,Desktop App
CUST_1864,Design,Mid,Enterprise,70.85,Social Media,40,1,1,1,7634.39,1,9,77,11,15,4,2,0.62,109.15,0,14.81,0,1,10,33.64,65,0,32,Asia,Desktop App
CUST_1865,Design,Mid,Basic,68.09,Paid Ads,28,0,1,0,7905.45,0,5,64,19,77,1,4,0.17,135.16,1,18.96,0,0,5,0.88,14,0,40,North America,Desktop App
CUST_1866,Marketing,Mid,Basic,47.86,Paid Ads,20,0,0,0,2811.01,0,10,12,9,59,16,3,0.06,140.79,1,24.62,0,0,5,0.94,22,0,14,Europe,Web
CUST_1867,Finance,Enterprise,Pro,36.89,Referral,46,1,0,1,4816.78,0,1,87,20,10,26,4,0.69,45.55,0,41.39,0,0,1,39.96,57,1,33,North America,Desktop App
CUST_1868,Finance,Mid,Pro,58.78,Social Media,10,0,1,0,1170.61,0,5,58,19,126,23,5,0.29,6.72,1,24.32,0,0,12,2.6,68,0,47,North America,Web
CUST_1869,IT,Mid,Enterprise,22.18,Organic,5,0,1,0,1043,0,5,127,17,36,1,0,0.73,88.36,1,35.44,0,0,3,15.64,44,1,56,North America,Desktop App
CUST_1870,Education,Mid,Pro,15.98,Paid Ads,19,1,1,1,3212.85,0,9,62,10,18,7,5,0.54,106.6,0,5.02,0,1,12,1.82,50,1,5,North America,Mobile
CUST_1871,Design,Mid,Basic,26.74,Organic,23,1,0,1,5778.59,0,4,76,7,185,23,2,0.41,60.62,0,42.61,1,0,2,36.41,71,0,56,Australia,Mobile
CUST_1872,Finance,Enterprise,Basic,23.33,Email,13,1,0,0,7800.84,0,8,113,8,77,3,4,0.38,44.59,1,18.22,0,0,13,47.1,8,1,36,North America,Mobile
CUST_1873,Education,Mid,Enterprise,31.82,Email,48,1,0,0,3996.5,0,4,156,20,153,17,1,0.19,95.34,1,32.07,0,0,10,42.87,82,1,46,Australia,Desktop App
CUST_1874,Design,Mid,Business,110.9,Organic,3,0,1,0,1932.32,0,8,62,6,53,27,5,0.42,69.49,1,39.68,0,0,14,14.59,11,0,31,Asia,Web
CUST_1875,Healthcare,Mid,Enterprise,85.13,Paid Ads,44,1,0,1,12120.49,1,8,69,21,122,27,3,0.96,117.92,0,18.75,0,0,10,8.25,30,0,17,Australia,Mobile
CUST_1876,Education,Small,Business,58.38,Paid Ads,44,0,0,0,10344.98,0,6,106,22,152,19,4,0.59,134.98,1,18.23,0,0,5,42.65,14,1,4,Australia,Desktop App
CUST_1877,Education,Small,Pro,37.8,Email,9,1,0,1,9293.37,0,9,141,3,1,14,5,0.19,77.74,0,24.41,1,1,9,9.37,55,1,41,Europe,Mobile
CUST_1878,Design,Small,Enterprise,18.05,Organic,39,0,1,0,14493.08,0,3,40,15,189,15,5,0.95,94.57,1,46.35,0,0,3,42.43,32,1,22,North America,Mobile
CUST_1879,Marketing,Enterprise,Pro,15.04,Social Media,15,1,0,1,11641,1,8,63,4,61,13,0,0.25,10.05,1,21.57,0,1,1,30.21,10,1,29,Europe,Mobile
CUST_1880,Education,Mid,Pro,75.36,Social Media,17,1,0,1,3325.37,0,3,41,5,56,7,5,0.54,65.25,1,14.27,1,1,10,8.34,73,0,33,Europe,Web
CUST_1881,Marketing,Enterprise,Enterprise,67.68,Email,21,0,0,0,13976.24,0,1,158,20,1,16,2,0.81,57.48,1,19.07,0,0,13,35.82,29,1,54,Asia,Mobile
CUST_1882,IT,Small,Business,39,Social Media,40,1,1,0,8899.16,0,8,72,13,102,9,3,0.42,144.15,0,18.11,0,0,1,48.97,30,1,10,Europe,Web
CUST_1883,Healthcare,Small,Business,67.51,Social Media,1,1,1,0,10660.73,0,7,54,5,150,29,3,0.55,61.81,0,48.27,0,0,9,8.95,91,0,4,Europe,Desktop App
CUST_1884,Education,Enterprise,Business,42.16,Paid Ads,50,0,1,0,4621.57,0,10,69,9,172,14,3,0.87,16.25,1,5.95,0,0,14,10.28,43,1,46,North America,Desktop App
CUST_1885,Education,Enterprise,Business,45.36,Social Media,14,0,0,0,3412.01,0,5,67,8,119,6,0,0.91,142.76,0,33.01,0,0,11,5.52,82,1,26,Europe,Mobile
CUST_1886,Design,Mid,Business,104.83,Email,33,0,0,0,8175.38,0,2,58,6,6,29,2,0.95,48.49,0,36.97,0,0,9,7.09,42,0,41,Asia,Mobile
CUST_1887,Healthcare,Small,Pro,113.14,Organic,43,0,0,0,14735.84,0,8,74,12,148,14,3,0.54,57.04,0,13.44,0,0,6,39.1,36,0,22,Europe,Desktop App
CUST_1888,Healthcare,Mid,Pro,67.4,Referral,29,1,1,0,2074.57,0,1,6,14,27,26,1,0.35,38.98,0,37.57,0,0,12,29.63,91,1,8,Asia,Mobile
CUST_1889,Design,Mid,Enterprise,110.79,Paid Ads,22,1,1,1,3186.7,0,9,163,4,26,19,5,0.21,22.26,0,44.78,0,1,5,7.46,59,0,24,Australia,Desktop App
CUST_1890,IT,Enterprise,Business,10.79,Social Media,31,0,1,0,7728.05,0,7,44,22,166,23,3,0.39,115.88,1,39.74,0,0,1,2.11,43,1,0,North America,Mobile
CUST_1891,Healthcare,Enterprise,Pro,36.3,Paid Ads,9,0,0,0,10647.81,0,9,64,21,192,11,5,0.72,137.5,1,35.88,0,0,14,39.19,10,0,18,Asia,Web
CUST_1892,Design,Enterprise,Pro,67.66,Paid Ads,28,1,0,0,6821.03,0,6,30,22,125,13,0,0.71,113.24,0,36.7,0,0,13,33.14,83,1,31,Australia,Web
CUST_1893,Design,Enterprise,Enterprise,105.21,Referral,18,0,1,0,3763.27,0,1,147,21,135,26,5,0.5,95.54,0,6.52,0,0,4,16.17,73,0,20,Asia,Web
CUST_1894,Healthcare,Enterprise,Pro,23.13,Paid Ads,31,1,1,0,10324.7,0,3,137,8,36,29,5,0.78,104.86,1,49.45,0,0,8,25.32,29,0,52,North America,Web
CUST_1895,Healthcare,Small,Basic,116.31,Paid Ads,44,1,1,1,6080.41,0,6,125,6,149,11,0,0.64,61.62,1,25.91,1,1,13,45.73,3,1,42,Europe,Web
CUST_1896,IT,Mid,Pro,46.61,Referral,37,1,1,1,10215.22,1,7,63,9,7,10,3,0.43,32.29,1,13.91,0,1,6,42.57,43,0,33,Asia,Mobile
CUST_1897,Healthcare,Mid,Business,17,Paid Ads,31,0,0,0,9946.86,0,6,139,10,19,20,0,0.32,109.22,0,9.78,0,0,1,48.97,2,1,36,Europe,Web
CUST_1898,IT,Mid,Basic,78.14,Email,19,1,1,1,8311.01,0,4,138,6,115,15,1,0.36,60.25,0,27.79,0,0,11,26.35,69,0,10,Australia,Web
CUST_1899,Marketing,Mid,Business,109.78,Email,29,1,0,0,9533.25,0,10,156,2,11,28,1,0.98,60.03,1,26.26,0,0,10,12.86,23,1,42,Asia,Desktop App
CUST_1900,Marketing,Small,Pro,32.7,Referral,4,1,0,0,5526.61,0,6,29,15,96,2,1,0.2,40.24,0,27.88,0,0,4,39.38,5,1,22,Europe,Desktop App
CUST_1901,Education,Small,Enterprise,64.56,Organic,37,0,1,0,14336.46,0,6,85,2,1,11,2,0.13,80.81,0,31.29,0,0,5,6.1,9,1,59,North America,Web
CUST_1902,Marketing,Mid,Business,71.61,Referral,28,0,1,0,9128.87,0,4,115,21,87,29,1,0.18,65.79,1,18.29,0,0,13,42.7,29,1,58,Asia,Desktop App
CUST_1903,Healthcare,Small,Business,112.19,Social Media,5,1,0,1,14557.27,1,3,178,1,128,9,4,0.57,123.66,1,15.57,0,0,8,9.25,15,0,2,Europe,Desktop App
CUST_1904,Marketing,Mid,Business,103.88,Referral,2,1,1,1,4584.31,0,3,139,13,24,5,3,0.14,46.36,0,23.11,1,1,13,42.69,11,1,9,Australia,Web
CUST_1905,Healthcare,Mid,Business,102.83,Email,40,1,1,1,4807.81,0,5,130,17,140,30,2,0.64,104.79,0,27.01,1,1,5,30.55,90,0,10,North America,Desktop App
CUST_1906,Design,Small,Business,32.89,Paid Ads,1,0,0,0,6494.62,0,1,109,4,53,14,4,0.55,20.23,0,6.66,0,0,12,47.65,57,0,20,Europe,Desktop App
CUST_1907,IT,Small,Enterprise,118.07,Organic,6,1,0,1,4746.55,0,2,55,19,148,10,0,0.91,107.91,1,23.34,0,1,8,14.38,16,0,41,Australia,Mobile
CUST_1908,Healthcare,Enterprise,Basic,15.93,Organic,6,0,0,0,11236.59,0,1,31,8,192,27,0,0.66,7.96,1,3.26,0,0,3,44.2,98,1,57,Asia,Mobile
CUST_1909,Marketing,Enterprise,Pro,12.05,Referral,24,1,0,1,3592.98,0,9,126,5,195,8,3,0.81,87.56,1,43.44,1,1,6,29.16,31,1,54,Asia,Mobile
CUST_1910,IT,Mid,Pro,76.54,Organic,27,0,0,0,12396.61,0,7,131,6,108,19,2,0.76,62.68,0,7.11,0,0,10,19.08,36,0,35,North America,Mobile
CUST_1911,Marketing,Enterprise,Business,39.19,Organic,42,1,1,0,4443.39,0,5,19,10,91,15,2,0.02,23.36,0,9.17,0,0,10,15.96,27,0,50,Australia,Mobile
CUST_1912,IT,Enterprise,Enterprise,101.48,Paid Ads,8,1,0,0,9024.21,0,9,81,22,168,30,4,0.04,53.64,0,47.92,0,0,12,47.61,65,0,28,North America,Mobile
CUST_1913,Marketing,Enterprise,Enterprise,13.81,Email,12,0,1,0,11742.3,0,8,10,7,176,4,0,0.71,100.28,0,7.69,0,0,7,6.55,57,1,17,Europe,Web
CUST_1914,Marketing,Small,Basic,40.43,Organic,38,0,1,0,14877.75,0,6,12,8,117,27,2,0.97,68.59,0,18.26,0,0,7,1.65,17,1,5,Asia,Desktop App
CUST_1915,IT,Mid,Pro,38.36,Referral,21,0,0,0,549.17,0,2,50,14,105,4,5,0.59,47.22,0,27.97,0,0,4,26.58,73,1,36,Asia,Web
CUST_1916,Finance,Mid,Enterprise,27.58,Organic,4,0,1,0,7146.76,0,2,115,10,79,15,4,0.16,99.23,1,40.97,0,0,8,46.32,47,1,51,North America,Desktop App
CUST_1917,Design,Mid,Business,23.87,Paid Ads,2,0,1,0,14905.1,0,6,76,7,41,7,2,0.4,48.49,0,17.46,0,0,12,23.4,84,1,48,Australia,Web
CUST_1918,Finance,Enterprise,Business,112.02,Email,31,1,0,1,14462.95,0,1,162,15,1,28,1,0.72,144.63,1,16.94,1,0,10,36.65,99,0,10,Europe,Mobile
CUST_1919,Finance,Small,Basic,36.5,Organic,49,0,0,0,2880.24,0,10,108,17,52,29,3,0.64,55.05,1,49.31,0,0,1,17.17,30,1,15,Asia,Web
CUST_1920,Finance,Mid,Basic,46.24,Email,5,1,0,1,4127.35,0,6,173,9,22,10,0,0.18,33.52,0,29.59,1,0,6,20.11,38,1,56,Australia,Web
CUST_1921,Education,Mid,Basic,113.05,Organic,36,0,1,0,6693.55,0,6,13,25,37,4,0,0.27,64.67,1,24.66,0,0,14,8.29,76,1,43,Australia,Web
CUST_1922,Marketing,Enterprise,Business,10.54,Social Media,37,1,0,0,11480.83,0,9,13,17,181,23,1,0.91,86.82,1,15.69,0,0,2,37.89,94,0,6,Europe,Desktop App
CUST_1923,Design,Mid,Business,23.78,Referral,46,1,0,1,13085.63,1,3,75,10,41,2,0,0.23,30.1,0,31.94,0,1,11,13.5,88,0,39,Australia,Mobile
CUST_1924,Finance,Enterprise,Pro,14.93,Email,18,1,1,0,6757.51,0,9,153,20,185,12,2,0.79,58.26,1,9.48,0,0,11,49,42,0,12,Europe,Web
CUST_1925,Marketing,Small,Enterprise,19.71,Paid Ads,47,1,1,0,12564.35,0,3,172,8,25,10,4,0.38,85.22,1,32.19,0,0,7,8.95,28,1,13,North America,Mobile
CUST_1926,Marketing,Enterprise,Basic,113.45,Social Media,20,0,1,0,9778.09,0,6,116,19,32,15,2,0.21,20.73,0,35.19,0,0,13,42.42,70,1,46,North America,Desktop App
CUST_1927,Education,Enterprise,Enterprise,41.6,Referral,11,0,0,0,8373.45,0,3,13,7,65,1,4,0.91,133.53,1,47.6,0,0,8,38.58,57,0,35,Asia,Web
CUST_1928,Marketing,Enterprise,Pro,23.63,Social Media,45,0,0,0,1437.89,0,1,141,20,196,26,2,0.92,109.72,0,5.21,0,0,12,0.45,97,0,51,North America,Mobile
CUST_1929,IT,Enterprise,Basic,74.86,Paid Ads,27,1,0,1,6190.83,0,6,58,2,196,30,3,0.09,116.86,0,24.13,1,0,8,23.94,100,1,0,Asia,Web
CUST_1930,Finance,Small,Enterprise,45.16,Social Media,4,0,0,0,2271.56,0,3,85,9,2,15,0,0.46,15.43,0,35.65,0,0,12,6.69,74,0,56,Europe,Desktop App
CUST_1931,Marketing,Small,Basic,118.61,Referral,47,1,0,0,3782.96,0,4,95,18,121,20,3,0.91,79.5,1,38.6,0,0,8,31.29,21,1,59,Asia,Web
CUST_1932,Design,Enterprise,Enterprise,80.02,Email,9,1,1,1,11857.21,0,3,19,22,134,10,1,0.55,37.11,0,17.94,1,0,6,9.11,55,0,11,Australia,Mobile
CUST_1933,Finance,Enterprise,Basic,106.07,Referral,48,0,1,0,10701.05,0,1,65,16,164,10,4,0.62,9.98,1,14.92,0,0,11,16.89,37,0,9,Asia,Mobile
CUST_1934,Marketing,Mid,Pro,80.2,Organic,26,0,1,0,9979.16,0,10,147,4,116,22,3,0.35,10.85,0,43.81,0,0,8,13.01,68,0,52,Australia,Desktop App
CUST_1935,Marketing,Small,Basic,110.33,Paid Ads,45,0,1,0,14177.31,0,2,80,24,106,8,4,0.58,16.13,0,24.02,0,0,10,33.88,26,1,12,Australia,Desktop App
CUST_1936,Design,Enterprise,Basic,39.86,Social Media,32,1,0,1,4930.52,1,1,57,25,33,22,2,0.88,147.86,0,45.72,0,0,7,0.73,86,1,7,Asia,Mobile
CUST_1937,Design,Mid,Business,102.84,Social Media,50,0,1,0,11947.35,0,8,28,24,134,18,1,0.91,109.01,0,6.1,0,0,5,42.34,63,0,14,North America,Web
CUST_1938,Finance,Enterprise,Business,12.07,Referral,29,1,0,0,13799.43,0,4,60,5,72,25,5,0.52,13.04,0,15.53,0,0,11,14.96,57,0,55,North America,Mobile
CUST_1939,Healthcare,Mid,Business,94.24,Social Media,32,0,0,0,8373.46,0,8,136,6,46,27,4,0.11,138.01,1,38.24,0,0,11,33.65,12,0,58,Asia,Desktop App
CUST_1940,Finance,Mid,Basic,107.27,Paid Ads,41,1,1,1,7436.94,1,6,153,24,74,6,2,0.8,84.05,1,10.09,0,1,10,17.73,96,0,32,North America,Web
CUST_1941,Marketing,Small,Pro,58.02,Social Media,2,1,0,1,6710.89,0,5,173,17,165,17,3,0.36,12.53,1,30.51,1,1,6,19.31,84,0,37,Asia,Mobile
CUST_1942,Healthcare,Mid,Enterprise,15.42,Organic,4,1,1,0,10728.87,0,5,132,5,183,10,5,0.1,16.99,1,30.94,0,0,1,44.1,80,0,57,North America,Desktop App
CUST_1943,Design,Enterprise,Basic,95.62,Organic,2,0,1,0,8695.47,0,3,138,13,36,9,3,0.46,61.92,1,1.79,0,0,1,25.61,73,1,36,Australia,Desktop App
CUST_1944,Marketing,Enterprise,Basic,56.7,Paid Ads,9,0,0,0,11071.23,0,4,15,13,47,18,5,0.67,21.4,1,35.53,0,0,12,35.72,77,0,28,North America,Mobile
CUST_1945,Design,Small,Basic,39.42,Referral,6,1,1,0,12933.21,0,2,15,17,9,27,4,0.87,78.34,0,17.49,0,0,6,11.14,45,1,20,Australia,Desktop App
CUST_1946,Marketing,Small,Basic,75.23,Paid Ads,45,1,0,1,6566.93,1,2,129,10,24,24,0,0.48,106.19,1,45.77,0,0,7,23.05,7,1,45,Australia,Desktop App
CUST_1947,Design,Small,Basic,110.75,Email,1,1,1,1,3939.74,0,6,45,3,93,1,3,0.38,7.31,1,23.16,0,0,7,29.57,90,1,37,North America,Desktop App
CUST_1948,Design,Small,Pro,22.99,Paid Ads,20,1,1,0,12705.36,0,4,158,23,141,28,2,0.43,100.46,1,35.39,0,0,10,35.79,21,1,42,Europe,Web
CUST_1949,IT,Enterprise,Enterprise,12.22,Referral,12,0,0,0,1167.06,0,6,23,22,184,2,5,0.67,59.5,1,26.97,0,0,9,49,91,0,0,Asia,Mobile
CUST_1950,Healthcare,Small,Business,38.23,Social Media,2,0,1,0,11657.14,0,1,84,25,14,17,1,0.79,80.73,1,12.63,0,0,7,9.22,41,1,1,Europe,Desktop App
CUST_1951,IT,Small,Business,105.79,Paid Ads,8,0,0,0,1512.63,0,4,98,11,156,18,0,0.21,110.85,1,30.59,0,0,13,3.63,67,1,24,North America,Desktop App
CUST_1952,Education,Enterprise,Enterprise,74.8,Email,10,1,0,1,4915.68,0,7,112,16,24,2,0,0.43,82.6,1,36.79,1,1,4,27.45,24,0,58,Asia,Web
CUST_1953,Education,Enterprise,Business,69.98,Referral,49,1,1,1,10377.8,0,2,93,4,176,26,1,0.18,139.51,1,12.03,0,0,10,17.47,72,1,52,Asia,Desktop App
CUST_1954,Design,Mid,Business,105.05,Referral,33,0,1,0,10965.03,0,9,27,4,84,17,5,0.51,136.3,1,47.47,0,0,11,7.79,25,1,11,Asia,Web
CUST_1955,Design,Small,Pro,27.56,Email,26,1,0,1,11640.39,1,6,89,24,128,20,0,0.54,55.01,0,14.52,1,1,10,7.55,32,0,59,Australia,Web
CUST_1956,Finance,Mid,Pro,62.07,Paid Ads,18,0,1,0,6585.48,0,5,170,6,18,19,2,0.16,5.77,1,18.97,0,0,14,33.62,82,0,27,Australia,Web
CUST_1957,Finance,Mid,Basic,101.23,Paid Ads,20,1,1,1,7483.37,1,3,86,5,70,30,4,0.06,40.36,1,48.1,0,0,4,20.51,36,0,10,Asia,Mobile
CUST_1958,Marketing,Small,Business,40.49,Social Media,22,0,1,0,1054.88,0,3,93,9,125,23,2,0.65,132.68,1,13.81,0,0,12,21.26,63,1,47,Australia,Web
CUST_1959,Design,Small,Basic,40.93,Social Media,43,1,1,1,13670.53,0,5,84,16,155,6,1,0.55,25.77,0,13.01,1,0,12,31.04,10,0,6,Australia,Desktop App
CUST_1960,Education,Mid,Enterprise,113.13,Organic,28,0,1,0,8470.83,0,10,77,11,93,15,4,0.48,90.04,1,44.84,0,0,2,27.58,50,0,18,Asia,Mobile
CUST_1961,Design,Mid,Business,89.28,Social Media,2,0,1,0,5667.49,0,5,136,12,103,27,1,0.04,72.98,1,16.26,0,0,12,26.22,11,0,52,North America,Web
CUST_1962,Marketing,Enterprise,Enterprise,39.01,Referral,16,0,1,0,11982.8,0,1,141,20,35,11,4,0.43,56.35,0,7.54,0,0,7,40.94,48,1,3,Australia,Web
CUST_1963,Marketing,Small,Business,34.06,Social Media,17,0,1,0,8721.5,0,3,140,5,185,26,1,0.83,130.29,0,36.73,0,0,6,22.78,95,0,22,North America,Web
CUST_1964,Finance,Small,Business,104.19,Paid Ads,46,1,0,0,4405.67,0,5,38,23,112,22,4,0.13,96.92,1,35.74,0,0,3,31.98,43,1,26,Australia,Web
CUST_1965,IT,Small,Pro,100.95,Organic,21,1,0,0,625.44,0,5,35,16,93,1,3,0.06,18.38,0,43.35,0,0,8,38.64,22,0,2,Australia,Desktop App
CUST_1966,Marketing,Mid,Basic,18.01,Paid Ads,6,0,0,0,357.87,0,1,147,5,125,27,0,0.52,37.11,1,45.27,0,0,8,2.5,77,1,1,Europe,Mobile
CUST_1967,Finance,Small,Pro,87.04,Social Media,45,1,1,0,6497.53,0,10,12,9,34,17,2,0.89,6.51,1,32.51,0,0,12,11.13,46,1,3,Europe,Mobile
CUST_1968,Finance,Small,Basic,54.33,Organic,5,1,0,1,12950.73,1,7,100,16,94,11,3,0.25,114.75,0,2.68,1,0,7,7.91,7,0,36,Australia,Desktop App
CUST_1969,Education,Small,Business,78.24,Paid Ads,12,1,1,1,1373.44,0,6,148,13,24,4,3,0.56,44.51,0,8.7,0,1,14,11.38,52,1,18,North America,Mobile
CUST_1970,IT,Mid,Basic,94.42,Social Media,9,0,0,0,7571.19,0,4,177,21,27,3,1,0.12,12.31,1,24.73,0,0,11,30.7,15,0,10,Australia,Desktop App
CUST_1971,Finance,Mid,Pro,96.03,Referral,32,0,0,0,1503.83,0,6,10,12,79,12,3,0.21,143.54,1,48.59,0,0,6,2.27,93,1,17,Asia,Web
CUST_1972,Healthcare,Enterprise,Enterprise,72.81,Social Media,1,0,0,0,11976.42,0,5,138,6,119,26,4,0.27,115.31,0,26.88,0,0,13,7.3,43,0,30,Asia,Web
CUST_1973,Healthcare,Enterprise,Pro,54.64,Organic,42,0,0,0,14443.36,0,4,49,12,80,22,2,0.69,125.36,1,39.86,0,0,6,38.96,94,1,6,Asia,Mobile
CUST_1974,Healthcare,Small,Basic,100.55,Social Media,7,0,1,0,13689.31,0,9,143,15,132,30,4,0.9,41.05,0,13.16,0,0,2,19.3,39,1,20,Europe,Web
CUST_1975,Education,Small,Business,98.16,Paid Ads,3,1,1,0,747.85,0,5,11,3,97,17,2,0.81,77.28,1,39.86,0,0,6,4.05,70,0,60,Europe,Web
CUST_1976,Education,Mid,Business,110.57,Referral,46,1,1,0,4379.79,0,5,78,25,110,26,0,0.55,76.3,1,27.46,0,0,14,42.45,54,0,26,Australia,Desktop App
CUST_1977,Healthcare,Mid,Business,105.94,Paid Ads,13,1,1,0,13662.56,0,5,30,13,49,29,3,0.48,27.35,0,32.37,0,0,2,31.16,96,1,47,Australia,Mobile
CUST_1978,Education,Small,Basic,27.65,Social Media,13,0,0,0,8274.78,0,2,113,21,192,2,4,0.5,91.28,0,17.78,0,0,10,26.14,82,0,13,Europe,Web
CUST_1979,Design,Small,Pro,74.58,Email,7,0,1,0,8074.47,0,8,141,10,167,9,3,0.08,21.7,1,9.18,0,0,12,46.85,22,1,19,Australia,Web
CUST_1980,Finance,Small,Basic,32.47,Social Media,2,0,1,0,9709.08,0,3,158,1,67,9,1,0.94,144.09,1,13.05,0,0,13,43.53,24,0,32,Europe,Mobile
CUST_1981,Marketing,Mid,Basic,100.28,Paid Ads,38,0,0,0,12241.58,0,8,110,1,189,8,3,0.32,58.95,0,27.08,0,0,2,15.41,78,0,34,Asia,Web
CUST_1982,IT,Enterprise,Enterprise,34.93,Paid Ads,15,0,0,0,10834.32,0,1,67,7,49,29,5,0.25,22.22,0,6.41,0,0,3,36.35,69,0,7,Australia,Web
CUST_1983,Finance,Mid,Pro,57.43,Referral,13,1,1,1,12457.03,1,9,27,2,142,11,0,0.92,119.94,0,30.99,1,1,7,10.89,3,0,49,North America,Desktop App
CUST_1984,IT,Mid,Business,114.65,Email,33,1,1,1,9758,1,4,147,18,61,5,4,0.34,39,1,2.98,0,0,14,35.58,21,0,29,Asia,Web
CUST_1985,Healthcare,Small,Basic,13.6,Paid Ads,17,1,1,0,4918.82,0,1,156,19,47,30,0,0.21,89.39,1,36.94,0,0,2,6.13,9,0,0,North America,Desktop App
CUST_1986,IT,Small,Enterprise,55.76,Organic,25,0,0,0,1680.53,0,7,54,5,2,25,5,0.99,69.23,1,8.43,0,0,6,5.11,99,1,59,Asia,Mobile
CUST_1987,IT,Enterprise,Basic,97.44,Organic,15,1,1,0,5086.76,0,3,173,11,146,7,3,0.42,138.63,0,46.4,0,0,5,1.57,42,0,25,Australia,Web
CUST_1988,Design,Enterprise,Basic,115.84,Organic,19,0,0,0,13428.08,0,5,81,12,41,7,3,0.93,106.26,1,11.64,0,0,3,30.2,91,1,60,Europe,Mobile
CUST_1989,Finance,Small,Basic,85.18,Referral,30,1,1,0,6346.84,0,7,26,2,93,24,2,0.34,120.32,1,18.4,0,0,8,29.28,55,1,46,North America,Mobile
CUST_1990,Design,Mid,Basic,24.53,Referral,49,0,1,0,9801.16,0,2,17,16,163,19,0,0.11,99.47,1,14.5,0,0,5,33.78,39,0,53,Asia,Web
CUST_1991,Marketing,Mid,Enterprise,30.08,Referral,13,0,0,0,10619.09,0,5,167,1,35,18,5,0.42,148.38,1,14.7,0,0,2,41.26,71,0,29,Australia,Web
CUST_1992,Marketing,Small,Pro,108.34,Organic,37,0,0,0,4864.74,0,6,108,12,135,30,4,0.47,7.63,0,10.86,0,0,6,1.92,79,1,40,Europe,Web
CUST_1993,Finance,Enterprise,Basic,56.53,Organic,7,1,1,0,10154.96,0,10,8,1,11,21,5,0.79,42.37,0,13.86,0,0,3,16.58,52,0,55,North America,Web
CUST_1994,Design,Enterprise,Business,84.72,Email,25,1,1,0,9775.46,0,8,153,4,116,22,3,0.32,18.71,0,16.28,0,0,4,8.13,28,1,47,Europe,Web
CUST_1995,Finance,Small,Enterprise,19.01,Paid Ads,30,0,0,0,2135.44,0,5,62,1,134,10,4,0.99,49.87,0,2.03,0,0,12,11.77,60,0,49,Europe,Mobile
CUST_1996,Healthcare,Mid,Pro,61.93,Email,32,0,0,0,2452.01,0,3,137,18,68,19,1,0.65,136.86,1,45.82,0,0,6,45.01,8,1,57,Europe,Mobile
CUST_1997,IT,Mid,Basic,72.05,Referral,50,1,0,1,6386.53,0,1,170,5,167,13,0,0.66,97.05,0,46.01,1,1,7,35.89,84,1,50,Asia,Web
CUST_1998,Healthcare,Small,Basic,77.1,Organic,30,0,1,0,173.95,0,5,107,23,92,11,1,0.39,70.02,0,36.46,0,0,7,9.97,72,1,47,Europe,Desktop App
CUST_1999,Finance,Small,Basic,65.35,Social Media,41,0,1,0,12630.25,0,2,143,7,123,10,5,0.11,85.04,0,15.3,0,0,11,18.78,82,0,14,Asia,Mobile
CUST_2000,Finance,Small,Pro,23.17,Paid Ads,21,1,0,0,5857.16,0,4,8,7,186,19,0,0.92,47.19,0,39.52,0,0,13,31.28,76,1,39,North America,Web
